{"features": "0.07,0.11,0.12,0.0,0.05,0.1,0.14,0.14,0.14,0.13", "model_type": "linear", "parameters": "0.9510808389423631,-0.044398704371597264", "x_min": 0.0, "x_max": 0.9928571428571428, "y_min": 0.0, "y_max": 0.99, "min_err": -0.09907606073832448, "max_err": 0.0901112999931084}