{"features": "0.07,0.11,0.14,0.06,0.12,0.15,0.14,0.14,0.07,0.0", "model_type": "linear", "parameters": "1.190154136520919,-0.06097200377477224", "x_min": 0.0, "x_max": 0.8499999999999999, "y_min": 0.0, "y_max": 0.99, "min_err": -0.04909405473419298, "max_err": 0.03934098773199124}