{"features": "0.14,0.14,0.14,0.06,0.12,0.1,0.0,0.13,0.11,0.06", "model_type": "linear", "parameters": "0.9648534496762667,0.0718428442134087", "x_min": 0.0, "x_max": 0.9857142857142857, "y_min": 0.0, "y_max": 0.99, "min_err": -0.0718428442134087, "max_err": 0.07370413775498363}