{"features": "0.14,0.14,0.14,0.06,0.02,0.05,0.14,0.08,0.1,0.13", "model_type": "linear", "parameters": "0.8798262081244803,0.07142652551721451", "x_min": 0.0, "x_max": 0.9928571428571428, "y_min": 0.0, "y_max": 0.99, "min_err": -0.07418435873120321, "max_err": 0.07719455787579116}