{"features": "0.14,0.06,0.02,0.06,0.12,0.15,0.14,0.14,0.11,0.06", "model_type": "linear", "parameters": "1.0120075095825403,-0.03558108002398902", "x_min": 0.0, "x_max": 0.9857142857142857, "y_min": 0.0, "y_max": 0.99, "min_err": -0.09813642408281392, "max_err": 0.08823720372350141}