{"features": "0.0,0.04,0.09,0.13,0.09,0.1,0.14,0.14,0.14,0.13", "model_type": "linear", "parameters": "1.190154136520919,-0.23099402327776047", "x_min": 0.14285714285714285, "x_max": 0.9928571428571428, "y_min": 0.0, "y_max": 0.99, "min_err": -0.049094054734193204, "max_err": 0.03934098773199102}