{"features": "0.0,0.08,0.15,0.13,0.09,0.1,0.14,0.08,0.1,0.13", "model_type": "linear", "parameters": "1.1067347984685418,-0.11686623858189388", "x_min": 0.14285714285714285, "x_max": 0.9928571428571428, "y_min": 0.0, "y_max": 0.99, "min_err": -0.04123873262789782, "max_err": 0.04255132495251884}