{"features": "0.0,0.08,0.15,0.13,0.14,0.15,0.14,0.08,0.07,0.06", "model_type": "linear", "parameters": "1.2575614922913978,-0.14635636106861277", "x_min": 0.14285714285714285, "x_max": 0.9857142857142857, "y_min": 0.0, "y_max": 0.99, "min_err": -0.06000000000000005, "max_err": 0.04809815228904313}