{"features": "0.07,0.11,0.15,0.13,0.14,0.15,0.14,0.08,0.03,0.0", "model_type": "linear", "parameters": "1.3199819981998202,-0.06504950495049505", "x_min": 0.0, "x_max": 0.8428571428571427, "y_min": 0.0, "y_max": 0.99, "min_err": -0.030936093609361004, "max_err": 0.03}