{"features": "0.07,0.11,0.15,0.13,0.14,0.13,0.07,0.07,0.07,0.06", "model_type": "linear", "parameters": "1.1055615406361503,-0.004871753730487871", "x_min": 0.0, "x_max": 0.9857142857142857, "y_min": 0.0, "y_max": 0.99, "min_err": -0.06013363284204731, "max_err": 0.07312230193840197}