{"features": "0.14,0.1,0.06,0.0,0.1,0.15,0.14,0.14,0.11,0.06", "model_type": "linear", "parameters": "0.97290782183205,-0.0011829891343455023", "x_min": 0.0, "x_max": 0.9857142857142857, "y_min": 0.0, "y_max": 0.99, "min_err": -0.11577750593653308, "max_err": 0.06726199899258833}