{"features": "0.14,0.1,0.08,0.06,0.12,0.15,0.14,0.14,0.07,0.0", "model_type": "linear", "parameters": "1.1033402922755746,-0.004655532359081671", "x_min": 0.0, "x_max": 0.8499999999999999, "y_min": 0.0, "y_max": 0.99, "min_err": -0.06820459290187886, "max_err": 0.05681628392484339}