{"features": "0.0,0.08,0.14,0.06,0.12,0.15,0.14,0.14,0.11,0.06", "model_type": "linear", "parameters": "1.2223142320856797,-0.18076515402451138", "x_min": 0.14285714285714285, "x_max": 0.9857142857142857, "y_min": 0.0, "y_max": 0.99, "min_err": -0.04308380258363709, "max_err": 0.03306724080821455}