{"features": "0.07,0.03,0.02,0.06,0.12,0.15,0.14,0.14,0.14,0.13", "model_type": "linear", "parameters": "1.0848491333190673,-0.16675797132463094", "x_min": 0.0, "x_max": 0.9928571428571428, "y_min": 0.0, "y_max": 0.99, "min_err": -0.09817737152639788, "max_err": 0.09}