{"features": "0.14,0.14,0.14,0.06,0.07,0.1,0.14,0.14,0.07,0.0", "model_type": "linear", "parameters": "1.0697829101921823,0.04110639381845971", "x_min": 0.0, "x_max": 0.8499999999999999, "y_min": 0.0, "y_max": 0.99, "min_err": -0.052410913928278124, "max_err": 0.05324134612663112}