{"features": "0.07,0.07,0.09,0.13,0.09,0.1,0.14,0.14,0.11,0.06", "model_type": "linear", "parameters": "1.0818333682863155,-0.07141704210990657", "x_min": 0.0, "x_max": 0.9857142857142857, "y_min": 0.0, "y_max": 0.99, "min_err": -0.046773454053702146, "max_err": 0.044143230089455476}