{"features": "0.07,0.11,0.14,0.06,0.12,0.1,0.0,0.13,0.14,0.13", "model_type": "linear", "parameters": "0.9507401849902577,-0.0034594969877493886", "x_min": 0.0, "x_max": 0.9928571428571428, "y_min": 0.0, "y_max": 0.99, "min_err": -0.0756406351481489, "max_err": 0.05697039260038961}