{"features": "0.0,0.08,0.15,0.13,0.14,0.15,0.14,0.01,0.07,0.13", "model_type": "linear", "parameters": "1.142370096529061,-0.10474430067775703", "x_min": 0.14285714285714285, "x_max": 0.9928571428571428, "y_min": 0.0, "y_max": 0.99, "min_err": -0.0744300677757237, "max_err": 0.08692544670363533}