{"features": "0.14,0.14,0.15,0.13,0.14,0.15,0.14,0.01,0.0,0.0", "model_type": "linear", "parameters": "1.4,0.0", "x_min": 0.0, "x_max": 0.7071428571428571, "y_min": 0.0, "y_max": 0.99, "min_err": -5.551115123125783e-17, "max_err": 2.220446049250313e-16}