{"features": "0.14,0.1,0.09,0.13,0.09,0.08,0.07,0.13,0.11,0.06", "model_type": "linear", "parameters": "0.980350080692358,0.03773671236277881", "x_min": 0.0, "x_max": 0.9857142857142857, "y_min": 0.0, "y_max": 0.99, "min_err": -0.03798677000017725, "max_err": 0.042113253054782085}