{"features": "0.07,0.07,0.09,0.13,0.09,0.1,0.14,0.08,0.1,0.13", "model_type": "linear", "parameters": "1.0190085653515248,-0.053081035506927166", "x_min": 0.0, "x_max": 0.9928571428571428, "y_min": 0.0, "y_max": 0.99, "min_err": -0.03806426887922276, "max_err": 0.034851974629697184}