{"features": "0.14,0.06,0.0,0.0,0.1,0.15,0.14,0.14,0.14,0.13", "model_type": "linear", "parameters": "0.9336706664739048,-0.04852970941159457", "x_min": 0.0, "x_max": 0.9928571428571428, "y_min": 0.0, "y_max": 0.99, "min_err": -0.15161486193436463, "max_err": 0.11181726181870749}