{"features": "0.07,0.07,0.08,0.06,0.12,0.15,0.14,0.14,0.11,0.06", "model_type": "linear", "parameters": "1.0978870105083702,-0.09550637065200202", "x_min": 0.0, "x_max": 0.9857142857142857, "y_min": 0.0, "y_max": 0.99, "min_err": -0.07501663385158519, "max_err": 0.06}