{"features": "0.14,0.1,0.09,0.13,0.14,0.15,0.14,0.08,0.03,0.0", "model_type": "linear", "parameters": "1.2223142320856797,-0.006148835155128596", "x_min": 0.0, "x_max": 0.8428571428571427, "y_min": 0.0, "y_max": 0.99, "min_err": -0.04308380258363703, "max_err": 0.03306724080821477}