{"features": "0.07,0.07,0.09,0.13,0.14,0.1,0.0,0.13,0.14,0.13", "model_type": "linear", "parameters": "0.9884860838125742,-0.03737036228191487", "x_min": 0.0, "x_max": 0.9928571428571428, "y_min": 0.0, "y_max": 0.99, "min_err": -0.0686911261556381, "max_err": 0.0695817864162479}