{"features": "0.14,0.1,0.09,0.13,0.09,0.1,0.14,0.01,0.07,0.13", "model_type": "linear", "parameters": "0.9521578935544024,0.05020624115387201", "x_min": 0.0, "x_max": 0.9928571428571428, "y_min": 0.0, "y_max": 0.99, "min_err": -0.06634157848621691, "max_err": 0.06648210554694356}