{"features": "0.14,0.1,0.09,0.13,0.09,0.05,0.0,0.13,0.14,0.13", "model_type": "linear", "parameters": "0.8871119750250341,0.05524592095187597", "x_min": 0.0, "x_max": 0.9928571428571428, "y_min": 0.0, "y_max": 0.99, "min_err": -0.08889733168404312, "max_err": 0.06456323260882368}