{"features": "0.0,0.04,0.08,0.06,0.12,0.15,0.14,0.14,0.14,0.13", "model_type": "linear", "parameters": "1.2451003041854378,-0.28229833275576605", "x_min": 0.14285714285714285, "x_max": 0.9928571428571428, "y_min": 0.0, "y_max": 0.99, "min_err": -0.051316083323707296, "max_err": 0.0577039775133803}