{"features": "0.14,0.1,0.09,0.13,0.14,0.13,0.07,0.0,0.07,0.13", "model_type": "linear", "parameters": "0.9614793602011595,0.05958720402318918", "x_min": 0.0, "x_max": 0.9928571428571428, "y_min": 0.0, "y_max": 0.99, "min_err": -0.08371236990989728, "max_err": 0.09099601871900531}