{"features": "0.14,0.14,0.15,0.13,0.09,0.08,0.07,0.0,0.07,0.13", "model_type": "linear", "parameters": "0.9269416992770451,0.10171187902102519", "x_min": 0.0, "x_max": 0.9928571428571428, "y_min": 0.0, "y_max": 0.99, "min_err": -0.10171187902102519, "max_err": 0.10102739271738409}