{"features": "0.07,0.07,0.09,0.13,0.04,0.05,0.14,0.14,0.14,0.13", "model_type": "linear", "parameters": "0.978513607648147,-0.05995700319473479", "x_min": 0.0, "x_max": 0.9928571428571428, "y_min": 0.0, "y_max": 0.99, "min_err": -0.09919362974706342, "max_err": 0.07843277845836027}