{"features": "0.07,0.11,0.15,0.13,0.09,0.08,0.07,0.13,0.11,0.06", "model_type": "linear", "parameters": "1.0367496232765316,-0.0033803546179326793", "x_min": 0.0, "x_max": 0.9857142857142857, "y_min": 0.0, "y_max": 0.99, "min_err": -0.04472673442157182, "max_err": 0.05905908749941913}