{"features": "0.14,0.1,0.09,0.13,0.04,0.05,0.14,0.08,0.1,0.13", "model_type": "linear", "parameters": "0.9102107267924067,0.043795539718621324", "x_min": 0.0, "x_max": 0.9928571428571428, "y_min": 0.0, "y_max": 0.99, "min_err": -0.06391595502856795, "max_err": 0.06261565399029306}