{"features": "0.14,0.14,0.14,0.06,0.07,0.05,0.0,0.13,0.14,0.13", "model_type": "linear", "parameters": "0.8591341057447327,0.08138829480575016", "x_min": 0.0, "x_max": 0.9928571428571428, "y_min": 0.0, "y_max": 0.99, "min_err": -0.09505551319484484, "max_err": 0.07314481783861193}