{"features": "0.14,0.1,0.08,0.06,0.07,0.1,0.14,0.08,0.1,0.13", "model_type": "linear", "parameters": "0.9207953933295325,0.026052060397173782", "x_min": 0.0, "x_max": 0.9928571428571428, "y_min": 0.0, "y_max": 0.99, "min_err": -0.05222085658547804, "max_err": 0.04972965622564751}