{"features": "0.0,0.08,0.15,0.13,0.09,0.1,0.14,0.14,0.11,0.06", "model_type": "linear", "parameters": "1.187966401721565,-0.14480476207004284", "x_min": 0.14285714285714285, "x_max": 0.9857142857142857, "y_min": 0.0, "y_max": 0.99, "min_err": -0.03403318177085146, "max_err": 0.03567630418937223}