{"features": "0.14,0.1,0.09,0.13,0.14,0.13,0.07,0.07,0.07,0.06", "model_type": "linear", "parameters": "1.044356939398246,0.03772085439205375", "x_min": 0.0, "x_max": 0.9857142857142857, "y_min": 0.0, "y_max": 0.99, "min_err": -0.052561484699021555, "max_err": 0.06550375166609146}