{"features": "0.14,0.1,0.09,0.13,0.04,0.03,0.07,0.13,0.14,0.13", "model_type": "linear", "parameters": "0.8791392326852158,0.04663899133054", "x_min": 0.0, "x_max": 0.9928571428571428, "y_min": 0.0, "y_max": 0.99, "min_err": -0.07459558610569406, "max_err": 0.07286661775211911}