{"features": "0.07,0.11,0.15,0.13,0.04,0.03,0.07,0.13,0.14,0.13", "model_type": "linear", "parameters": "0.9262207041739172,0.009395716525960496", "x_min": 0.0, "x_max": 0.9928571428571428, "y_min": 0.0, "y_max": 0.99, "min_err": -0.07098193379304418, "max_err": 0.09026841528646012}