{"features": "0.07,0.07,0.09,0.13,0.14,0.15,0.14,0.01,0.07,0.13", "model_type": "linear", "parameters": "1.0540551804617824,-0.042568142035509016", "x_min": 0.0, "x_max": 0.9928571428571428, "y_min": 0.0, "y_max": 0.99, "min_err": -0.06090772693173285, "max_err": 0.08720055013753436}