{"features": "0.07,0.11,0.12,0.0,0.1,0.13,0.07,0.13,0.14,0.13", "model_type": "linear", "parameters": "0.9618523898457498,-0.03676696410043606", "x_min": 0.0, "x_max": 0.9928571428571428, "y_min": 0.0, "y_max": 0.99, "min_err": -0.07545548869059959, "max_err": 0.07178494846787031}