{"features": "0.14,0.1,0.06,0.0,0.1,0.15,0.14,0.08,0.1,0.13", "model_type": "linear", "parameters": "0.9267077135045539,0.009140384491183817", "x_min": 0.0, "x_max": 0.9928571428571428, "y_min": 0.0, "y_max": 0.99, "min_err": -0.10630083313599265, "max_err": 0.06077124281500912}