{"features": "0.14,0.1,0.09,0.13,0.09,0.1,0.14,0.08,0.07,0.06", "model_type": "linear", "parameters": "1.024638270672323,0.0317171247602997", "x_min": 0.0, "x_max": 0.9857142857142857, "y_min": 0.0, "y_max": 0.99, "min_err": -0.037804637108489914, "max_err": 0.03639839618804119}