{"features": "0.0,0.08,0.15,0.13,0.14,0.13,0.07,0.13,0.11,0.06", "model_type": "linear", "parameters": "1.1978868004672403,-0.13303493681639583", "x_min": 0.14285714285714285, "x_max": 0.9857142857142857, "y_min": 0.0, "y_max": 0.99, "min_err": -0.03809174896463849, "max_err": 0.04852819369225847}