{"features": "0.14,0.14,0.15,0.13,0.14,0.13,0.07,0.07,0.03,0.0", "model_type": "linear", "parameters": "1.2575614922913978,0.03329528068730103", "x_min": 0.0, "x_max": 0.8428571428571427, "y_min": 0.0, "y_max": 0.99, "min_err": -0.06000000000000005, "max_err": 0.04809815228904313}