{"features": "0.14,0.06,0.03,0.13,0.14,0.15,0.14,0.01,0.07,0.13", "model_type": "linear", "parameters": "0.9885504362467478,0.004255319148935954", "x_min": 0.0, "x_max": 0.9928571428571428, "y_min": 0.0, "y_max": 0.99, "min_err": -0.086698300933721, "max_err": 0.0866983009337211}