{"features": "0.14,0.1,0.09,0.13,0.09,0.1,0.14,0.14,0.07,0.0", "model_type": "linear", "parameters": "1.1048481571595925,0.01044516536000717", "x_min": 0.0, "x_max": 0.8499999999999999, "y_min": 0.0, "y_max": 0.99, "min_err": -0.04178696945120286, "max_err": 0.040433901054339305}