{"features": "0.14,0.14,0.15,0.13,0.04,0.03,0.07,0.07,0.1,0.13", "model_type": "linear", "parameters": "0.8812929794486808,0.09590017930681172", "x_min": 0.0, "x_max": 0.9928571428571428, "y_min": 0.0, "y_max": 0.99, "min_err": -0.09590017930681172, "max_err": 0.12269777935410142}