{"features": "0.07,0.07,0.09,0.13,0.14,0.13,0.07,0.07,0.1,0.13", "model_type": "linear", "parameters": "1.024085921143887,-0.04118212871319232", "x_min": 0.0, "x_max": 0.9928571428571428, "y_min": 0.0, "y_max": 0.99, "min_err": -0.05141384875648969, "max_err": 0.05599017377382831}