{"features": "0.07,0.11,0.15,0.13,0.09,0.05,0.0,0.13,0.14,0.13", "model_type": "linear", "parameters": "0.9319147545270315,0.019723475191213924", "x_min": 0.0, "x_max": 0.9928571428571428, "y_min": 0.0, "y_max": 0.99, "min_err": -0.0853768712819506, "max_err": 0.08088448715434399}