{"features": "0.07,0.07,0.09,0.13,0.09,0.08,0.07,0.13,0.14,0.13", "model_type": "linear", "parameters": "0.9869670743972874,-0.04994682036364512", "x_min": 0.0, "x_max": 0.9928571428571428, "y_min": 0.0, "y_max": 0.99, "min_err": -0.05502966134870302, "max_err": 0.0600295107834814}