{"features": "0.07,0.11,0.15,0.13,0.14,0.13,0.07,0.13,0.07,0.0", "model_type": "linear", "parameters": "1.2195045985856143,-0.03983987395111949", "x_min": 0.0, "x_max": 0.8499999999999999, "y_min": 0.0, "y_max": 0.99, "min_err": -0.03437506870396825, "max_err": 0.042980103330768404}