{"features": "0.14,0.1,0.09,0.13,0.14,0.13,0.07,0.13,0.07,0.0", "model_type": "linear", "parameters": "1.1393348440841338,0.01159650186716027", "x_min": 0.0, "x_max": 0.8499999999999999, "y_min": 0.0, "y_max": 0.99, "min_err": -0.0371207430340556, "max_err": 0.037355015799048985}