{"features": "0.14,0.1,0.09,0.13,0.09,0.08,0.07,0.07,0.1,0.13", "model_type": "linear", "parameters": "0.9220314622772646,0.051766304205286384", "x_min": 0.0, "x_max": 0.9928571428571428, "y_min": 0.0, "y_max": 0.99, "min_err": -0.051766304205286384, "max_err": 0.053077354818743094}