{"features": "0.14,0.06,0.03,0.13,0.04,0.05,0.14,0.14,0.14,0.13", "model_type": "linear", "parameters": "0.9138811697763661,-0.010898504697631262", "x_min": 0.0, "x_max": 0.9928571428571428, "y_min": 0.0, "y_max": 0.99, "min_err": -0.11131930660314937, "max_err": 0.09354505756252496}