{"features": "0.14,0.06,0.02,0.06,0.12,0.15,0.14,0.08,0.1,0.13", "model_type": "linear", "parameters": "0.9623756146442635,-0.02330800960126761", "x_min": 0.0, "x_max": 0.9928571428571428, "y_min": 0.0, "y_max": 0.99, "min_err": -0.08913868238913103, "max_err": 0.08269989047097473}