{"features": "0.14,0.14,0.12,0.0,0.1,0.13,0.07,0.07,0.1,0.13", "model_type": "linear", "parameters": "0.9022714893788709,0.06062072582760075", "x_min": 0.0, "x_max": 0.9928571428571428, "y_min": 0.0, "y_max": 0.99, "min_err": -0.06062072582760075, "max_err": 0.07803221641685665}