{"features": "0.07,0.11,0.14,0.06,0.02,0.05,0.14,0.14,0.14,0.13", "model_type": "linear", "parameters": "0.9335950385960282,-0.02114468562380417", "x_min": 0.0, "x_max": 0.9928571428571428, "y_min": 0.0, "y_max": 0.99, "min_err": -0.11233819357392616, "max_err": 0.08421818301774775}