{"features": "0.07,0.11,0.15,0.13,0.04,0.05,0.14,0.08,0.1,0.13", "model_type": "linear", "parameters": "0.9598205110639176,0.005491539357402042", "x_min": 0.0, "x_max": 0.9928571428571428, "y_min": 0.0, "y_max": 0.99, "min_err": -0.05396040282249781, "max_err": 0.08001267383708988}