{"features": "0.07,0.11,0.14,0.06,0.07,0.1,0.14,0.08,0.1,0.13", "model_type": "linear", "parameters": "0.9771906437007066,-0.016629101309012795", "x_min": 0.0, "x_max": 0.9928571428571428, "y_min": 0.0, "y_max": 0.99, "min_err": -0.04176555223424816, "max_err": 0.037431774537382334}