{"features": "0.07,0.07,0.08,0.06,0.12,0.15,0.14,0.08,0.1,0.13", "model_type": "linear", "parameters": "1.0362300971067908,-0.0771470464739637", "x_min": 0.0, "x_max": 0.9928571428571428, "y_min": 0.0, "y_max": 0.99, "min_err": -0.06695156657180379, "max_err": 0.05}