{"features": "0.14,0.14,0.15,0.13,0.04,0.03,0.07,0.13,0.11,0.06", "model_type": "linear", "parameters": "0.9388877775555107,0.08323064612922598", "x_min": 0.0, "x_max": 0.9857142857142857, "y_min": 0.0, "y_max": 0.99, "min_err": -0.08323064612922598, "max_err": 0.11109521904380881}