{"features": "0.14,0.06,0.03,0.13,0.09,0.1,0.14,0.08,0.1,0.13", "model_type": "linear", "parameters": "0.954014565624225,-0.005176207977272307", "x_min": 0.0, "x_max": 0.9928571428571428, "y_min": 0.0, "y_max": 0.99, "min_err": -0.06739938220107766, "max_err": 0.06570280264255607}