{"features": "0.14,0.06,0.03,0.13,0.14,0.13,0.07,0.13,0.11,0.06", "model_type": "linear", "parameters": "1.0209805596541641,-0.01111464885713559", "x_min": 0.0, "x_max": 0.9857142857142857, "y_min": 0.0, "y_max": 0.99, "min_err": -0.08059408247262556, "max_err": 0.06255300147549905}