{"features": "0.07,0.11,0.14,0.06,0.12,0.15,0.14,0.01,0.07,0.13", "model_type": "linear", "parameters": "1.0158976198406398,-0.008594962978145826", "x_min": 0.0, "x_max": 0.9928571428571428, "y_min": 0.0, "y_max": 0.99, "min_err": -0.062174425456688054, "max_err": 0.08021021751940771}