{"features": "0.14,0.14,0.14,0.06,0.12,0.13,0.07,0.0,0.07,0.13", "model_type": "linear", "parameters": "0.9362815604877079,0.0843736584718196", "x_min": 0.0, "x_max": 0.9928571428571428, "y_min": 0.0, "y_max": 0.99, "min_err": -0.08690071031842628, "max_err": 0.08060830696377574}