{"features": "0.14,0.06,0.03,0.13,0.09,0.08,0.07,0.13,0.14,0.13", "model_type": "linear", "parameters": "0.9250815373792931,-0.0032224851314193725", "x_min": 0.0, "x_max": 0.9928571428571428, "y_min": 0.0, "y_max": 0.99, "min_err": -0.06108652554837862, "max_err": 0.07474867301912136}