{"features": "0.07,0.03,0.03,0.13,0.14,0.13,0.07,0.13,0.14,0.13", "model_type": "linear", "parameters": "1.060057641773332,-0.12134780028820874", "x_min": 0.0, "x_max": 0.9928571428571428, "y_min": 0.0, "y_max": 0.99, "min_err": -0.08152581164702896, "max_err": 0.08}