{"features": "0.07,0.11,0.14,0.06,0.12,0.15,0.14,0.08,0.07,0.06", "model_type": "linear", "parameters": "1.0975631494121403,-0.032614285395978826", "x_min": 0.0, "x_max": 0.9857142857142857, "y_min": 0.0, "y_max": 0.99, "min_err": -0.040000000000000036, "max_err": 0.048640607244450296}