{"features": "0.14,0.14,0.14,0.06,0.02,0.03,0.07,0.13,0.14,0.13", "model_type": "linear", "parameters": "0.848908464189966,0.07418394703725972", "x_min": 0.0, "x_max": 0.9928571428571428, "y_min": 0.0, "y_max": 0.99, "min_err": -0.08054713574437822, "max_err": 0.08327077747989287}