{"features": "0.07,0.11,0.15,0.13,0.14,0.13,0.07,0.0,0.07,0.13", "model_type": "linear", "parameters": "1.009620627872556,0.023362935265248908", "x_min": 0.0, "x_max": 0.9928571428571428, "y_min": 0.0, "y_max": 0.99, "min_err": -0.08875204487029675, "max_err": 0.09971099166471908}