{"features": "0.07,0.11,0.15,0.13,0.09,0.1,0.14,0.01,0.07,0.13", "model_type": "linear", "parameters": "1.002395224599333,0.012418299014321121", "x_min": 0.0, "x_max": 0.9928571428571428, "y_min": 0.0, "y_max": 0.99, "min_err": -0.07161420581374933, "max_err": 0.06874507787615058}