{"features": "0.14,0.1,0.08,0.06,0.07,0.1,0.14,0.14,0.11,0.06", "model_type": "linear", "parameters": "0.969624272564367,0.015035985080638303", "x_min": 0.0, "x_max": 0.9857142857142857, "y_min": 0.0, "y_max": 0.99, "min_err": -0.06910699797456232, "max_err": 0.053857495578475745}