{"features": "0.14,0.1,0.08,0.06,0.02,0.05,0.14,0.14,0.14,0.13", "model_type": "linear", "parameters": "0.8778247344015965,0.022228678757997278", "x_min": 0.0, "x_max": 0.9928571428571428, "y_min": 0.0, "y_max": 0.99, "min_err": -0.12384281270176667, "max_err": 0.09621676351470343}