{"features": "0.14,0.14,0.14,0.06,0.02,0.05,0.14,0.14,0.11,0.06", "model_type": "linear", "parameters": "0.9279976679406625,0.06149251797629052", "x_min": 0.0, "x_max": 0.9857142857142857, "y_min": 0.0, "y_max": 0.99, "min_err": -0.09177689965666902, "max_err": 0.07336529118352025}