{"features": "0.14,0.14,0.14,0.06,0.12,0.15,0.14,0.08,0.03,0.0", "model_type": "linear", "parameters": "1.1879664017215645,0.02490472389018089", "x_min": 0.0, "x_max": 0.8428571428571427, "y_min": 0.0, "y_max": 0.99, "min_err": -0.03403318177085146, "max_err": 0.03567630418937212}