{"features": "0.14,0.1,0.08,0.06,0.12,0.1,0.0,0.13,0.14,0.13", "model_type": "linear", "parameters": "0.8992904531879494,0.03636186887414583", "x_min": 0.0, "x_max": 0.9928571428571428, "y_min": 0.0, "y_max": 0.99, "min_err": -0.07871219257982398, "max_err": 0.06077118117496161}