{"features": "0.14,0.1,0.09,0.13,0.14,0.1,0.0,0.13,0.11,0.06", "model_type": "linear", "parameters": "0.9929132701769849,0.04535213336270827", "x_min": 0.0, "x_max": 0.9857142857142857, "y_min": 0.0, "y_max": 0.99, "min_err": -0.05457589777484029, "max_err": 0.08436109275170733}