{"features": "0.14,0.14,0.14,0.06,0.12,0.13,0.07,0.07,0.07,0.06", "model_type": "linear", "parameters": "1.0160081066694036,0.0646479948178883", "x_min": 0.0, "x_max": 0.9857142857142857, "y_min": 0.0, "y_max": 0.99, "min_err": -0.0646479948178883, "max_err": 0.054775944228166784}