{"features": "0.07,0.11,0.15,0.13,0.09,0.1,0.14,0.08,0.07,0.06", "model_type": "linear", "parameters": "1.086584378941536,-0.011813999606302084", "x_min": 0.0, "x_max": 0.9857142857142857, "y_min": 0.0, "y_max": 0.99, "min_err": -0.04715720941083834, "max_err": 0.04613498005992955}