{"features": "0.14,0.06,0.03,0.13,0.14,0.1,0.0,0.13,0.14,0.13", "model_type": "linear", "parameters": "0.9296271368959486,0.00694575312962703", "x_min": 0.0, "x_max": 0.9928571428571428, "y_min": 0.0, "y_max": 0.99, "min_err": -0.07255350652846942, "max_err": 0.06006730380939551}