{"features": "0.07,0.03,0.03,0.13,0.14,0.15,0.14,0.08,0.1,0.13", "model_type": "linear", "parameters": "1.089752026562173,-0.12304507792168945", "x_min": 0.0, "x_max": 0.9928571428571428, "y_min": 0.0, "y_max": 0.99, "min_err": -0.08831264395321711, "max_err": 0.07850198917172685}