{"features": "0.0,0.08,0.14,0.06,0.12,0.13,0.07,0.13,0.14,0.13", "model_type": "linear", "parameters": "1.1048481571595927,-0.14739028566279183", "x_min": 0.14285714285714285, "x_max": 0.9928571428571428, "y_min": 0.0, "y_max": 0.99, "min_err": -0.04178696945120286, "max_err": 0.04043390105433908}