{"features": "0.07,0.07,0.09,0.13,0.14,0.15,0.14,0.14,0.07,0.0", "model_type": "linear", "parameters": "1.2451003041854378,-0.10442686072927515", "x_min": 0.0, "x_max": 0.8499999999999999, "y_min": 0.0, "y_max": 0.99, "min_err": -0.051316083323707073, "max_err": 0.05770397751338045}