{"features": "0.14,0.06,0.02,0.06,0.07,0.1,0.14,0.14,0.14,0.13", "model_type": "linear", "parameters": "0.9259426382866328,-0.03014175342827602", "x_min": 0.0, "x_max": 0.9928571428571428, "y_min": 0.0, "y_max": 0.99, "min_err": -0.09896832559265695, "max_err": 0.1008129911294049}