{"features": "0.0,0.08,0.15,0.13,0.14,0.13,0.07,0.07,0.1,0.13", "model_type": "linear", "parameters": "1.1071439456279906,-0.10127609643107499", "x_min": 0.14285714285714285, "x_max": 0.9928571428571428, "y_min": 0.0, "y_max": 0.99, "min_err": -0.05688732437292365, "max_err": 0.06862241321508045}