{"features": "0.0,0.08,0.15,0.13,0.14,0.15,0.14,0.14,0.07,0.0", "model_type": "linear", "parameters": "1.4000000000000001,-0.20000000000000012", "x_min": 0.14285714285714285, "x_max": 0.8499999999999999, "y_min": 0.0, "y_max": 0.99, "min_err": -1.1102230246251565e-16, "max_err": 3.3306690738754696e-16}