{"features": "0.14,0.14,0.12,0.0,0.1,0.15,0.14,0.14,0.07,0.0", "model_type": "linear", "parameters": "1.0662054284193716,0.026631186801490292", "x_min": 0.0, "x_max": 0.8499999999999999, "y_min": 0.0, "y_max": 0.99, "min_err": -0.08357637040979238, "max_err": 0.06635444385311334}