{"features": "0.14,0.14,0.12,0.0,0.1,0.15,0.14,0.01,0.07,0.13", "model_type": "linear", "parameters": "0.9296271368959484,0.06006730380939557", "x_min": 0.0, "x_max": 0.9928571428571428, "y_min": 0.0, "y_max": 0.99, "min_err": -0.06006730380939557, "max_err": 0.07255350652846948}