{"features": "0.14,0.14,0.14,0.06,0.12,0.1,0.0,0.07,0.1,0.13", "model_type": "linear", "parameters": "0.9019569711981332,0.08654234304313102", "x_min": 0.0, "x_max": 0.9928571428571428, "y_min": 0.0, "y_max": 0.99, "min_err": -0.08654234304313102, "max_err": 0.09449622320935092}