{"features": "0.14,0.14,0.14,0.06,0.07,0.1,0.14,0.08,0.07,0.06", "model_type": "linear", "parameters": "0.9936264125371642,0.05993357793908455", "x_min": 0.0, "x_max": 0.9857142857142857, "y_min": 0.0, "y_max": 0.99, "min_err": -0.05993357793908455, "max_err": 0.05617316133601141}