{"features": "0.07,0.11,0.15,0.13,0.14,0.1,0.0,0.07,0.1,0.13", "model_type": "linear", "parameters": "0.9727203083478972,0.026704651552512337", "x_min": 0.0, "x_max": 0.9928571428571428, "y_min": 0.0, "y_max": 0.99, "min_err": -0.06566469560221194, "max_err": 0.1144031744511742}