{"features": "0.14,0.1,0.09,0.13,0.14,0.1,0.0,0.07,0.1,0.13", "model_type": "linear", "parameters": "0.9275064101182914,0.06172200555902668", "x_min": 0.0, "x_max": 0.9928571428571428, "y_min": 0.0, "y_max": 0.99, "min_err": -0.06172200555902668, "max_err": 0.10489937730279464}