{"features": "0.0,0.08,0.14,0.06,0.07,0.1,0.14,0.14,0.14,0.13", "model_type": "linear", "parameters": "1.1033402922755746,-0.16227557411273513", "x_min": 0.14285714285714285, "x_max": 0.9928571428571428, "y_min": 0.0, "y_max": 0.99, "min_err": -0.06820459290187891, "max_err": 0.05681628392484317}