{"features": "0.14,0.06,0.03,0.13,0.14,0.15,0.14,0.14,0.07,0.0", "model_type": "linear", "parameters": "1.1423700965290613,-0.03946600944752515", "x_min": 0.0, "x_max": 0.8499999999999999, "y_min": 0.0, "y_max": 0.99, "min_err": -0.08692544670363517, "max_err": 0.074430067775724}