{"features": "0.0,0.08,0.12,0.0,0.1,0.15,0.14,0.14,0.14,0.13", "model_type": "linear", "parameters": "1.1423700965290615,-0.2026617375231053", "x_min": 0.14285714285714285, "x_max": 0.9928571428571428, "y_min": 0.0, "y_max": 0.99, "min_err": -0.08692544670363533, "max_err": 0.07443006777572386}