{"features": "0.0,0.04,0.09,0.13,0.14,0.13,0.07,0.13,0.14,0.13", "model_type": "linear", "parameters": "1.1829713262882515,-0.2097129186602869", "x_min": 0.14285714285714285, "x_max": 0.9928571428571428, "y_min": 0.0, "y_max": 0.99, "min_err": -0.03526660011703553, "max_err": 0.03372930363842891}