{"features": "0.14,0.14,0.14,0.06,0.12,0.13,0.07,0.13,0.07,0.0", "model_type": "linear", "parameters": "1.1067347984685418,0.04123873262789779", "x_min": 0.0, "x_max": 0.8499999999999999, "y_min": 0.0, "y_max": 0.99, "min_err": -0.04123873262789779, "max_err": 0.04255132495251884}