{"features": "0.14,0.14,0.15,0.13,0.14,0.1,0.0,0.13,0.07,0.0", "model_type": "linear", "parameters": "1.1423700965290617,0.05845142739782272", "x_min": 0.0, "x_max": 0.8499999999999999, "y_min": 0.0, "y_max": 0.99, "min_err": -0.07443006777572381, "max_err": 0.08692544670363533}