{"features": "0.14,0.1,0.06,0.0,0.05,0.1,0.14,0.14,0.14,0.13", "model_type": "linear", "parameters": "0.8874946831135689,0.004342225192926874", "x_min": 0.0, "x_max": 0.9928571428571428, "y_min": 0.0, "y_max": 0.99, "min_err": -0.11148204411496632, "max_err": 0.10450233943002973}