{"features": "0.0,0.08,0.15,0.13,0.09,0.08,0.07,0.13,0.14,0.13", "model_type": "linear", "parameters": "1.0697829101921825,-0.11171973620899495", "x_min": 0.14285714285714285, "x_max": 0.9928571428571428, "y_min": 0.0, "y_max": 0.99, "min_err": -0.052410913928278124, "max_err": 0.05324134612663106}