{"features": "0.14,0.14,0.14,0.06,0.12,0.15,0.14,0.01,0.04,0.06", "model_type": "linear", "parameters": "1.0657380741923526,0.05804738958113548", "x_min": 0.0, "x_max": 0.9857142857142857, "y_min": 0.0, "y_max": 0.99, "min_err": -0.07999999999999996, "max_err": 0.0783235436685582}