{"features": "0.14,0.14,0.12,0.0,0.05,0.08,0.07,0.13,0.14,0.13", "model_type": "linear", "parameters": "0.8604142221228887,0.05618874671732682", "x_min": 0.0, "x_max": 0.9928571428571428, "y_min": 0.0, "y_max": 0.99, "min_err": -0.07077033394796162, "max_err": 0.09412443426272565}