{"features": "0.07,0.11,0.15,0.13,0.09,0.1,0.14,0.14,0.07,0.0", "model_type": "linear", "parameters": "1.182971326288252,-0.04071701490482277", "x_min": 0.0, "x_max": 0.8499999999999999, "y_min": 0.0, "y_max": 0.99, "min_err": -0.03526660011703553, "max_err": 0.03372930363842913}