{"features": "0.07,0.07,0.08,0.06,0.12,0.13,0.07,0.13,0.14,0.13", "model_type": "linear", "parameters": "1.0069051984299497,-0.07533987311067863", "x_min": 0.0, "x_max": 0.9928571428571428, "y_min": 0.0, "y_max": 0.99, "min_err": -0.05619092621644267, "max_err": 0.06562685466951423}