{"features": "0.14,0.14,0.14,0.06,0.07,0.1,0.14,0.01,0.07,0.13", "model_type": "linear", "parameters": "0.924293412280889,0.0764271261527974", "x_min": 0.0, "x_max": 0.9928571428571428, "y_min": 0.0, "y_max": 0.99, "min_err": -0.0764271261527974, "max_err": 0.0599653894485741}