{"features": "0.07,0.07,0.09,0.13,0.14,0.15,0.14,0.08,0.07,0.06", "model_type": "linear", "parameters": "1.1426845387241429,-0.07062884666845076", "x_min": 0.0, "x_max": 0.9857142857142857, "y_min": 0.0, "y_max": 0.99, "min_err": -0.05585245010987577, "max_err": 0.05442560472263458}