{"features": "0.0,0.04,0.09,0.13,0.14,0.15,0.14,0.08,0.1,0.13", "model_type": "linear", "parameters": "1.2195045985856143,-0.21405481660620712", "x_min": 0.14285714285714285, "x_max": 0.9928571428571428, "y_min": 0.0, "y_max": 0.99, "min_err": -0.034375068703968364, "max_err": 0.042980103330768404}