{"features": "0.14,0.14,0.12,0.0,0.0,0.05,0.14,0.14,0.14,0.13", "model_type": "linear", "parameters": "0.8444367895280747,0.05167068549776083", "x_min": 0.0, "x_max": 0.9928571428571428, "y_min": 0.0, "y_max": 0.99, "min_err": -0.1342059937995178, "max_err": 0.10309335170513267}