{"features": "0.07,0.11,0.14,0.06,0.07,0.08,0.07,0.13,0.14,0.13", "model_type": "linear", "parameters": "0.9455917944628132,-0.01359330087892724", "x_min": 0.0, "x_max": 0.9928571428571428, "y_min": 0.0, "y_max": 0.99, "min_err": -0.061829409451653494, "max_err": 0.06475573351941999}