{"features": "0.14,0.14,0.15,0.13,0.09,0.1,0.14,0.01,0.04,0.06", "model_type": "linear", "parameters": "1.0656996341217477,0.073287430497537", "x_min": 0.0, "x_max": 0.9857142857142857, "y_min": 0.0, "y_max": 0.99, "min_err": -0.08999999999999997, "max_err": 0.06998415487885679}