{"features": "0.07,0.03,0.03,0.13,0.14,0.15,0.14,0.14,0.11,0.06", "model_type": "linear", "parameters": "1.1597314748385776,-0.14616582966075647", "x_min": 0.0, "x_max": 0.9857142857142857, "y_min": 0.0, "y_max": 0.99, "min_err": -0.0851860202931228, "max_err": 0.08705749718151079}