{"features": "0.0,0.08,0.15,0.13,0.14,0.1,0.0,0.13,0.14,0.13", "model_type": "linear", "parameters": "1.0662054284193723,-0.09522086216072395", "x_min": 0.14285714285714285, "x_max": 0.9928571428571428, "y_min": 0.0, "y_max": 0.99, "min_err": -0.06635444385311329, "max_err": 0.08357637040979238}