{"features": "0.0,0.08,0.14,0.06,0.12,0.15,0.14,0.08,0.1,0.13", "model_type": "linear", "parameters": "1.1393348440841338,-0.15116561871628725", "x_min": 0.14285714285714285, "x_max": 0.9928571428571428, "y_min": 0.0, "y_max": 0.99, "min_err": -0.03712074303405577, "max_err": 0.037355015799048985}