{"features": "0.14,0.1,0.08,0.06,0.12,0.15,0.14,0.01,0.07,0.13", "model_type": "linear", "parameters": "0.9588680449499674,0.033373526931230024", "x_min": 0.0, "x_max": 0.9928571428571428, "y_min": 0.0, "y_max": 0.99, "min_err": -0.05526042260263053, "max_err": 0.07856978413986448}