{"features": "0.07,0.11,0.15,0.13,0.14,0.1,0.0,0.13,0.11,0.06", "model_type": "linear", "parameters": "1.0476641674219336,0.005591167504325367", "x_min": 0.0, "x_max": 0.9857142857142857, "y_min": 0.0, "y_max": 0.99, "min_err": -0.05525747713603016, "max_err": 0.09322690945044054}