{"features": "0.14,0.14,0.15,0.13,0.09,0.05,0.0,0.13,0.11,0.06", "model_type": "linear", "parameters": "0.9550323433261463,0.08979342004590651", "x_min": 0.0, "x_max": 0.9857142857142857, "y_min": 0.0, "y_max": 0.99, "min_err": -0.08979342004590651, "max_err": 0.10090700424288795}