{"features": "0.14,0.1,0.08,0.06,0.12,0.13,0.07,0.13,0.11,0.06", "model_type": "linear", "parameters": "0.9876140925702562,0.02023979692872685", "x_min": 0.0, "x_max": 0.9857142857142857, "y_min": 0.0, "y_max": 0.99, "min_err": -0.04350297945883663, "max_err": 0.03867247556123657}