{"features": "0.0,0.0,0.03,0.13,0.14,0.15,0.14,0.14,0.14,0.13", "model_type": "linear", "parameters": "1.4,-0.39999999999999974", "x_min": 0.2857142857142857, "x_max": 0.9928571428571428, "y_min": 0.0, "y_max": 0.99, "min_err": -4.440892098500626e-16, "max_err": 1.1102230246251565e-16}