{"features": "0.14,0.1,0.06,0.0,0.1,0.13,0.07,0.13,0.14,0.13", "model_type": "linear", "parameters": "0.9004407173899742,0.010048356491399513", "x_min": 0.0, "x_max": 0.9928571428571428, "y_min": 0.0, "y_max": 0.99, "min_err": -0.09595152108710275, "max_err": 0.0859426455285548}