{"features": "0.14,0.14,0.12,0.0,0.1,0.15,0.14,0.08,0.07,0.06", "model_type": "linear", "parameters": "0.9952153698556,0.04430961107967829", "x_min": 0.0, "x_max": 0.9857142857142857, "y_min": 0.0, "y_max": 0.99, "min_err": -0.0708304838749354, "max_err": 0.06845182160340457}