{"features": "0.14,0.14,0.15,0.13,0.09,0.08,0.07,0.07,0.07,0.06", "model_type": "linear", "parameters": "1.0105384531148347,0.08140104740371407", "x_min": 0.0, "x_max": 0.9857142857142857, "y_min": 0.0, "y_max": 0.99, "min_err": -0.08140104740371407, "max_err": 0.08551104411849964}