{"features": "0.14,0.14,0.14,0.06,0.07,0.08,0.07,0.07,0.1,0.13", "model_type": "linear", "parameters": "0.8939953569528883,0.07801502279268846", "x_min": 0.0, "x_max": 0.9928571428571428, "y_min": 0.0, "y_max": 0.99, "min_err": -0.07801502279268846, "max_err": 0.06655773236362922}