{"features": "0.07,0.11,0.14,0.06,0.07,0.1,0.14,0.14,0.11,0.06", "model_type": "linear", "parameters": "1.034761674856648,-0.031989338694849934", "x_min": 0.0, "x_max": 0.9857142857142857, "y_min": 0.0, "y_max": 0.99, "min_err": -0.0593030469375202, "max_err": 0.04505076024629473}