{"features": "0.07,0.11,0.12,0.0,0.1,0.15,0.14,0.08,0.1,0.13", "model_type": "linear", "parameters": "0.9907463851161881,-0.03858769598400419", "x_min": 0.0, "x_max": 0.9928571428571428, "y_min": 0.0, "y_max": 0.99, "min_err": -0.08601789763721923, "max_err": 0.0525940601302089}