{"features": "0.14,0.14,0.15,0.13,0.09,0.08,0.07,0.13,0.07,0.0", "model_type": "linear", "parameters": "1.107143945627991,0.05688732437292354", "x_min": 0.0, "x_max": 0.8499999999999999, "y_min": 0.0, "y_max": 0.99, "min_err": -0.05688732437292354, "max_err": 0.06862241321508034}