{"features": "0.07,0.11,0.14,0.06,0.12,0.13,0.07,0.07,0.1,0.13", "model_type": "linear", "parameters": "0.9859809450900417,-0.0071460098922855875", "x_min": 0.0, "x_max": 0.9928571428571428, "y_min": 0.0, "y_max": 0.99, "min_err": -0.03798051447060735, "max_err": 0.043728326983690224}