{"features": "0.14,0.14,0.15,0.13,0.04,0.05,0.14,0.01,0.07,0.13", "model_type": "linear", "parameters": "0.9138811697763662,0.0935450575625249", "x_min": 0.0, "x_max": 0.9928571428571428, "y_min": 0.0, "y_max": 0.99, "min_err": -0.0935450575625249, "max_err": 0.11131930660314932}