{"features": "0.07,0.07,0.06,0.0,0.1,0.15,0.14,0.14,0.14,0.13", "model_type": "linear", "parameters": "1.0184021905452205,-0.11167673351050994", "x_min": 0.0, "x_max": 0.9928571428571428, "y_min": 0.0, "y_max": 0.99, "min_err": -0.12478134815172737, "max_err": 0.09054884432632693}