{"features": "0.14,0.14,0.12,0.0,0.05,0.1,0.14,0.08,0.1,0.13", "model_type": "linear", "parameters": "0.8892294652185055,0.05419625081311219", "x_min": 0.0, "x_max": 0.9928571428571428, "y_min": 0.0, "y_max": 0.99, "min_err": -0.062327373795115326, "max_err": 0.08808982673316124}