{"features": "0.2,0.2,0.1,0.0,0.0,0.1125,0.1,0.0875,0.1,0.1", "model_type": "nn", "parameters": "", "x_min": 0.0, "x_max": 0.9875, "y_min": 0.0, "y_max": 0.9875, "min_err": -0.09825636115943981, "max_err": 0.17496944057413155}