{"features": "0.1,0.1,0.1125,0.0875,0.1,0.0,0.0,0.1,0.2,0.2", "model_type": "nn", "parameters": "", "x_min": 0.0, "x_max": 0.99375, "y_min": 0.0, "y_max": 0.9875, "min_err": -0.1764235635980944, "max_err": 0.0985485854942626}