{"features": "0.0,0.0,0.0,0.0,0.0,0.2125,0.2,0.1875,0.2,0.2", "model_type": "nn", "parameters": "", "x_min": 0.5, "x_max": 0.99375, "y_min": 0.0, "y_max": 0.9875, "min_err": -0.0003619521327052899, "max_err": 0}