{"features": "0.1,0.1,0.05,0.0,0.0,0.2125,0.2,0.1375,0.1,0.1", "model_type": "nn", "parameters": "", "x_min": 0.0, "x_max": 0.9875, "y_min": 0.0, "y_max": 0.9875, "min_err": -0.2330309731047871, "max_err": 0.03485694089377511}