{"features": "0.2,0.2,0.1625,0.0875,0.1,0.0,0.0,0.05,0.1,0.1", "model_type": "nn", "parameters": "", "x_min": 0.0, "x_max": 0.9875, "y_min": 0.0, "y_max": 0.9875, "min_err": -0.1785858014054533, "max_err": 0.16430204525841285}