{"features": "0.0,0.0,0.1125,0.1875,0.2,0.2125,0.2,0.0875,0.0,0.0", "model_type": "nn", "parameters": "", "x_min": 0.25, "x_max": 0.74375, "y_min": 0.0, "y_max": 0.9875, "min_err": -0.05145540440698685, "max_err": 0}