{"features": "0.1,0.1,0.1625,0.1875,0.2,0.1125,0.1,0.0375,0.0,0.0", "model_type": "nn", "parameters": "", "x_min": 0.0, "x_max": 0.7375, "y_min": 0.0, "y_max": 0.9875, "min_err": -0.06759481336289497, "max_err": 0.05076273188583502}