{"features": "0.0,0.0,0.0625,0.0875,0.1,0.2125,0.2,0.1375,0.1,0.1", "model_type": "nn", "parameters": "", "x_min": 0.25, "x_max": 0.9875, "y_min": 0.0, "y_max": 0.9875, "min_err": -0.0663309478260905, "max_err": 0.051740875425739685}