{"features": "0.2,0.2,0.2125,0.1875,0.2,0.0,0.0,0.0,0.0,0.0", "model_type": "nn", "parameters": "", "x_min": 0.0, "x_max": 0.49375, "y_min": 0.0, "y_max": 0.9875, "min_err": -0.009225293228179866, "max_err": 0}