{"features": "0.2,0.2,0.1,0.0,0.0,0.0,0.0,0.1,0.2,0.2", "model_type": "nn", "parameters": "", "x_min": 0.0, "x_max": 0.99375, "y_min": 0.0, "y_max": 0.9875, "min_err": -0.1814699328526479, "max_err": 0.18034846236907548}