{"features": "0.1,0.1,0.1125,0.0875,0.1,0.1125,0.1,0.0875,0.1,0.1", "model_type": "nn", "parameters": "", "x_min": 0.0, "x_max": 0.9875, "y_min": 0.0, "y_max": 0.9875, "min_err": -0.007107424742758657, "max_err": 0.00042587427665685684}