{"features": "0.12,0.12,0.13,0.11,0.12,0.13,0.07,0.03,0.11,0.06", "model_type": "linear", "parameters": "1.0315067659410442,0.04414558438660182", "x_min": 0.0, "x_max": 0.9833333333333332, "y_min": 0.0, "y_max": 0.99, "min_err": -0.05373455600413857, "max_err": 0.06677912803554431}