{"features": "0.07,0.12,0.13,0.07,0.11,0.1,0.05,0.11,0.13,0.11", "model_type": "linear", "parameters": "0.9762500024941186,-0.004921355443863296", "x_min": 0.0, "x_max": 0.9916666666666666, "y_min": 0.0, "y_max": 0.99, "min_err": -0.04591197955221582, "max_err": 0.03357760400974508}