{"features": "0.12,0.12,0.1,0.09,0.12,0.03,0.12,0.11,0.13,0.06", "model_type": "linear", "parameters": "0.9783114470591301,0.026633394720441406", "x_min": 0.0, "x_max": 0.9833333333333332, "y_min": 0.0, "y_max": 0.99, "min_err": -0.04731507217160047, "max_err": 0.03236347714215304}