{"features": "0.12,0.1,0.1,0.11,0.07,0.07,0.08,0.11,0.13,0.11", "model_type": "linear", "parameters": "0.9354867100862526,0.024138355923252697", "x_min": 0.0, "x_max": 0.9916666666666666, "y_min": 0.0, "y_max": 0.99, "min_err": -0.04779616264742115, "max_err": 0.03817065657454677}