{"features": "0.05,0.04,0.13,0.11,0.12,0.13,0.12,0.11,0.13,0.06", "model_type": "linear", "parameters": "1.1417076515070652,-0.11343503594897347", "x_min": 0.0, "x_max": 0.9833333333333332, "y_min": 0.0, "y_max": 0.99, "min_err": -0.026849572635537375, "max_err": 0.04}