{"features": "0.12,0.12,0.13,0.07,0.11,0.12,0.03,0.06,0.13,0.11", "model_type": "linear", "parameters": "0.9389956172185207,0.04936832999504365", "x_min": 0.0, "x_max": 0.9916666666666666, "y_min": 0.0, "y_max": 0.99, "min_err": -0.05361504290893415, "max_err": 0.05288422662748615}