{"features": "0.12,0.12,0.13,0.11,0.12,0.1,0.05,0.08,0.07,0.1", "model_type": "linear", "parameters": "0.9846874814056417,0.052300919818046854", "x_min": 0.0, "x_max": 0.9916666666666666, "y_min": 0.0, "y_max": 0.99, "min_err": -0.05493111110655169, "max_err": 0.07150377837370914}