{"features": "0.12,0.12,0.13,0.07,0.01,0.13,0.1,0.08,0.13,0.11", "model_type": "linear", "parameters": "0.9241373615820526,0.03716694878289134", "x_min": 0.0, "x_max": 0.9916666666666666, "y_min": 0.0, "y_max": 0.99, "min_err": -0.04923562957391764, "max_err": 0.05478726402309114}