{"features": "0.07,0.12,0.13,0.11,0.07,0.13,0.12,0.08,0.11,0.06", "model_type": "linear", "parameters": "1.0582590559208374,-0.015609994481804057", "x_min": 0.0, "x_max": 0.9833333333333332, "y_min": 0.0, "y_max": 0.99, "min_err": -0.02257826017826571, "max_err": 0.024668721181455244}