{"features": "0.11,0.08,0.06,0.08,0.12,0.08,0.12,0.11,0.13,0.11", "model_type": "linear", "parameters": "0.9726332642344663,-0.023332477064951063", "x_min": 0.0, "x_max": 0.9916666666666666, "y_min": 0.0, "y_max": 0.99, "min_err": -0.050878611013204345, "max_err": 0.0488044900324387}