{"features": "0.12,0.12,0.06,0.08,0.12,0.13,0.12,0.08,0.07,0.1", "model_type": "linear", "parameters": "0.9941521194682843,0.014907372306774247", "x_min": 0.0, "x_max": 0.9916666666666666, "y_min": 0.0, "y_max": 0.99, "min_err": -0.04629141212953569, "max_err": 0.03947853809201263}