{"features": "0.12,0.12,0.13,0.11,0.12,0.03,0.12,0.11,0.04,0.1", "model_type": "linear", "parameters": "0.9914338919925512,0.0447237740533829", "x_min": 0.0, "x_max": 0.9916666666666666, "y_min": 0.0, "y_max": 0.99, "min_err": -0.05353817504655478, "max_err": 0.05782122905027942}