{"features": "0.11,0.08,0.13,0.11,0.12,0.08,0.12,0.08,0.11,0.06", "model_type": "linear", "parameters": "1.0367058950259882,0.0034286214418439154", "x_min": 0.0, "x_max": 0.9833333333333332, "y_min": 0.0, "y_max": 0.99, "min_err": -0.026212937279508602, "max_err": 0.028218431045162085}