{"features": "0.12,0.12,0.13,0.11,0.12,0.08,0.12,0.05,0.09,0.06", "model_type": "linear", "parameters": "1.031093728674383,0.04002989222242842", "x_min": 0.0, "x_max": 0.9833333333333332, "y_min": 0.0, "y_max": 0.99, "min_err": -0.049274666117747556, "max_err": 0.04442324344038007}