{"features": "0.07,0.1,0.1,0.11,0.12,0.12,0.08,0.11,0.09,0.1", "model_type": "linear", "parameters": "1.0372846628743972,-0.031421966408756774", "x_min": 0.0, "x_max": 0.9916666666666666, "y_min": 0.0, "y_max": 0.99, "min_err": -0.027899199309842526, "max_err": 0.026339246398691674}