{"features": "0.11,0.08,0.13,0.11,0.12,0.08,0.12,0.11,0.13,0.01", "model_type": "linear", "parameters": "1.082279084435253,-0.009612623117936814", "x_min": 0.0, "x_max": 0.9083333333333332, "y_min": 0.0, "y_max": 0.99, "min_err": -0.021716842802627423, "max_err": 0.01942269941499908}