{"features": "0.12,0.1,0.1,0.11,0.07,0.13,0.07,0.06,0.13,0.11", "model_type": "linear", "parameters": "0.9534905385956477,0.026597772914887963", "x_min": 0.0, "x_max": 0.9916666666666666, "y_min": 0.0, "y_max": 0.99, "min_err": -0.04171567686162381, "max_err": 0.03568762250964408}