{"features": "0.12,0.12,0.1,0.05,0.06,0.13,0.12,0.11,0.09,0.1", "model_type": "linear", "parameters": "0.9602857938201729,0.0196585320590143", "x_min": 0.0, "x_max": 0.9916666666666666, "y_min": 0.0, "y_max": 0.99, "min_err": -0.049801428969100725, "max_err": 0.0402700194859425}