{"features": "0.12,0.1,0.1,0.11,0.12,0.08,0.12,0.08,0.07,0.1", "model_type": "linear", "parameters": "0.9965863503849702,0.022451972192459813", "x_min": 0.0, "x_max": 0.9916666666666666, "y_min": 0.0, "y_max": 0.99, "min_err": -0.035989460045349086, "max_err": 0.030108265018812475}