{"features": "0.12,0.12,0.13,0.11,0.07,0.07,0.08,0.11,0.13,0.06", "model_type": "linear", "parameters": "0.9733368343159952,0.0415872580144655", "x_min": 0.0, "x_max": 0.9833333333333332, "y_min": 0.0, "y_max": 0.99, "min_err": -0.0415872580144655, "max_err": 0.05285572768720326}