{"features": "0.12,0.1,0.1,0.11,0.12,0.13,0.12,0.11,0.09,0.0", "model_type": "linear", "parameters": "1.1310076670610139,-0.008769665036759855", "x_min": 0.0, "x_max": 0.8999999999999999, "y_min": 0.0, "y_max": 0.99, "min_err": -0.02398225172849361, "max_err": 0.020268387193257575}