{"features": "0.12,0.12,0.1,0.09,0.12,0.12,0.08,0.05,0.09,0.11", "model_type": "linear", "parameters": "0.9706927333875068,0.03836996000229359", "x_min": 0.0, "x_max": 0.9916666666666666, "y_min": 0.0, "y_max": 0.99, "min_err": -0.04728057115854911, "max_err": 0.045392612188327575}