{"features": "0.12,0.12,0.13,0.11,0.12,0.07,0.03,0.06,0.13,0.11", "model_type": "linear", "parameters": "0.9343106255522278,0.059377670836273766", "x_min": 0.0, "x_max": 0.9916666666666666, "y_min": 0.0, "y_max": 0.99, "min_err": -0.06011064000044464, "max_err": 0.07346701638761233}