{"features": "0.1,0.04,0.1,0.09,0.12,0.13,0.12,0.11,0.09,0.1", "model_type": "linear", "parameters": "1.0442450686593034,-0.05279355893419296", "x_min": 0.0, "x_max": 0.9916666666666666, "y_min": 0.0, "y_max": 0.99, "min_err": -0.045288130618908184, "max_err": 0.06447517878474521}