{"features": "0.12,0.12,0.13,0.11,0.12,0.08,0.07,0.06,0.13,0.06", "model_type": "linear", "parameters": "0.9988587138146073,0.04592976991418274", "x_min": 0.0, "x_max": 0.9833333333333332, "y_min": 0.0, "y_max": 0.99, "min_err": -0.04592976991418274, "max_err": 0.05464087317851363}