{"features": "0.12,0.1,0.1,0.11,0.07,0.12,0.08,0.08,0.11,0.11", "model_type": "linear", "parameters": "0.9590675604081725,0.024257672432988486", "x_min": 0.0, "x_max": 0.9916666666666666, "y_min": 0.0, "y_max": 0.99, "min_err": -0.024257672432988486, "max_err": 0.026130844063606384}