{"features": "0.12,0.1,0.1,0.11,0.02,0.13,0.12,0.11,0.13,0.06", "model_type": "linear", "parameters": "0.9880048038070376,0.009642640129792823", "x_min": 0.0, "x_max": 0.9833333333333332, "y_min": 0.0, "y_max": 0.99, "min_err": -0.05364504203331161, "max_err": 0.03468628971375609}