{"features": "0.07,0.12,0.13,0.11,0.12,0.05,0.05,0.11,0.13,0.11", "model_type": "linear", "parameters": "0.9689626615066246,0.006885059266037774", "x_min": 0.0, "x_max": 0.9916666666666666, "y_min": 0.0, "y_max": 0.99, "min_err": -0.05286016693712081, "max_err": 0.05863360998064998}