{"features": "0.07,0.1,0.1,0.07,0.11,0.13,0.1,0.08,0.13,0.11", "model_type": "linear", "parameters": "1.0104433295791957,-0.038850892461008424", "x_min": 0.0, "x_max": 0.9916666666666666, "y_min": 0.0, "y_max": 0.99, "min_err": -0.03216716153032306, "max_err": 0.026827923961639577}