{"features": "0.11,0.08,0.13,0.07,0.11,0.13,0.12,0.05,0.09,0.11", "model_type": "linear", "parameters": "0.9953915904299316,0.006013881201295979", "x_min": 0.0, "x_max": 0.9916666666666666, "y_min": 0.0, "y_max": 0.99, "min_err": -0.03550687322623891, "max_err": 0.04573735589650485}