{"features": "0.07,0.12,0.1,0.05,0.11,0.08,0.12,0.11,0.13,0.11", "model_type": "linear", "parameters": "0.9850943104388672,-0.029562720308696833", "x_min": 0.0, "x_max": 0.9916666666666666, "y_min": 0.0, "y_max": 0.99, "min_err": -0.045075627447308975, "max_err": 0.04267752912348688}