{"features": "0.07,0.12,0.13,0.11,0.12,0.13,0.1,0.05,0.07,0.1", "model_type": "linear", "parameters": "1.0460244098192792,-0.0009899076559750641", "x_min": 0.0, "x_max": 0.9916666666666666, "y_min": 0.0, "y_max": 0.99, "min_err": -0.05786580134503083, "max_err": 0.0536403011097889}