{"features": "0.12,0.12,0.13,0.11,0.12,0.13,0.1,0.05,0.02,0.1", "model_type": "linear", "parameters": "1.0411194117687788,0.04428205465509938", "x_min": 0.0, "x_max": 0.9916666666666666, "y_min": 0.0, "y_max": 0.99, "min_err": -0.09864151544314648, "max_err": 0.061638337499048235}