{"features": "0.07,0.12,0.06,0.08,0.12,0.13,0.1,0.08,0.13,0.11", "model_type": "linear", "parameters": "1.006057342274822,-0.036952819727812225", "x_min": 0.0, "x_max": 0.9916666666666666, "y_min": 0.0, "y_max": 0.99, "min_err": -0.04839962769712841, "max_err": 0.03382229534473025}