{"features": "0.12,0.12,0.13,0.11,0.12,0.05,0.05,0.08,0.11,0.11", "model_type": "linear", "parameters": "0.9395229139859448,0.05694744135405316", "x_min": 0.0, "x_max": 0.9916666666666666, "y_min": 0.0, "y_max": 0.99, "min_err": -0.05694744135405316, "max_err": 0.07329110165297437}