{"features": "0.12,0.12,0.13,0.11,0.02,0.13,0.1,0.08,0.09,0.1", "model_type": "linear", "parameters": "0.961364177930524,0.04275826796518256", "x_min": 0.0, "x_max": 0.9916666666666666, "y_min": 0.0, "y_max": 0.99, "min_err": -0.04275826796518256, "max_err": 0.05468469271318682}