{"features": "0.07,0.12,0.13,0.11,0.07,0.12,0.08,0.11,0.13,0.06", "model_type": "linear", "parameters": "1.0326891722128673,-0.011878268694482441", "x_min": 0.0, "x_max": 0.9833333333333332, "y_min": 0.0, "y_max": 0.99, "min_err": -0.026581179447428993, "max_err": 0.03159111360578787}