{"features": "0.12,0.12,0.13,0.11,0.12,0.12,0.06,0.08,0.13,0.01", "model_type": "linear", "parameters": "1.0736211593453213,0.030211506433421353", "x_min": 0.0, "x_max": 0.9083333333333332, "y_min": 0.0, "y_max": 0.99, "min_err": -0.03542737594241241, "max_err": 0.04350948394847465}