{"features": "0.12,0.12,0.1,0.09,0.07,0.13,0.12,0.11,0.04,0.1", "model_type": "linear", "parameters": "0.9996172981247611,0.024763362673810185", "x_min": 0.0, "x_max": 0.9916666666666666, "y_min": 0.0, "y_max": 0.99, "min_err": -0.041079219288174484, "max_err": 0.04055236637326198}