{"features": "0.12,0.12,0.13,0.11,0.07,0.13,0.12,0.08,0.02,0.1", "model_type": "linear", "parameters": "1.022061009692573,0.03975699193276627", "x_min": 0.0, "x_max": 0.9916666666666666, "y_min": 0.0, "y_max": 0.99, "min_err": -0.07664625081762488, "max_err": 0.043697250797803844}