{"features": "0.12,0.12,0.1,0.09,0.12,0.13,0.07,0.03,0.11,0.11", "model_type": "linear", "parameters": "0.9659526600036518,0.04059976952328209", "x_min": 0.0, "x_max": 0.9916666666666666, "y_min": 0.0, "y_max": 0.99, "min_err": -0.04556031952632522, "max_err": 0.0634813959743139}