{"features": "0.11,0.04,0.04,0.09,0.12,0.13,0.12,0.11,0.13,0.11", "model_type": "linear", "parameters": "1.0140915588992907,-0.06655320074048227", "x_min": 0.0, "x_max": 0.9916666666666666, "y_min": 0.0, "y_max": 0.99, "min_err": -0.0714773188926146, "max_err": 0.08204557083220805}