{"features": "0.12,0.1,0.1,0.07,0.11,0.08,0.12,0.11,0.09,0.1", "model_type": "linear", "parameters": "0.9735917165384254,0.013072100313479385", "x_min": 0.0, "x_max": 0.9916666666666666, "y_min": 0.0, "y_max": 0.99, "min_err": -0.031000601627560687, "max_err": 0.025601469237832908}