{"features": "0.07,0.12,0.13,0.07,0.11,0.08,0.12,0.08,0.11,0.11", "model_type": "linear", "parameters": "0.9938076666199425,-0.00935739080962078", "x_min": 0.0, "x_max": 0.9916666666666666, "y_min": 0.0, "y_max": 0.99, "min_err": -0.02345991474204108, "max_err": 0.028088168602973307}