{"features": "0.11,0.08,0.13,0.11,0.12,0.13,0.12,0.11,0.04,0.05", "model_type": "linear", "parameters": "1.1157929375631692,-0.011291045419288104", "x_min": 0.0, "x_max": 0.9833333333333332, "y_min": 0.0, "y_max": 0.99, "min_err": -0.050000000000000044, "max_err": 0.03076187192967339}