{"features": "0.12,0.12,0.1,0.09,0.12,0.13,0.07,0.06,0.09,0.1", "model_type": "linear", "parameters": "0.9842576836044479,0.03608985501942613", "x_min": 0.0, "x_max": 0.9916666666666666, "y_min": 0.0, "y_max": 0.99, "min_err": -0.038326064990169884, "max_err": 0.05594050327431255}