{"features": "0.12,0.12,0.13,0.07,0.11,0.13,0.12,0.11,0.09,0.0", "model_type": "linear", "parameters": "1.1102235230274244,0.009739801810096593", "x_min": 0.0, "x_max": 0.8999999999999999, "y_min": 0.0, "y_max": 0.99, "min_err": -0.022332936404856674, "max_err": 0.0201856905140953}