{"features": "0.12,0.12,0.13,0.07,0.01,0.13,0.12,0.11,0.13,0.06", "model_type": "linear", "parameters": "0.96756308382213,0.027747660770896354", "x_min": 0.0, "x_max": 0.9833333333333332, "y_min": 0.0, "y_max": 0.99, "min_err": -0.061529202681961326, "max_err": 0.0497313112883937}