{"features": "0.1,0.0,0.07,0.11,0.12,0.13,0.12,0.11,0.13,0.11", "model_type": "linear", "parameters": "1.0558970693352396,-0.09894210150107247", "x_min": 0.0, "x_max": 0.9916666666666666, "y_min": 0.0, "y_max": 0.99, "min_err": -0.06503216583273744, "max_err": 0.09}