{"features": "0.07,0.12,0.1,0.09,0.07,0.12,0.08,0.11,0.13,0.11", "model_type": "linear", "parameters": "0.9840429407621502,-0.020802508116160412", "x_min": 0.0, "x_max": 0.9916666666666666, "y_min": 0.0, "y_max": 0.99, "min_err": -0.0352261190586064, "max_err": 0.03495992519369495}