{"features": "0.11,0.06,0.1,0.07,0.11,0.08,0.12,0.11,0.13,0.11", "model_type": "linear", "parameters": "0.9765217600269146,-0.024997837214332075", "x_min": 0.0, "x_max": 0.9916666666666666, "y_min": 0.0, "y_max": 0.99, "min_err": -0.04463985613470145, "max_err": 0.04661375852097516}