{"features": "0.11,0.08,0.13,0.11,0.12,0.12,0.06,0.08,0.09,0.1", "model_type": "linear", "parameters": "1.0023929089009471,0.015522058575713593", "x_min": 0.0, "x_max": 0.9916666666666666, "y_min": 0.0, "y_max": 0.99, "min_err": -0.034382225068248284, "max_err": 0.04974874456540068}