{"features": "0.12,0.08,0.0,0.08,0.12,0.13,0.12,0.11,0.13,0.11", "model_type": "linear", "parameters": "0.9791743684534813,-0.03946600944752526", "x_min": 0.0, "x_max": 0.9916666666666666, "y_min": 0.0, "y_max": 0.99, "min_err": -0.08692544670363511, "max_err": 0.07443006777572408}