{"features": "0.11,0.06,0.1,0.11,0.12,0.13,0.12,0.11,0.04,0.1", "model_type": "linear", "parameters": "1.0511097337613955,-0.02135765671028561", "x_min": 0.0, "x_max": 0.9916666666666666, "y_min": 0.0, "y_max": 0.99, "min_err": -0.042159599237660106, "max_err": 0.04419212635713443}