{"features": "0.07,0.08,0.07,0.11,0.12,0.13,0.1,0.08,0.13,0.11", "model_type": "linear", "parameters": "1.036066282518087,-0.06145393256908932", "x_min": 0.0, "x_max": 0.9916666666666666, "y_min": 0.0, "y_max": 0.99, "min_err": -0.047562638060432455, "max_err": 0.03741010450372556}