{"features": "0.11,0.08,0.13,0.11,0.02,0.13,0.1,0.08,0.13,0.11", "model_type": "linear", "parameters": "0.9580251085226519,0.008403080296203014", "x_min": 0.0, "x_max": 0.9916666666666666, "y_min": 0.0, "y_max": 0.99, "min_err": -0.03741563455752894, "max_err": 0.04040333372371413}