{"features": "0.12,0.1,0.1,0.11,0.12,0.08,0.1,0.05,0.11,0.11", "model_type": "linear", "parameters": "0.9666116839562537,0.02860986249110753", "x_min": 0.0, "x_max": 0.9916666666666666, "y_min": 0.0, "y_max": 0.99, "min_err": -0.0341195991213189, "max_err": 0.038084295530765644}