{"features": "0.11,0.06,0.1,0.07,0.11,0.13,0.1,0.08,0.13,0.11", "model_type": "linear", "parameters": "0.987177499000155,-0.0224455390592479", "x_min": 0.0, "x_max": 0.9916666666666666, "y_min": 0.0, "y_max": 0.99, "min_err": -0.03887841885748328, "max_err": 0.04018074747590167}