{"features": "0.12,0.12,0.13,0.07,0.06,0.13,0.12,0.05,0.09,0.11", "model_type": "linear", "parameters": "0.9587304155854665,0.04000252360339729", "x_min": 0.0, "x_max": 0.9916666666666666, "y_min": 0.0, "y_max": 0.99, "min_err": -0.04000252360339729, "max_err": 0.04042067120144727}