{"features": "0.12,0.12,0.06,0.04,0.11,0.13,0.12,0.11,0.13,0.06", "model_type": "linear", "parameters": "0.989218011679971,0.000803168331547699", "x_min": 0.0, "x_max": 0.9833333333333332, "y_min": 0.0, "y_max": 0.99, "min_err": -0.06297733986486892, "max_err": 0.050135812179125966}