{"features": "0.12,0.1,0.1,0.11,0.12,0.13,0.07,0.03,0.11,0.11", "model_type": "linear", "parameters": "0.9760516864882424,0.0317821371207882", "x_min": 0.0, "x_max": 0.9916666666666666, "y_min": 0.0, "y_max": 0.99, "min_err": -0.04515854252765683, "max_err": 0.0656505026077856}