{"features": "0.12,0.12,0.06,0.08,0.12,0.13,0.12,0.11,0.09,0.05", "model_type": "linear", "parameters": "1.0354779300155839,0.003579432380104053", "x_min": 0.0, "x_max": 0.9833333333333332, "y_min": 0.0, "y_max": 0.99, "min_err": -0.04873874238529868, "max_err": 0.03618006786612987}