{"features": "0.12,0.1,0.1,0.07,0.11,0.12,0.06,0.08,0.13,0.11", "model_type": "linear", "parameters": "0.9509591338707605,0.020312899009511998", "x_min": 0.0, "x_max": 0.9916666666666666, "y_min": 0.0, "y_max": 0.99, "min_err": -0.03353224941258248, "max_err": 0.02665262656865064}