{"features": "0.07,0.12,0.1,0.09,0.12,0.13,0.12,0.11,0.04,0.1", "model_type": "linear", "parameters": "1.0624841820431004,-0.02694535442867313", "x_min": 0.0, "x_max": 0.9916666666666666, "y_min": 0.0, "y_max": 0.99, "min_err": -0.046998479110835434, "max_err": 0.040395904243115344}