{"features": "0.07,0.12,0.13,0.11,0.07,0.07,0.08,0.11,0.13,0.11", "model_type": "linear", "parameters": "0.9681041804284231,-0.0003466389858765573", "x_min": 0.0, "x_max": 0.9916666666666666, "y_min": 0.0, "y_max": 0.99, "min_err": -0.045056147966405447, "max_err": 0.04696989714070038}