{"features": "0.12,0.12,0.1,0.09,0.12,0.08,0.12,0.11,0.04,0.1", "model_type": "linear", "parameters": "1.0012944264138512,0.028146473684541817", "x_min": 0.0, "x_max": 0.9916666666666666, "y_min": 0.0, "y_max": 0.99, "min_err": -0.04599969789723868, "max_err": 0.035785624524031}