{"features": "0.12,0.12,0.13,0.07,0.01,0.13,0.12,0.08,0.11,0.11", "model_type": "linear", "parameters": "0.9349038784534642,0.035728469709735644", "x_min": 0.0, "x_max": 0.9916666666666666, "y_min": 0.0, "y_max": 0.99, "min_err": -0.05318040893646775, "max_err": 0.05263690413910965}