{"features": "0.02,0.12,0.1,0.05,0.11,0.13,0.12,0.11,0.13,0.11", "model_type": "linear", "parameters": "1.070827292203155,-0.10243239344167704", "x_min": 0.08333333333333333, "x_max": 0.9916666666666666, "y_min": 0.0, "y_max": 0.99, "min_err": -0.04374564497630412, "max_err": 0.034725570390888305}