{"features": "0.11,0.08,0.13,0.07,0.11,0.13,0.12,0.11,0.09,0.05", "model_type": "linear", "parameters": "1.0589029282741556,-0.011508567357804422", "x_min": 0.0, "x_max": 0.9833333333333332, "y_min": 0.0, "y_max": 0.99, "min_err": -0.029700986089760295, "max_err": 0.02908946046267491}