{"features": "0.11,0.08,0.13,0.11,0.12,0.12,0.06,0.08,0.13,0.06", "model_type": "linear", "parameters": "1.026358257127488,0.008335126412049254", "x_min": 0.0, "x_max": 0.9833333333333332, "y_min": 0.0, "y_max": 0.99, "min_err": -0.029394835933297253, "max_err": 0.04295589026358282}