{"features": "0.12,0.12,0.13,0.11,0.12,0.02,0.06,0.08,0.13,0.11", "model_type": "linear", "parameters": "0.9236268706027632,0.05666208099310521", "x_min": 0.0, "x_max": 0.9916666666666666, "y_min": 0.0, "y_max": 0.99, "min_err": -0.05666208099310521, "max_err": 0.07922137429386955}