{"features": "0.1,0.04,0.13,0.11,0.12,0.08,0.12,0.11,0.09,0.1", "model_type": "linear", "parameters": "1.0294978248764914,-0.03218867782217011", "x_min": 0.0, "x_max": 0.9916666666666666, "y_min": 0.0, "y_max": 0.99, "min_err": -0.03939429299057845, "max_err": 0.044976340956433256}