{"features": "0.06,0.08,0.13,0.11,0.12,0.12,0.08,0.11,0.09,0.1", "model_type": "linear", "parameters": "1.056399537158001,-0.04552442984584398", "x_min": 0.0, "x_max": 0.9916666666666666, "y_min": 0.0, "y_max": 0.99, "min_err": -0.03054215968048951, "max_err": 0.029291366503676808}