{"features": "0.07,0.12,0.13,0.11,0.12,0.08,0.12,0.11,0.13,0.01", "model_type": "linear", "parameters": "1.1076786002319634,-0.026070474859119452", "x_min": 0.0, "x_max": 0.9083333333333332, "y_min": 0.0, "y_max": 0.99, "min_err": -0.02007537527619252, "max_err": 0.02223117474313785}