{"features": "0.12,0.12,0.13,0.11,0.12,0.1,0.0,0.06,0.13,0.11", "model_type": "linear", "parameters": "0.9361749859786878,0.06201906898485682", "x_min": 0.0, "x_max": 0.9916666666666666, "y_min": 0.0, "y_max": 0.99, "min_err": -0.0641503084688726, "max_err": 0.08968031407739763}