{"features": "0.1,0.02,0.1,0.11,0.12,0.12,0.08,0.11,0.13,0.11", "model_type": "linear", "parameters": "1.0231303669524638,-0.05876931111302114", "x_min": 0.0, "x_max": 0.9916666666666666, "y_min": 0.0, "y_max": 0.99, "min_err": -0.04701328062509483, "max_err": 0.07203453359158635}