{"features": "0.12,0.08,0.07,0.11,0.07,0.13,0.12,0.08,0.11,0.11", "model_type": "linear", "parameters": "0.9782382672347998,-0.005939512679820458", "x_min": 0.0, "x_max": 0.9916666666666666, "y_min": 0.0, "y_max": 0.99, "min_err": -0.03862005412887948, "max_err": 0.041051787034310505}