{"features": "0.11,0.04,0.07,0.11,0.07,0.13,0.12,0.11,0.13,0.11", "model_type": "linear", "parameters": "1.000459610411341,-0.050667345845185674", "x_min": 0.0, "x_max": 0.9916666666666666, "y_min": 0.0, "y_max": 0.99, "min_err": -0.04956245936048481, "max_err": 0.0672957116442406}