{"features": "0.07,0.1,0.1,0.11,0.07,0.08,0.12,0.11,0.13,0.11", "model_type": "linear", "parameters": "0.9939506285222485,-0.034278709688097375", "x_min": 0.0, "x_max": 0.9916666666666666, "y_min": 0.0, "y_max": 0.99, "min_err": -0.045525823616547445, "max_err": 0.038611003070201155}