{"features": "0.11,0.08,0.13,0.11,0.07,0.13,0.12,0.11,0.04,0.1", "model_type": "linear", "parameters": "1.027433669377556,0.0031161307854949416", "x_min": 0.0, "x_max": 0.9916666666666666, "y_min": 0.0, "y_max": 0.99, "min_err": -0.044930327714921225, "max_err": 0.039251091978021235}