{"features": "0.02,0.12,0.13,0.11,0.12,0.08,0.12,0.11,0.13,0.06", "model_type": "linear", "parameters": "1.1089481882170598,-0.07749450216705717", "x_min": 0.08333333333333333, "x_max": 0.9833333333333332, "y_min": 0.0, "y_max": 0.99, "min_err": -0.01939194095956087, "max_err": 0.023020408058527286}