{"features": "0.11,0.06,0.1,0.07,0.11,0.13,0.12,0.08,0.11,0.11", "model_type": "linear", "parameters": "0.9981967541574834,-0.02406231216189142", "x_min": 0.0, "x_max": 0.9916666666666666, "y_min": 0.0, "y_max": 0.99, "min_err": -0.041853002070393275, "max_err": 0.04087924931543448}