{"features": "0.12,0.12,0.13,0.07,0.11,0.13,0.07,0.03,0.11,0.11", "model_type": "linear", "parameters": "0.9594016969753365,0.047678958785249304", "x_min": 0.0, "x_max": 0.9916666666666666, "y_min": 0.0, "y_max": 0.99, "min_err": -0.047678958785249304, "max_err": 0.06071492403932088}