{"features": "0.11,0.08,0.13,0.11,0.12,0.12,0.03,0.06,0.13,0.11", "model_type": "linear", "parameters": "0.9694080034186744,0.022817518334820597", "x_min": 0.0, "x_max": 0.9916666666666666, "y_min": 0.0, "y_max": 0.99, "min_err": -0.04987352089882646, "max_err": 0.06169447967095276}