{"features": "0.07,0.12,0.1,0.09,0.12,0.13,0.12,0.05,0.09,0.11", "model_type": "linear", "parameters": "1.0245746109991012,-0.016860399411634253", "x_min": 0.0, "x_max": 0.9916666666666666, "y_min": 0.0, "y_max": 0.99, "min_err": -0.03695177642094993, "max_err": 0.04696756292063431}