{"features": "0.12,0.1,0.1,0.11,0.12,0.08,0.12,0.11,0.09,0.05", "model_type": "linear", "parameters": "1.0401973274062832,0.010441411649906307", "x_min": 0.0, "x_max": 0.9833333333333332, "y_min": 0.0, "y_max": 0.99, "min_err": -0.02862887268587533, "max_err": 0.022727482178191094}