{"features": "0.07,0.12,0.13,0.11,0.12,0.13,0.12,0.05,0.05,0.1", "model_type": "linear", "parameters": "1.0590285433840945,-0.003184677283601167", "x_min": 0.0, "x_max": 0.9916666666666666, "y_min": 0.0, "y_max": 0.99, "min_err": -0.06759148748515198, "max_err": 0.05773850760706445}