{"features": "0.12,0.12,0.1,0.05,0.11,0.13,0.12,0.11,0.09,0.05", "model_type": "linear", "parameters": "1.0278072596051793,0.011930587985565733", "x_min": 0.0, "x_max": 0.9833333333333332, "y_min": 0.0, "y_max": 0.99, "min_err": -0.04018361282105698, "max_err": 0.031563362343451584}