{"features": "0.11,0.08,0.1,0.09,0.02,0.13,0.12,0.11,0.13,0.11", "model_type": "linear", "parameters": "0.9589841594395687,-0.012062874303672089", "x_min": 0.0, "x_max": 0.9916666666666666, "y_min": 0.0, "y_max": 0.99, "min_err": -0.06742920541611225, "max_err": 0.05107024952609995}