{"features": "0.12,0.12,0.13,0.03,0.1,0.13,0.12,0.08,0.11,0.06", "model_type": "linear", "parameters": "1.0021375470544098,0.023577795573154647", "x_min": 0.0, "x_max": 0.9833333333333332, "y_min": 0.0, "y_max": 0.99, "min_err": -0.041135106845825276, "max_err": 0.040727501634162167}