{"features": "0.12,0.1,0.1,0.07,0.11,0.13,0.07,0.06,0.13,0.11", "model_type": "linear", "parameters": "0.9569920677619526,0.02089017976293256", "x_min": 0.0, "x_max": 0.9916666666666666, "y_min": 0.0, "y_max": 0.99, "min_err": -0.03863423058439697, "max_err": 0.0390900422937821}