{"features": "0.11,0.08,0.1,0.05,0.11,0.13,0.12,0.08,0.11,0.11", "model_type": "linear", "parameters": "0.9852763030593745,-0.013238359661460752", "x_min": 0.0, "x_max": 0.9916666666666666, "y_min": 0.0, "y_max": 0.99, "min_err": -0.04729343327994523, "max_err": 0.031132001073179552}