{"features": "0.12,0.12,0.1,0.09,0.12,0.1,0.03,0.08,0.13,0.11", "model_type": "linear", "parameters": "0.9385885527418899,0.041739944738395596", "x_min": 0.0, "x_max": 0.9916666666666666, "y_min": 0.0, "y_max": 0.99, "min_err": -0.045681359294813095, "max_err": 0.05857163743501781}