{"features": "0.12,0.08,0.04,0.09,0.12,0.13,0.12,0.08,0.11,0.11", "model_type": "linear", "parameters": "0.988750440159879,-0.019562208233203815", "x_min": 0.0, "x_max": 0.9916666666666666, "y_min": 0.0, "y_max": 0.99, "min_err": -0.06002127182008915, "max_err": 0.05301005520788965}