{"features": "0.12,0.12,0.13,0.11,0.02,0.13,0.12,0.11,0.04,0.1", "model_type": "linear", "parameters": "0.9890326555760938,0.037572396796056506", "x_min": 0.0, "x_max": 0.9916666666666666, "y_min": 0.0, "y_max": 0.99, "min_err": -0.04418566440747573, "max_err": 0.048572602177038515}