{"features": "0.02,0.12,0.1,0.09,0.12,0.13,0.12,0.11,0.09,0.1", "model_type": "linear", "parameters": "1.1039673875703284,-0.09332262029268762", "x_min": 0.08333333333333333, "x_max": 0.9916666666666666, "y_min": 0.0, "y_max": 0.99, "min_err": -0.024666508897421835, "max_err": 0.023349797317414045}