{"features": "0.07,0.12,0.13,0.07,0.11,0.13,0.12,0.11,0.04,0.1", "model_type": "linear", "parameters": "1.0534956851570803,-0.018140189978594623", "x_min": 0.0, "x_max": 0.9916666666666666, "y_min": 0.0, "y_max": 0.99, "min_err": -0.0475641880820622, "max_err": 0.03900624972400346}