{"features": "0.07,0.12,0.1,0.09,0.12,0.13,0.12,0.08,0.07,0.1", "model_type": "linear", "parameters": "1.045406315173247,-0.02247612601075727", "x_min": 0.0, "x_max": 0.9916666666666666, "y_min": 0.0, "y_max": 0.99, "min_err": -0.035812996231385674, "max_err": 0.03842138963082209}