{"features": "0.07,0.12,0.1,0.09,0.07,0.13,0.1,0.08,0.13,0.11", "model_type": "linear", "parameters": "0.9916573605728173,-0.020661827497865104", "x_min": 0.0, "x_max": 0.9916666666666666, "y_min": 0.0, "y_max": 0.99, "min_err": -0.025166852788543526, "max_err": 0.02726827826315481}