{"features": "0.12,0.12,0.13,0.07,0.11,0.07,0.08,0.11,0.13,0.06", "model_type": "linear", "parameters": "0.9771636921895993,0.03573306467088827", "x_min": 0.0, "x_max": 0.9833333333333332, "y_min": 0.0, "y_max": 0.99, "min_err": -0.03717552613062114, "max_err": 0.038545704599245334}