{"features": "0.11,0.08,0.13,0.11,0.12,0.07,0.08,0.08,0.11,0.11", "model_type": "linear", "parameters": "0.9728213943393087,0.017506832278455897", "x_min": 0.0, "x_max": 0.9916666666666666, "y_min": 0.0, "y_max": 0.99, "min_err": -0.029643731335007334, "max_err": 0.046082470551889854}