{"features": "0.07,0.12,0.13,0.07,0.11,0.13,0.07,0.06,0.13,0.11", "model_type": "linear", "parameters": "0.9912345092620578,-0.004334384040761696", "x_min": 0.0, "x_max": 0.9916666666666666, "y_min": 0.0, "y_max": 0.99, "min_err": -0.0390914979057817, "max_err": 0.0417716654432404}