{"features": "0.1,0.04,0.13,0.11,0.12,0.13,0.12,0.08,0.11,0.06", "model_type": "linear", "parameters": "1.0817106299647359,-0.040897474595029626", "x_min": 0.0, "x_max": 0.9833333333333332, "y_min": 0.0, "y_max": 0.99, "min_err": -0.039387630399093015, "max_err": 0.04976917734767443}