{"features": "0.12,0.12,0.13,0.11,0.02,0.08,0.12,0.11,0.09,0.1", "model_type": "linear", "parameters": "0.9469619444460148,0.04164196909647033", "x_min": 0.0, "x_max": 0.9916666666666666, "y_min": 0.0, "y_max": 0.99, "min_err": -0.04403643668997881, "max_err": 0.06168190358807363}