{"features": "0.06,0.08,0.13,0.11,0.12,0.13,0.12,0.11,0.13,0.01", "model_type": "linear", "parameters": "1.1606429434172634,-0.0751658459537306", "x_min": 0.0, "x_max": 0.9083333333333332, "y_min": 0.0, "y_max": 0.99, "min_err": -0.018274644615813268, "max_err": 0.037789649725913026}