{"features": "0.07,0.12,0.13,0.07,0.11,0.08,0.12,0.11,0.13,0.06", "model_type": "linear", "parameters": "1.0321202573892612,-0.02020002848013952", "x_min": 0.0, "x_max": 0.9833333333333332, "y_min": 0.0, "y_max": 0.99, "min_err": -0.03187012166359593, "max_err": 0.02615994268371913}