{"features": "0.02,0.12,0.13,0.07,0.11,0.13,0.12,0.11,0.13,0.06", "model_type": "linear", "parameters": "1.1174157435131693,-0.09117767545128358", "x_min": 0.08333333333333333, "x_max": 0.9833333333333332, "y_min": 0.0, "y_max": 0.99, "min_err": -0.02441221767920354, "max_err": 0.0187057609468938}