{"features": "0.11,0.08,0.13,0.11,0.07,0.12,0.08,0.11,0.13,0.06", "model_type": "linear", "parameters": "1.0113061893701332,0.002830987839868515", "x_min": 0.0, "x_max": 0.9833333333333332, "y_min": 0.0, "y_max": 0.99, "min_err": -0.027035114086623957, "max_err": 0.025791433255909435}