{"features": "0.12,0.12,0.1,0.09,0.12,0.13,0.07,0.06,0.13,0.06", "model_type": "linear", "parameters": "1.0077785505988657,0.02932232807744073", "x_min": 0.0, "x_max": 0.9833333333333332, "y_min": 0.0, "y_max": 0.99, "min_err": -0.035156241026589985, "max_err": 0.04722345944497286}