{"features": "0.12,0.1,0.1,0.07,0.01,0.13,0.12,0.11,0.13,0.11", "model_type": "linear", "parameters": "0.9340793155729623,0.008889556187237524", "x_min": 0.0, "x_max": 0.9916666666666666, "y_min": 0.0, "y_max": 0.99, "min_err": -0.07592921397371866, "max_err": 0.054815122536241545}