{"features": "0.12,0.1,0.1,0.07,0.11,0.12,0.08,0.08,0.11,0.11", "model_type": "linear", "parameters": "0.962605548854041,0.018510253317249648", "x_min": 0.0, "x_max": 0.9916666666666666, "y_min": 0.0, "y_max": 0.99, "min_err": -0.020681544028950394, "max_err": 0.0210554885404102}