{"features": "0.12,0.12,0.13,0.11,0.07,0.08,0.1,0.05,0.11,0.11", "model_type": "linear", "parameters": "0.9454698490951727,0.05062917092526881", "x_min": 0.0, "x_max": 0.9916666666666666, "y_min": 0.0, "y_max": 0.99, "min_err": -0.05062917092526881, "max_err": 0.055425058618409295}