{"features": "0.12,0.08,0.07,0.07,0.11,0.08,0.12,0.11,0.13,0.11", "model_type": "linear", "parameters": "0.960285992093297,-0.01275121831933096", "x_min": 0.0, "x_max": 0.9916666666666666, "y_min": 0.0, "y_max": 0.99, "min_err": -0.0474156104017589, "max_err": 0.05070593623789227}