{"features": "0.12,0.08,0.07,0.11,0.12,0.03,0.12,0.11,0.13,0.11", "model_type": "linear", "parameters": "0.9552616446233472,-0.0025321065746600757", "x_min": 0.0, "x_max": 0.9916666666666666, "y_min": 0.0, "y_max": 0.99, "min_err": -0.05470385278895906, "max_err": 0.04523097565650758}