{"features": "0.12,0.12,0.13,0.07,0.01,0.08,0.12,0.11,0.13,0.11", "model_type": "linear", "parameters": "0.9113344894656666,0.03591525093167036", "x_min": 0.0, "x_max": 0.9916666666666666, "y_min": 0.0, "y_max": 0.99, "min_err": -0.06752703645330915, "max_err": 0.06030658591310745}