{"features": "0.12,0.1,0.1,0.11,0.12,0.02,0.08,0.11,0.13,0.11", "model_type": "linear", "parameters": "0.9343442951949988,0.028217162525498496", "x_min": 0.0, "x_max": 0.9916666666666666, "y_min": 0.0, "y_max": 0.99, "min_err": -0.05111335932216432, "max_err": 0.05239689233696054}