{"features": "0.12,0.1,0.1,0.11,0.12,0.13,0.12,0.08,0.07,0.05", "model_type": "linear", "parameters": "1.0752150662636601,0.007569169960473965", "x_min": 0.0, "x_max": 0.9833333333333332, "y_min": 0.0, "y_max": 0.99, "min_err": -0.04318298070216242, "max_err": 0.03601953034178096}