{"features": "0.07,0.12,0.13,0.07,0.11,0.03,0.12,0.11,0.13,0.11", "model_type": "linear", "parameters": "0.9693564318371356,-0.00946924306857605", "x_min": 0.0, "x_max": 0.9916666666666666, "y_min": 0.0, "y_max": 0.99, "min_err": -0.05598867550308628, "max_err": 0.038190781496749926}