{"features": "0.12,0.1,0.1,0.11,0.12,0.13,0.07,0.06,0.13,0.06", "model_type": "linear", "parameters": "1.018825335591997,0.019972687280231438", "x_min": 0.0, "x_max": 0.9833333333333332, "y_min": 0.0, "y_max": 0.99, "min_err": -0.034091688974229095, "max_err": 0.049300633455037435}