{"features": "0.12,0.12,0.13,0.11,0.07,0.08,0.1,0.08,0.09,0.1", "model_type": "linear", "parameters": "0.9623015410439932,0.046727865463673024", "x_min": 0.0, "x_max": 0.9916666666666666, "y_min": 0.0, "y_max": 0.99, "min_err": -0.046727865463673024, "max_err": 0.05231315910132989}