{"features": "0.1,0.02,0.1,0.11,0.12,0.08,0.12,0.11,0.13,0.11", "model_type": "linear", "parameters": "1.0203998341155793,-0.06154307619053895", "x_min": 0.0, "x_max": 0.9916666666666666, "y_min": 0.0, "y_max": 0.99, "min_err": -0.04355688233835589, "max_err": 0.07501308863187049}