{"features": "0.12,0.08,0.04,0.09,0.12,0.13,0.1,0.08,0.13,0.11", "model_type": "linear", "parameters": "0.9781225643907131,-0.018106795236628337", "x_min": 0.0, "x_max": 0.9916666666666666, "y_min": 0.0, "y_max": 0.99, "min_err": -0.05793405956027603, "max_err": 0.053237389208098784}