{"features": "0.12,0.1,0.1,0.11,0.07,0.13,0.12,0.08,0.11,0.06", "model_type": "linear", "parameters": "1.0189689685352563,0.011838880752865932", "x_min": 0.0, "x_max": 0.9833333333333332, "y_min": 0.0, "y_max": 0.99, "min_err": -0.021323365020494034, "max_err": 0.023934392845691876}