{"features": "0.07,0.12,0.13,0.11,0.07,0.03,0.12,0.11,0.13,0.11", "model_type": "linear", "parameters": "0.9633996551448062,-0.0023550719685062615", "x_min": 0.0, "x_max": 0.9916666666666666, "y_min": 0.0, "y_max": 0.99, "min_err": -0.05962806019929723, "max_err": 0.050938548991503796}