{"features": "0.12,0.12,0.13,0.11,0.12,0.12,0.08,0.05,0.05,0.1", "model_type": "linear", "parameters": "1.0084179557133877,0.05003557704146766", "x_min": 0.0, "x_max": 0.9916666666666666, "y_min": 0.0, "y_max": 0.99, "min_err": -0.07441870311207299, "max_err": 0.06172061545905627}