{"features": "0.12,0.12,0.1,0.09,0.12,0.08,0.12,0.08,0.07,0.1", "model_type": "linear", "parameters": "0.9857310017551847,0.03170642917506317", "x_min": 0.0, "x_max": 0.9916666666666666, "y_min": 0.0, "y_max": 0.99, "min_err": -0.03529318078398236, "max_err": 0.02899531950854839}