{"features": "0.07,0.12,0.1,0.09,0.12,0.1,0.05,0.11,0.13,0.11", "model_type": "linear", "parameters": "0.98517154349552,-0.013594809329562307", "x_min": 0.0, "x_max": 0.9916666666666666, "y_min": 0.0, "y_max": 0.99, "min_err": -0.043186219667450954, "max_err": 0.037121171819638366}