{"features": "0.12,0.12,0.13,0.11,0.02,0.13,0.07,0.06,0.13,0.11", "model_type": "linear", "parameters": "0.9318239912360781,0.04850100419937914", "x_min": 0.0, "x_max": 0.9916666666666666, "y_min": 0.0, "y_max": 0.99, "min_err": -0.04850100419937914, "max_err": 0.0610041993792223}