{"features": "0.11,0.08,0.13,0.11,0.12,0.13,0.07,0.06,0.09,0.1", "model_type": "linear", "parameters": "1.009550052603498,0.015884370868589848", "x_min": 0.0, "x_max": 0.9916666666666666, "y_min": 0.0, "y_max": 0.99, "min_err": -0.04130525242179628, "max_err": 0.059495177834107404}