{"features": "0.11,0.08,0.13,0.11,0.12,0.13,0.12,0.05,0.05,0.1", "model_type": "linear", "parameters": "1.0374711249514492,0.011279087991386771", "x_min": 0.0, "x_max": 0.9916666666666666, "y_min": 0.0, "y_max": 0.99, "min_err": -0.06229428586354846, "max_err": 0.059263161002955145}