{"features": "0.11,0.08,0.13,0.07,0.01,0.13,0.12,0.11,0.13,0.11", "model_type": "linear", "parameters": "0.9498173047843135,-0.0032583278014379213", "x_min": 0.0, "x_max": 0.9916666666666666, "y_min": 0.0, "y_max": 0.99, "min_err": -0.0716503245907188, "max_err": 0.05135616722366043}