{"features": "0.07,0.12,0.13,0.11,0.12,0.13,0.12,0.05,0.09,0.06", "model_type": "linear", "parameters": "1.0901841057915003,-0.013298339325287067", "x_min": 0.0, "x_max": 0.9833333333333332, "y_min": 0.0, "y_max": 0.99, "min_err": -0.045188415500963086, "max_err": 0.04474512752992432}