{"features": "0.11,0.08,0.13,0.07,0.11,0.12,0.06,0.08,0.13,0.11", "model_type": "linear", "parameters": "0.9657483014398802,0.008906688275260255", "x_min": 0.0, "x_max": 0.9916666666666666, "y_min": 0.0, "y_max": 0.99, "min_err": -0.03321791435517052, "max_err": 0.027740135884809614}