{"features": "0.12,0.12,0.13,0.11,0.12,0.13,0.07,0.06,0.09,0.05", "model_type": "linear", "parameters": "1.0564830541414705,0.03763087781125507", "x_min": 0.0, "x_max": 0.9833333333333332, "y_min": 0.0, "y_max": 0.99, "min_err": -0.050000000000000044, "max_err": 0.0568511115456104}