{"features": "0.11,0.08,0.13,0.11,0.12,0.12,0.08,0.08,0.11,0.06", "model_type": "linear", "parameters": "1.0421936327954648,0.005168992586131516", "x_min": 0.0, "x_max": 0.9833333333333332, "y_min": 0.0, "y_max": 0.99, "min_err": -0.02886793138537566, "max_err": 0.03688472161651413}