{"features": "0.12,0.12,0.13,0.11,0.12,0.13,0.07,0.03,0.07,0.1", "model_type": "linear", "parameters": "1.0029515217377325,0.05244764103322552", "x_min": 0.0, "x_max": 0.9916666666666666, "y_min": 0.0, "y_max": 0.99, "min_err": -0.07181986929281359, "max_err": 0.07727594048943409}