{"features": "0.11,0.08,0.13,0.11,0.02,0.13,0.12,0.08,0.11,0.11", "model_type": "linear", "parameters": "0.9692362989281907,0.006747214414923819", "x_min": 0.0, "x_max": 0.9916666666666666, "y_min": 0.0, "y_max": 0.99, "min_err": -0.04136536387901918, "max_err": 0.037481296856064994}