{"features": "0.11,0.06,0.1,0.11,0.12,0.13,0.07,0.06,0.13,0.11", "model_type": "linear", "parameters": "0.9908179871167905,-0.008252969289736567", "x_min": 0.0, "x_max": 0.9916666666666666, "y_min": 0.0, "y_max": 0.99, "min_err": -0.03945152748946104, "max_err": 0.04596446110451624}