{"features": "0.07,0.08,0.07,0.11,0.07,0.13,0.12,0.11,0.13,0.11", "model_type": "linear", "parameters": "1.0276019819543454,-0.069752922582409", "x_min": 0.0, "x_max": 0.9916666666666666, "y_min": 0.0, "y_max": 0.99, "min_err": -0.04404806839476366, "max_err": 0.04704927543963766}