{"features": "0.06,0.08,0.1,0.09,0.12,0.13,0.1,0.08,0.13,0.11", "model_type": "linear", "parameters": "1.040425994349055,-0.06336195030065966", "x_min": 0.0, "x_max": 0.9916666666666666, "y_min": 0.0, "y_max": 0.99, "min_err": -0.03344671448235864, "max_err": 0.034000217344055984}