{"features": "0.12,0.12,0.1,0.05,0.11,0.03,0.12,0.11,0.13,0.11", "model_type": "linear", "parameters": "0.9236566838758998,0.025859375981365784", "x_min": 0.0, "x_max": 0.9916666666666666, "y_min": 0.0, "y_max": 0.99, "min_err": -0.06465910824230725, "max_err": 0.04818107917503367}