{"features": "0.07,0.12,0.13,0.11,0.12,0.13,0.07,0.06,0.09,0.1", "model_type": "linear", "parameters": "1.0296034781909655,0.0020773348160751937", "x_min": 0.0, "x_max": 0.9916666666666666, "y_min": 0.0, "y_max": 0.99, "min_err": -0.04588052315779356, "max_err": 0.06010037537487256}