{"features": "0.12,0.12,0.1,0.05,0.06,0.13,0.12,0.11,0.13,0.06", "model_type": "linear", "parameters": "0.9788230748798689,0.014561007413130989", "x_min": 0.0, "x_max": 0.9833333333333332, "y_min": 0.0, "y_max": 0.99, "min_err": -0.05397254485306541, "max_err": 0.04073322386690176}