{"features": "0.05,0.02,0.1,0.11,0.12,0.13,0.12,0.11,0.13,0.11", "model_type": "linear", "parameters": "1.117599107262986,-0.14249715743459507", "x_min": 0.0, "x_max": 0.9916666666666666, "y_min": 0.0, "y_max": 0.99, "min_err": -0.03690261938115144, "max_err": 0.04}