{"features": "0.07,0.12,0.13,0.11,0.12,0.12,0.08,0.11,0.09,0.05", "model_type": "linear", "parameters": "1.08750890524816,-0.016129185466635276", "x_min": 0.0, "x_max": 0.9833333333333332, "y_min": 0.0, "y_max": 0.99, "min_err": -0.0388791260983139, "max_err": 0.03174899073854209}