{"features": "0.11,0.08,0.06,0.08,0.12,0.12,0.08,0.11,0.13,0.11", "model_type": "linear", "parameters": "0.9760976986304658,-0.02111165815085886", "x_min": 0.0, "x_max": 0.9916666666666666, "y_min": 0.0, "y_max": 0.99, "min_err": -0.05425424139262974, "max_err": 0.04314810700898031}