{"features": "0.11,0.08,0.13,0.07,0.11,0.12,0.08,0.11,0.13,0.06", "model_type": "linear", "parameters": "1.0152186443448414,-0.003303151265926396", "x_min": 0.0, "x_max": 0.9833333333333332, "y_min": 0.0, "y_max": 0.99, "min_err": -0.023509278297301206, "max_err": 0.022686060616488368}