{"features": "0.11,0.06,0.1,0.11,0.07,0.13,0.12,0.11,0.09,0.1", "model_type": "linear", "parameters": "1.0097640913591204,-0.02166262674541669", "x_min": 0.0, "x_max": 0.9916666666666666, "y_min": 0.0, "y_max": 0.99, "min_err": -0.033219418934143485, "max_err": 0.037515619132156675}