{"features": "0.12,0.12,0.13,0.11,0.12,0.12,0.08,0.08,0.11,0.01", "model_type": "linear", "parameters": "1.0950275993463516,0.025506916780251854", "x_min": 0.0, "x_max": 0.9083333333333332, "y_min": 0.0, "y_max": 0.99, "min_err": -0.03802991623554475, "max_err": 0.035726983601043094}