{"features": "0.12,0.1,0.1,0.11,0.12,0.08,0.12,0.08,0.11,0.06", "model_type": "linear", "parameters": "1.0203712716401312,0.015425502329138363", "x_min": 0.0, "x_max": 0.9833333333333332, "y_min": 0.0, "y_max": 0.99, "min_err": -0.02051832023917116, "max_err": 0.02438886185079614}