{"features": "0.07,0.12,0.13,0.11,0.12,0.13,0.12,0.08,0.11,0.01", "model_type": "linear", "parameters": "1.1512289060619394,-0.03216690323419641", "x_min": 0.0, "x_max": 0.9083333333333332, "y_min": 0.0, "y_max": 0.99, "min_err": -0.027190518484086268, "max_err": 0.018745223687741785}