{"features": "0.07,0.12,0.13,0.07,0.11,0.12,0.08,0.11,0.13,0.06", "model_type": "linear", "parameters": "1.0374043332974021,-0.018515144982214127", "x_min": 0.0, "x_max": 0.9833333333333332, "y_min": 0.0, "y_max": 0.99, "min_err": -0.0230877438827205, "max_err": 0.02271370054974675}