{"features": "0.12,0.12,0.13,0.07,0.11,0.13,0.12,0.05,0.05,0.1", "model_type": "linear", "parameters": "1.0044569701529653,0.03922764979309196", "x_min": 0.0, "x_max": 0.9916666666666666, "y_min": 0.0, "y_max": 0.99, "min_err": -0.059979872433310155, "max_err": 0.05580009734345881}