{"features": "0.11,0.06,0.1,0.11,0.12,0.13,0.1,0.08,0.13,0.06", "model_type": "linear", "parameters": "1.045406315173247,-0.02247612601075727", "x_min": 0.0, "x_max": 0.9833333333333332, "y_min": 0.0, "y_max": 0.99, "min_err": -0.03887545278255444, "max_err": 0.035358933079653376}