{"features": "0.07,0.12,0.13,0.11,0.12,0.08,0.1,0.05,0.11,0.11", "model_type": "linear", "parameters": "0.9997400179471484,0.0042942745242744995", "x_min": 0.0, "x_max": 0.9916666666666666, "y_min": 0.0, "y_max": 0.99, "min_err": -0.03760594268653686, "max_err": 0.04583571650215135}