{"features": "0.07,0.12,0.1,0.09,0.12,0.08,0.12,0.11,0.09,0.1", "model_type": "linear", "parameters": "1.0195091907459293,-0.022400914303559116", "x_min": 0.0, "x_max": 0.9916666666666666, "y_min": 0.0, "y_max": 0.99, "min_err": -0.022312780298232804, "max_err": 0.022809922015284756}