{"features": "0.02,0.12,0.1,0.09,0.12,0.13,0.12,0.11,0.13,0.06", "model_type": "linear", "parameters": "1.1310076670610139,-0.10302030395851108", "x_min": 0.08333333333333333, "x_max": 0.9833333333333332, "y_min": 0.0, "y_max": 0.99, "min_err": -0.023982251728493498, "max_err": 0.02026838719325763}