{"features": "0.1,0.04,0.13,0.11,0.12,0.13,0.07,0.06,0.13,0.11", "model_type": "linear", "parameters": "1.0091084028223223,-0.02216805644644021", "x_min": 0.0, "x_max": 0.9916666666666666, "y_min": 0.0, "y_max": 0.99, "min_err": -0.046016677357280156, "max_err": 0.047838357921744734}