{"features": "0.11,0.08,0.1,0.09,0.12,0.1,0.05,0.11,0.13,0.11", "model_type": "linear", "parameters": "0.9651135373816934,0.0007814427324577822", "x_min": 0.0, "x_max": 0.9916666666666666, "y_min": 0.0, "y_max": 0.99, "min_err": -0.044190467653586585, "max_err": 0.03427827327306854}