{"features": "0.06,0.08,0.13,0.11,0.12,0.13,0.1,0.05,0.11,0.11", "model_type": "linear", "parameters": "1.0452896559305267,-0.0398398739511196", "x_min": 0.0, "x_max": 0.9916666666666666, "y_min": 0.0, "y_max": 0.99, "min_err": -0.03437506870396817, "max_err": 0.042980103330768404}