{"features": "0.07,0.1,0.1,0.11,0.12,0.08,0.1,0.08,0.13,0.11", "model_type": "linear", "parameters": "1.0040746228448278,-0.027118803879310593", "x_min": 0.0, "x_max": 0.9916666666666666, "y_min": 0.0, "y_max": 0.99, "min_err": -0.02593716325431039, "max_err": 0.02508149245689667}