{"features": "0.12,0.12,0.13,0.11,0.12,0.13,0.07,0.06,0.04,0.1", "model_type": "linear", "parameters": "1.0228152101400931,0.04751834556370921", "x_min": 0.0, "x_max": 0.9916666666666666, "y_min": 0.0, "y_max": 0.99, "min_err": -0.08509895485879448, "max_err": 0.06912830776072965}