{"features": "0.12,0.12,0.1,0.09,0.02,0.13,0.1,0.08,0.13,0.11", "model_type": "linear", "parameters": "0.9321527478109828,0.029312023072763094", "x_min": 0.0, "x_max": 0.9916666666666666, "y_min": 0.0, "y_max": 0.99, "min_err": -0.045388396978254475, "max_err": 0.0376497899744912}