{"features": "0.12,0.12,0.1,0.09,0.07,0.1,0.05,0.11,0.13,0.11", "model_type": "linear", "parameters": "0.9279597905033229,0.03527325378814533", "x_min": 0.0, "x_max": 0.9916666666666666, "y_min": 0.0, "y_max": 0.99, "min_err": -0.05391311412369382, "max_err": 0.034499953962726204}