{"features": "0.12,0.12,0.13,0.11,0.02,0.07,0.08,0.11,0.13,0.11", "model_type": "linear", "parameters": "0.9125442395025134,0.04671264234439021", "x_min": 0.0, "x_max": 0.9916666666666666, "y_min": 0.0, "y_max": 0.99, "min_err": -0.055075468679399164, "max_err": 0.07066512652541684}