{"features": "0.06,0.08,0.13,0.11,0.12,0.12,0.08,0.11,0.13,0.06", "model_type": "linear", "parameters": "1.0816296600475173,-0.05392705247411517", "x_min": 0.0, "x_max": 0.9833333333333332, "y_min": 0.0, "y_max": 0.99, "min_err": -0.026344557533804353, "max_err": 0.029845569471739303}