{"features": "0.11,0.08,0.13,0.11,0.12,0.08,0.1,0.05,0.11,0.11", "model_type": "linear", "parameters": "0.9808547669696381,0.01765068007477605", "x_min": 0.0, "x_max": 0.9916666666666666, "y_min": 0.0, "y_max": 0.99, "min_err": -0.03502965254947443, "max_err": 0.04192193644040487}