{"features": "0.1,0.04,0.13,0.11,0.12,0.13,0.1,0.05,0.11,0.11", "model_type": "linear", "parameters": "1.0230572047999051,-0.02462780527128522", "x_min": 0.0, "x_max": 0.9916666666666666, "y_min": 0.0, "y_max": 0.99, "min_err": -0.04588172886203229, "max_err": 0.042589668738015174}