{"features": "0.12,0.1,0.07,0.09,0.07,0.13,0.12,0.11,0.13,0.06", "model_type": "linear", "parameters": "0.9992375941487444,-0.003786099079248262", "x_min": 0.0, "x_max": 0.9833333333333332, "y_min": 0.0, "y_max": 0.99, "min_err": -0.045832697995123906, "max_err": 0.03781830444289924}