{"features": "0.11,0.08,0.1,0.09,0.12,0.07,0.08,0.11,0.13,0.11", "model_type": "linear", "parameters": "0.9627051372491268,-0.0015953999643412153", "x_min": 0.0, "x_max": 0.9916666666666666, "y_min": 0.0, "y_max": 0.99, "min_err": -0.04020802486840991, "max_err": 0.036912805525623926}