{"features": "0.07,0.1,0.1,0.11,0.12,0.13,0.1,0.05,0.11,0.11", "model_type": "linear", "parameters": "1.0269158449491966,-0.02615979131171725", "x_min": 0.0, "x_max": 0.9916666666666666, "y_min": 0.0, "y_max": 0.99, "min_err": -0.030569169925581896, "max_err": 0.041549228012252915}