{"features": "0.07,0.12,0.13,0.11,0.12,0.12,0.06,0.05,0.11,0.11", "model_type": "linear", "parameters": "1.0027433448486085,0.0069982388403437845", "x_min": 0.0, "x_max": 0.9916666666666666, "y_min": 0.0, "y_max": 0.99, "min_err": -0.04261769288085071, "max_err": 0.05806814333130139}