{"features": "0.07,0.12,0.13,0.03,0.1,0.13,0.12,0.11,0.09,0.1", "model_type": "linear", "parameters": "1.014433842910994,-0.02447466372400492", "x_min": 0.0, "x_max": 0.9916666666666666, "y_min": 0.0, "y_max": 0.99, "min_err": -0.04820610415557586, "max_err": 0.03478366477793188}