{"features": "0.11,0.08,0.13,0.11,0.12,0.13,0.12,0.11,0.09,0.0", "model_type": "linear", "parameters": "1.1519672889558674,-0.022905293659742088", "x_min": 0.0, "x_max": 0.8999999999999999, "y_min": 0.0, "y_max": 0.99, "min_err": -0.019089254499569136, "max_err": 0.026908019580086484}