{"features": "0.12,0.12,0.1,0.09,0.07,0.12,0.08,0.11,0.13,0.06", "model_type": "linear", "parameters": "0.9837003977879111,0.0244633097247825", "x_min": 0.0, "x_max": 0.9833333333333332, "y_min": 0.0, "y_max": 0.99, "min_err": -0.030263574916723157, "max_err": 0.02961159082823972}