{"features": "0.11,0.08,0.1,0.09,0.12,0.12,0.08,0.11,0.13,0.06", "model_type": "linear", "parameters": "1.023302193765089,-0.011534585913719086", "x_min": 0.0, "x_max": 0.9833333333333332, "y_min": 0.0, "y_max": 0.99, "min_err": -0.02956614534131058, "max_err": 0.02625940309996168}