{"features": "0.12,0.12,0.1,0.05,0.11,0.07,0.08,0.11,0.13,0.11", "model_type": "linear", "parameters": "0.9284681663100679,0.0276710229572657", "x_min": 0.0, "x_max": 0.9916666666666666, "y_min": 0.0, "y_max": 0.99, "min_err": -0.046649800497310934, "max_err": 0.04159804545191714}