{"features": "0.02,0.12,0.13,0.11,0.12,0.13,0.12,0.05,0.09,0.11", "model_type": "linear", "parameters": "1.0858558335397572,-0.06150111468912561", "x_min": 0.08333333333333333, "x_max": 0.9916666666666666, "y_min": 0.0, "y_max": 0.99, "min_err": -0.0433787465940052, "max_err": 0.04615803814713915}