{"features": "0.11,0.08,0.13,0.07,0.11,0.13,0.1,0.08,0.13,0.06", "model_type": "linear", "parameters": "1.0247493514688362,-0.0037113510481669443", "x_min": 0.0, "x_max": 0.9833333333333332, "y_min": 0.0, "y_max": 0.99, "min_err": -0.023267545397181344, "max_err": 0.020545116735609437}