{"features": "0.12,0.12,0.13,0.03,0.1,0.07,0.08,0.11,0.13,0.11", "model_type": "linear", "parameters": "0.9212170058432402,0.034775337497481185", "x_min": 0.0, "x_max": 0.9916666666666666, "y_min": 0.0, "y_max": 0.99, "min_err": -0.04892000805964125, "max_err": 0.05582913560346575}