{"features": "0.12,0.12,0.1,0.09,0.07,0.08,0.12,0.11,0.09,0.1", "model_type": "linear", "parameters": "0.9586792104777723,0.02844278423415081", "x_min": 0.0, "x_max": 0.9916666666666666, "y_min": 0.0, "y_max": 0.99, "min_err": -0.037672323679517894, "max_err": 0.03188741314640614}