{"features": "0.02,0.1,0.1,0.07,0.11,0.13,0.12,0.11,0.13,0.11", "model_type": "linear", "parameters": "1.0914096339574935,-0.11846316508694127", "x_min": 0.08333333333333333, "x_max": 0.9916666666666666, "y_min": 0.0, "y_max": 0.99, "min_err": -0.03629084906201424, "max_err": 0.03656155942735903}