{"features": "0.12,0.1,0.1,0.11,0.12,0.12,0.03,0.06,0.13,0.11", "model_type": "linear", "parameters": "0.9557110183796488,0.033471220707494476", "x_min": 0.0, "x_max": 0.9916666666666666, "y_min": 0.0, "y_max": 0.99, "min_err": -0.05025448449223102, "max_err": 0.0590306852377106}