{"features": "0.07,0.1,0.07,0.09,0.12,0.13,0.12,0.08,0.11,0.11", "model_type": "linear", "parameters": "1.0314070799614992,-0.04992674057965879", "x_min": 0.0, "x_max": 0.9916666666666666, "y_min": 0.0, "y_max": 0.99, "min_err": -0.04387561940750756, "max_err": 0.028356386581583827}