{"features": "0.11,0.08,0.13,0.11,0.07,0.1,0.05,0.11,0.13,0.11", "model_type": "linear", "parameters": "0.9526504024230947,0.015102359779365915", "x_min": 0.0, "x_max": 0.9916666666666666, "y_min": 0.0, "y_max": 0.99, "min_err": -0.050202628061429055, "max_err": 0.03795997254434469}