{"features": "0.11,0.04,0.07,0.11,0.12,0.13,0.12,0.08,0.11,0.11", "model_type": "linear", "parameters": "1.0206849287987716,-0.04468715610235058", "x_min": 0.0, "x_max": 0.9916666666666666, "y_min": 0.0, "y_max": 0.99, "min_err": -0.060484076097342326, "max_err": 0.05963007870245296}