{"features": "0.12,0.12,0.13,0.07,0.11,0.08,0.12,0.11,0.04,0.1", "model_type": "linear", "parameters": "0.9942373674522043,0.0355794831231272", "x_min": 0.0, "x_max": 0.9916666666666666, "y_min": 0.0, "y_max": 0.99, "min_err": -0.04696373662098108, "max_err": 0.03417468872880436}