{"features": "0.12,0.12,0.13,0.07,0.06,0.13,0.12,0.11,0.09,0.05", "model_type": "linear", "parameters": "1.0182569157613413,0.02490472389018067", "x_min": 0.0, "x_max": 0.9833333333333332, "y_min": 0.0, "y_max": 0.99, "min_err": -0.03403318177085124, "max_err": 0.03567630418937229}