{"features": "0.12,0.08,0.07,0.07,0.11,0.13,0.12,0.08,0.11,0.11", "model_type": "linear", "parameters": "0.9816723592969857,-0.011788355487068969", "x_min": 0.0, "x_max": 0.9916666666666666, "y_min": 0.0, "y_max": 0.99, "min_err": -0.04724179422000835, "max_err": 0.046356898598379576}