{"features": "0.06,0.08,0.13,0.11,0.12,0.13,0.12,0.11,0.04,0.1", "model_type": "linear", "parameters": "1.0977103833570756,-0.053397812352138974", "x_min": 0.0, "x_max": 0.9916666666666666, "y_min": 0.0, "y_max": 0.99, "min_err": -0.05283670572518029, "max_err": 0.037786746082551725}