{"features": "0.06,0.08,0.13,0.11,0.02,0.13,0.12,0.11,0.13,0.11", "model_type": "linear", "parameters": "1.0138470800722457,-0.053744732089103076", "x_min": 0.0, "x_max": 0.9916666666666666, "y_min": 0.0, "y_max": 0.99, "min_err": -0.053178807947019735, "max_err": 0.03834637768412619}