{"features": "0.07,0.12,0.13,0.11,0.12,0.12,0.08,0.11,0.13,0.01", "model_type": "linear", "parameters": "1.1154550341635965,-0.025080909678776908", "x_min": 0.0, "x_max": 0.9083333333333332, "y_min": 0.0, "y_max": 0.99, "min_err": -0.01855577976362066, "max_err": 0.02439880641667902}