{"features": "0.12,0.12,0.1,0.09,0.12,0.07,0.08,0.11,0.09,0.1", "model_type": "linear", "parameters": "0.9641291846694227,0.033824873333126115", "x_min": 0.0, "x_max": 0.9916666666666666, "y_min": 0.0, "y_max": 0.99, "min_err": -0.033824873333126115, "max_err": 0.0341105343321626}