{"features": "0.12,0.12,0.13,0.11,0.07,0.1,0.03,0.08,0.13,0.11", "model_type": "linear", "parameters": "0.9277065740624638,0.05472592172618901", "x_min": 0.0, "x_max": 0.9916666666666666, "y_min": 0.0, "y_max": 0.99, "min_err": -0.05472592172618901, "max_err": 0.05872967241445115}