{"features": "0.12,0.1,0.1,0.11,0.07,0.13,0.1,0.08,0.09,0.1", "model_type": "linear", "parameters": "0.9832874700409143,0.02056379570525879", "x_min": 0.0, "x_max": 0.9916666666666666, "y_min": 0.0, "y_max": 0.99, "min_err": -0.021910643242763483, "max_err": 0.023911224267464948}