{"features": "0.1,0.04,0.13,0.11,0.12,0.07,0.08,0.11,0.13,0.11", "model_type": "linear", "parameters": "0.9927644746653337,-0.025787697334856363", "x_min": 0.0, "x_max": 0.9916666666666666, "y_min": 0.0, "y_max": 0.99, "min_err": -0.03967304844269923, "max_err": 0.04133036173495634}