{"features": "0.1,0.04,0.13,0.11,0.07,0.13,0.1,0.08,0.13,0.11", "model_type": "linear", "parameters": "1.001883903649985,-0.03057159778972135", "x_min": 0.0, "x_max": 0.9916666666666666, "y_min": 0.0, "y_max": 0.99, "min_err": -0.036409052818609455, "max_err": 0.04543030501597248}