{"features": "0.06,0.08,0.13,0.11,0.12,0.12,0.08,0.08,0.11,0.11", "model_type": "linear", "parameters": "1.037739078730439,-0.04030040811178487", "x_min": 0.0, "x_max": 0.9916666666666666, "y_min": 0.0, "y_max": 0.99, "min_err": -0.032656105009954944, "max_err": 0.03495261218569545}