{"features": "0.12,0.1,0.1,0.07,0.11,0.13,0.12,0.11,0.09,0.05", "model_type": "linear", "parameters": "1.0406616001956537,0.0015529579072275368", "x_min": 0.0, "x_max": 0.9833333333333332, "y_min": 0.0, "y_max": 0.99, "min_err": -0.03516195798874977, "max_err": 0.031229041929727863}