{"features": "0.1,0.04,0.1,0.09,0.12,0.13,0.12,0.08,0.11,0.11", "model_type": "linear", "parameters": "1.0277182001468312,-0.04840599832763709", "x_min": 0.0, "x_max": 0.9916666666666666, "y_min": 0.0, "y_max": 0.99, "min_err": -0.04416673505463997, "max_err": 0.061327133316624746}