{"features": "0.11,0.06,0.07,0.09,0.12,0.12,0.08,0.11,0.13,0.11", "model_type": "linear", "parameters": "0.9882549922438629,-0.031245783369857005", "x_min": 0.0, "x_max": 0.9916666666666666, "y_min": 0.0, "y_max": 0.99, "min_err": -0.048172547378097286, "max_err": 0.04889120068286844}