{"features": "0.06,0.08,0.13,0.11,0.12,0.13,0.1,0.08,0.13,0.06", "model_type": "linear", "parameters": "1.0917244678306626,-0.05450131547476694", "x_min": 0.0, "x_max": 0.9833333333333332, "y_min": 0.0, "y_max": 0.99, "min_err": -0.027452762497010147, "max_err": 0.029915092083233813}