{"features": "0.12,0.12,0.13,0.03,0.1,0.12,0.08,0.08,0.11,0.11", "model_type": "linear", "parameters": "0.9444200806555452,0.03498871904736145", "x_min": 0.0, "x_max": 0.9916666666666666, "y_min": 0.0, "y_max": 0.99, "min_err": -0.03498871904736145, "max_err": 0.04807475473958639}