{"features": "0.07,0.1,0.1,0.11,0.12,0.08,0.12,0.11,0.09,0.1", "model_type": "linear", "parameters": "1.0333796940194715,-0.03374594343996301", "x_min": 0.0, "x_max": 0.9916666666666666, "y_min": 0.0, "y_max": 0.99, "min_err": -0.024598980064904852, "max_err": 0.022596198423736724}