{"features": "0.12,0.12,0.13,0.07,0.11,0.08,0.12,0.08,0.11,0.06", "model_type": "linear", "parameters": "1.0017107779007748,0.03254352420247558", "x_min": 0.0, "x_max": 0.9833333333333332, "y_min": 0.0, "y_max": 0.99, "min_err": -0.03254352420247558, "max_err": 0.033552883163932845}