{"features": "0.12,0.12,0.13,0.07,0.11,0.03,0.12,0.08,0.11,0.11", "model_type": "linear", "parameters": "0.9363476419230832,0.042822117921310965", "x_min": 0.0, "x_max": 0.9916666666666666, "y_min": 0.0, "y_max": 0.99, "min_err": -0.042822117921310965, "max_err": 0.04506200143766137}