{"features": "0.12,0.12,0.1,0.09,0.07,0.13,0.12,0.11,0.09,0.05", "model_type": "linear", "parameters": "1.0259414667616713,0.017082266733521367", "x_min": 0.0, "x_max": 0.9833333333333332, "y_min": 0.0, "y_max": 0.99, "min_err": -0.030053000114357076, "max_err": 0.027966510965086067}