{"features": "0.02,0.12,0.13,0.11,0.12,0.07,0.08,0.11,0.13,0.11", "model_type": "linear", "parameters": "1.0409475281135838,-0.05973828685719745", "x_min": 0.08333333333333333, "x_max": 0.9916666666666666, "y_min": 0.0, "y_max": 0.99, "min_err": -0.03422673188519176, "max_err": 0.039264522800405544}