{"features": "0.07,0.12,0.13,0.11,0.12,0.13,0.1,0.05,0.11,0.06", "model_type": "linear", "parameters": "1.075137778467748,-0.010314755879841597", "x_min": 0.0, "x_max": 0.9833333333333332, "y_min": 0.0, "y_max": 0.99, "min_err": -0.03563339284328182, "max_err": 0.043556236901342915}