{"features": "0.12,0.12,0.13,0.03,0.05,0.13,0.12,0.11,0.13,0.06", "model_type": "linear", "parameters": "0.9710573791477378,0.022014134906789273", "x_min": 0.0, "x_max": 0.9833333333333332, "y_min": 0.0, "y_max": 0.99, "min_err": -0.05754282448065812, "max_err": 0.05239221687019596}