{"features": "0.12,0.08,0.07,0.11,0.12,0.08,0.12,0.08,0.11,0.11", "model_type": "linear", "parameters": "0.9782591727558202,-0.0018741381622270903", "x_min": 0.0, "x_max": 0.9916666666666666, "y_min": 0.0, "y_max": 0.99, "min_err": -0.04269065502672795, "max_err": 0.0369831024758889}