{"features": "0.12,0.12,0.1,0.01,0.1,0.13,0.12,0.08,0.11,0.11", "model_type": "linear", "parameters": "0.9487403047628418,0.017072071475718376", "x_min": 0.0, "x_max": 0.9916666666666666, "y_min": 0.0, "y_max": 0.99, "min_err": -0.06238053179356906, "max_err": 0.04574285233357117}