{"features": "0.1,0.02,0.07,0.09,0.12,0.13,0.12,0.11,0.13,0.11", "model_type": "linear", "parameters": "1.0378112257878203,-0.08401217972078817", "x_min": 0.0, "x_max": 0.9916666666666666, "y_min": 0.0, "y_max": 0.99, "min_err": -0.06192489554181857, "max_err": 0.09}