{"features": "0.12,0.12,0.06,0.04,0.11,0.13,0.1,0.08,0.13,0.11", "model_type": "linear", "parameters": "0.94615475780646,0.010489917773275237", "x_min": 0.0, "x_max": 0.9916666666666666, "y_min": 0.0, "y_max": 0.99, "min_err": -0.05472106685930017, "max_err": 0.05085601575683027}