{"features": "0.11,0.04,0.07,0.11,0.12,0.08,0.12,0.11,0.13,0.11", "model_type": "linear", "parameters": "0.9996141023451189,-0.04604113289429573", "x_min": 0.0, "x_max": 0.9916666666666666, "y_min": 0.0, "y_max": 0.99, "min_err": -0.05386239269198401, "max_err": 0.06273995769886917}