{"features": "0.12,0.12,0.13,0.07,0.06,0.08,0.12,0.11,0.13,0.06", "model_type": "linear", "parameters": "0.9698778061949417,0.031075116036752837", "x_min": 0.0, "x_max": 0.9833333333333332, "y_min": 0.0, "y_max": 0.99, "min_err": -0.04683716965046869, "max_err": 0.045632281898266625}