{"features": "0.12,0.12,0.06,0.08,0.12,0.13,0.12,0.11,0.04,0.1", "model_type": "linear", "parameters": "1.0091084028223216,0.011468890314304092", "x_min": 0.0, "x_max": 0.9916666666666666, "y_min": 0.0, "y_max": 0.99, "min_err": -0.04783835792174462, "max_err": 0.046016677357280655}