{"features": "0.12,0.12,0.13,0.11,0.12,0.13,0.1,0.08,0.09,0.0", "model_type": "linear", "parameters": "1.141790983796328,0.01497204056229362", "x_min": 0.0, "x_max": 0.8999999999999999, "y_min": 0.0, "y_max": 0.99, "min_err": -0.030000000000000027, "max_err": 0.023833970240154434}