{"features": "0.12,0.1,0.07,0.09,0.12,0.13,0.12,0.11,0.13,0.01", "model_type": "linear", "parameters": "1.0708272922031554,-0.013196785758080865", "x_min": 0.0, "x_max": 0.9083333333333332, "y_min": 0.0, "y_max": 0.99, "min_err": -0.04374564497630429, "max_err": 0.034725570390888305}