{"features": "0.07,0.12,0.1,0.09,0.12,0.13,0.07,0.06,0.13,0.11", "model_type": "linear", "parameters": "0.99986821710291,-0.01284973193685307", "x_min": 0.0, "x_max": 0.9916666666666666, "y_min": 0.0, "y_max": 0.99, "min_err": -0.03705143089032936, "max_err": 0.044603155677437334}