{"features": "0.12,0.12,0.06,0.08,0.07,0.13,0.1,0.08,0.13,0.11", "model_type": "linear", "parameters": "0.9436200119762935,0.015719668917040852", "x_min": 0.0, "x_max": 0.9916666666666666, "y_min": 0.0, "y_max": 0.99, "min_err": -0.037529674905187604, "max_err": 0.046238828188688214}