{"features": "0.12,0.12,0.06,0.08,0.12,0.08,0.12,0.11,0.13,0.06", "model_type": "linear", "parameters": "0.9888868168507254,0.009209351222080997", "x_min": 0.0, "x_max": 0.9833333333333332, "y_min": 0.0, "y_max": 0.99, "min_err": -0.03883829017232282, "max_err": 0.04180966803899369}