{"features": "0.12,0.12,0.13,0.11,0.12,0.08,0.12,0.05,0.05,0.1", "model_type": "linear", "parameters": "1.003187418957158,0.0481636038061658", "x_min": 0.0, "x_max": 0.9916666666666666, "y_min": 0.0, "y_max": 0.99, "min_err": -0.06775207118356052, "max_err": 0.050242686715255225}