{"features": "0.07,0.1,0.1,0.07,0.11,0.13,0.1,0.08,0.13,0.11", "model_type": "linear", "parameters": "1.010443329579195,-0.03885089246100809", "x_min": 0.0, "x_max": 0.9916666666666666, "y_min": 0.0, "y_max": 0.99, "min_err": -0.03216716153032312, "max_err": 0.0268279239616398}