{"features": "0.07,0.12,0.13,0.07,0.11,0.12,0.06,0.08,0.13,0.11", "model_type": "linear", "parameters": "0.9849852772978367,-0.0048800282286521335", "x_min": 0.0, "x_max": 0.9916666666666666, "y_min": 0.0, "y_max": 0.99, "min_err": -0.033858929744725375, "max_err": 0.03030528313824743}