{"features": "0.12,0.1,0.1,0.11,0.12,0.13,0.12,0.11,0.04,0.05", "model_type": "linear", "parameters": "1.0966692638793283,0.0019557767809186832", "x_min": 0.0, "x_max": 0.9833333333333332, "y_min": 0.0, "y_max": 0.99, "min_err": -0.050000000000000044, "max_err": 0.033292080518635414}