{"features": "0.12,0.1,0.07,0.09,0.12,0.12,0.06,0.08,0.13,0.11", "model_type": "linear", "parameters": "0.9578346529184314,0.012889891364389505", "x_min": 0.0, "x_max": 0.9916666666666666, "y_min": 0.0, "y_max": 0.99, "min_err": -0.03216810900386663, "max_err": 0.02837322776652551}