{"features": "0.12,0.1,0.1,0.11,0.12,0.13,0.1,0.05,0.11,0.06", "model_type": "linear", "parameters": "1.0359929524288953,0.01671658696199324", "x_min": 0.0, "x_max": 0.9833333333333332, "y_min": 0.0, "y_max": 0.99, "min_err": -0.03004404731940602, "max_err": 0.04262144475207652}