{"features": "0.12,0.12,0.13,0.11,0.12,0.1,0.0,0.06,0.13,0.11", "model_type": "linear", "parameters": "0.936174985978688,0.06201906898485671", "x_min": 0.0, "x_max": 0.9916666666666666, "y_min": 0.0, "y_max": 0.99, "min_err": -0.06415030846887282, "max_err": 0.08968031407739763}