{"features": "0.11,0.08,0.13,0.11,0.12,0.12,0.08,0.11,0.13,0.01", "model_type": "linear", "parameters": "1.0898921254825344,-0.008620986316721091", "x_min": 0.0, "x_max": 0.9083333333333332, "y_min": 0.0, "y_max": 0.99, "min_err": -0.023027701263701322, "max_err": 0.022850579785242853}