{"features": "0.12,0.12,0.1,0.09,0.12,0.13,0.1,0.08,0.13,0.01", "model_type": "linear", "parameters": "1.072082766758038,0.013009456111698792", "x_min": 0.0, "x_max": 0.9083333333333332, "y_min": 0.0, "y_max": 0.99, "min_err": -0.020370378364378106, "max_err": 0.022268699382942625}