{"features": "0.12,0.12,0.1,0.09,0.12,0.12,0.08,0.08,0.07,0.1", "model_type": "linear", "parameters": "0.9905406849168717,0.033573130942890494", "x_min": 0.0, "x_max": 0.9916666666666666, "y_min": 0.0, "y_max": 0.99, "min_err": -0.0415687587833562, "max_err": 0.038611469522267794}