{"features": "0.12,0.12,0.13,0.07,0.11,0.08,0.12,0.05,0.09,0.11", "model_type": "linear", "parameters": "0.9597840005098703,0.043501609760148385", "x_min": 0.0, "x_max": 0.9916666666666666, "y_min": 0.0, "y_max": 0.99, "min_err": -0.043501609760148385, "max_err": 0.036570390069894876}