{"features": "0.12,0.12,0.13,0.07,0.06,0.1,0.05,0.11,0.13,0.11", "model_type": "linear", "parameters": "0.9203976644425805,0.04285464734258221", "x_min": 0.0, "x_max": 0.9916666666666666, "y_min": 0.0, "y_max": 0.99, "min_err": -0.056453090304302456, "max_err": 0.050346131176557674}