{"features": "0.12,0.12,0.13,0.11,0.12,0.12,0.06,0.08,0.09,0.05", "model_type": "linear", "parameters": "1.0458999484270244,0.03829035585353263", "x_min": 0.0, "x_max": 0.9833333333333332, "y_min": 0.0, "y_max": 0.99, "min_err": -0.04703197524497171, "max_err": 0.051601340897369896}