{"features": "0.11,0.08,0.1,0.09,0.12,0.08,0.12,0.11,0.13,0.06", "model_type": "linear", "parameters": "1.0182820586170127,-0.013292460926325578", "x_min": 0.0, "x_max": 0.9833333333333332, "y_min": 0.0, "y_max": 0.99, "min_err": -0.030705406600264995, "max_err": 0.0298672405273972}