{"features": "0.12,0.12,0.13,0.03,0.05,0.08,0.12,0.11,0.13,0.11", "model_type": "linear", "parameters": "0.9157015832859431,0.02989990415601468", "x_min": 0.0, "x_max": 0.9916666666666666, "y_min": 0.0, "y_max": 0.99, "min_err": -0.06405916107281473, "max_err": 0.0624970812760538}