{"features": "0.12,0.12,0.13,0.11,0.07,0.13,0.12,0.08,0.07,0.05", "model_type": "linear", "parameters": "1.0543147066223126,0.030222933497330462", "x_min": 0.0, "x_max": 0.9833333333333332, "y_min": 0.0, "y_max": 0.99, "min_err": -0.046678081234450275, "max_err": 0.030479272076706032}