{"features": "0.12,0.12,0.06,0.0,0.1,0.13,0.12,0.11,0.13,0.11", "model_type": "linear", "parameters": "0.9361749859786875,-0.00039259674705555136", "x_min": 0.0, "x_max": 0.9916666666666666, "y_min": 0.0, "y_max": 0.99, "min_err": -0.08968031407739752, "max_err": 0.06415030846887274}