{"features": "0.05,0.04,0.13,0.11,0.12,0.13,0.12,0.11,0.09,0.1", "model_type": "linear", "parameters": "1.1140920356842212,-0.10336026416540062", "x_min": 0.0, "x_max": 0.9916666666666666, "y_min": 0.0, "y_max": 0.99, "min_err": -0.032321741781969573, "max_err": 0.04}