{"features": "0.11,0.08,0.13,0.11,0.12,0.13,0.12,0.08,0.02,0.1", "model_type": "linear", "parameters": "1.0586774924989184,0.005802775341124777", "x_min": 0.0, "x_max": 0.9916666666666666, "y_min": 0.0, "y_max": 0.99, "min_err": -0.07625714346513324, "max_err": 0.05018910528468645}