{"features": "0.06,0.08,0.13,0.11,0.12,0.12,0.06,0.08,0.13,0.11", "model_type": "linear", "parameters": "1.02446741193841,-0.03772305420797334", "x_min": 0.0, "x_max": 0.9916666666666666, "y_min": 0.0, "y_max": 0.99, "min_err": -0.033021514448428324, "max_err": 0.040117063910567574}