{"features": "0.01,0.08,0.13,0.11,0.12,0.13,0.12,0.08,0.11,0.11", "model_type": "linear", "parameters": "1.1296348101316414,-0.12112165269263281", "x_min": 0.08333333333333333, "x_max": 0.9916666666666666, "y_min": 0.0, "y_max": 0.99, "min_err": -0.020240689083734775, "max_err": 0.023895545093901793}