{"features": "0.12,0.12,0.13,0.07,0.06,0.12,0.08,0.11,0.09,0.1", "model_type": "linear", "parameters": "0.9562609041657745,0.03758853417403779", "x_min": 0.0, "x_max": 0.9916666666666666, "y_min": 0.0, "y_max": 0.99, "min_err": -0.03758853417403779, "max_err": 0.043657831104037426}