{"features": "0.07,0.12,0.13,0.11,0.07,0.08,0.1,0.08,0.13,0.11", "model_type": "linear", "parameters": "0.976444575707022,-0.0005456221713137088", "x_min": 0.0, "x_max": 0.9916666666666666, "y_min": 0.0, "y_max": 0.99, "min_err": -0.03178780960895289, "max_err": 0.04369371562672131}