{"features": "0.02,0.1,0.1,0.11,0.12,0.13,0.12,0.08,0.11,0.11", "model_type": "linear", "parameters": "1.1033427465374073,-0.10218426156337174", "x_min": 0.08333333333333333, "x_max": 0.9916666666666666, "y_min": 0.0, "y_max": 0.99, "min_err": -0.023651425070980087, "max_err": 0.024677201660316284}