{"features": "0.12,0.12,0.13,0.07,0.06,0.13,0.12,0.11,0.04,0.1", "model_type": "linear", "parameters": "0.9921945120177278,0.03238930877173435", "x_min": 0.0, "x_max": 0.9916666666666666, "y_min": 0.0, "y_max": 0.99, "min_err": -0.04190094478798467, "max_err": 0.039050218813640236}