{"features": "0.07,0.12,0.13,0.11,0.12,0.08,0.1,0.08,0.13,0.06", "model_type": "linear", "parameters": "1.043022589361257,-0.008258399366806557", "x_min": 0.0, "x_max": 0.9833333333333332, "y_min": 0.0, "y_max": 0.99, "min_err": -0.028660149746631516, "max_err": 0.036747104686178034}