{"features": "0.12,0.1,0.1,0.03,0.1,0.13,0.12,0.11,0.09,0.1", "model_type": "linear", "parameters": "0.9754303139959144,0.0036269793245580217", "x_min": 0.0, "x_max": 0.9916666666666666, "y_min": 0.0, "y_max": 0.99, "min_err": -0.060056276822855637, "max_err": 0.03380130167612294}