{"features": "0.12,0.12,0.13,0.11,0.02,0.12,0.06,0.08,0.13,0.11", "model_type": "linear", "parameters": "0.9252203715670725,0.04819566223073446", "x_min": 0.0, "x_max": 0.9916666666666666, "y_min": 0.0, "y_max": 0.99, "min_err": -0.04819566223073446, "max_err": 0.06400601937937761}