{"features": "0.1,0.04,0.13,0.11,0.12,0.08,0.1,0.08,0.13,0.11", "model_type": "linear", "parameters": "1.0006223557737641,-0.025740550983929855", "x_min": 0.0, "x_max": 0.9916666666666666, "y_min": 0.0, "y_max": 0.99, "min_err": -0.04102984164503082, "max_err": 0.04069387430089755}