{"features": "0.12,0.12,0.13,0.11,0.07,0.1,0.05,0.11,0.13,0.06", "model_type": "linear", "parameters": "0.977934218536221,0.0431128965180545", "x_min": 0.0, "x_max": 0.9833333333333332, "y_min": 0.0, "y_max": 0.99, "min_err": -0.045069042208868426, "max_err": 0.04941451242518685}