{"features": "0.12,0.1,0.1,0.11,0.07,0.13,0.1,0.08,0.13,0.06", "model_type": "linear", "parameters": "1.0049206295709616,0.014312965521889986", "x_min": 0.0, "x_max": 0.9833333333333332, "y_min": 0.0, "y_max": 0.99, "min_err": -0.018003437700111147, "max_err": 0.018200262882949764}