{"features": "0.11,0.08,0.13,0.11,0.07,0.13,0.12,0.05,0.09,0.11", "model_type": "linear", "parameters": "0.9917198199477628,0.011949804367110461", "x_min": 0.0, "x_max": 0.9916666666666666, "y_min": 0.0, "y_max": 0.99, "min_err": -0.038382987656912726, "max_err": 0.04252466250496556}