{"features": "0.12,0.1,0.1,0.11,0.12,0.13,0.1,0.08,0.04,0.1", "model_type": "linear", "parameters": "1.02753587514054,0.02019279769547544", "x_min": 0.0, "x_max": 0.9916666666666666, "y_min": 0.0, "y_max": 0.99, "min_err": -0.06210068324097029, "max_err": 0.044783285544164664}