{"features": "0.1,0.04,0.13,0.11,0.12,0.12,0.08,0.11,0.13,0.06", "model_type": "linear", "parameters": "1.0568299032368977,-0.03737806375558722", "x_min": 0.0, "x_max": 0.9833333333333332, "y_min": 0.0, "y_max": 0.99, "min_err": -0.03876025345056239, "max_err": 0.04811582101281989}