{"features": "0.1,0.04,0.13,0.11,0.12,0.12,0.06,0.08,0.13,0.11", "model_type": "linear", "parameters": "1.0031575683559761,-0.022880094663772776", "x_min": 0.0, "x_max": 0.9916666666666666, "y_min": 0.0, "y_max": 0.99, "min_err": -0.044312833395556556, "max_err": 0.037704846456120156}