{"features": "0.07,0.12,0.13,0.11,0.12,0.08,0.12,0.11,0.04,0.1", "model_type": "linear", "parameters": "1.0499677545369024,-0.007672062484542053", "x_min": 0.0, "x_max": 0.9916666666666666, "y_min": 0.0, "y_max": 0.99, "min_err": -0.054798379174285095, "max_err": 0.03268818521609096}