{"features": "0.02,0.1,0.1,0.11,0.12,0.13,0.12,0.11,0.13,0.06", "model_type": "linear", "parameters": "1.1519672889558672,-0.1189025677393975", "x_min": 0.08333333333333333, "x_max": 0.9833333333333332, "y_min": 0.0, "y_max": 0.99, "min_err": -0.019089254499569303, "max_err": 0.026908019580086318}