{"features": "0.12,0.1,0.1,0.07,0.11,0.13,0.12,0.08,0.11,0.06", "model_type": "linear", "parameters": "1.0216595165847024,0.0063061979003172786", "x_min": 0.0, "x_max": 0.9833333333333332, "y_min": 0.0, "y_max": 0.99, "min_err": -0.0319976631439432, "max_err": 0.02744916466115599}