{"features": "0.12,0.1,0.07,0.09,0.12,0.08,0.12,0.11,0.13,0.06", "model_type": "linear", "parameters": "1.000536354798699,-0.0002654956253559937", "x_min": 0.0, "x_max": 0.9833333333333332, "y_min": 0.0, "y_max": 0.99, "min_err": -0.03338071134055154, "max_err": 0.03350943649223953}