{"features": "0.12,0.12,0.13,0.11,0.02,0.12,0.08,0.11,0.09,0.1", "model_type": "linear", "parameters": "0.9525346385054974,0.04294293614259925", "x_min": 0.0, "x_max": 0.9916666666666666, "y_min": 0.0, "y_max": 0.99, "min_err": -0.04294293614259925, "max_err": 0.05810541980098932}