{"features": "0.07,0.12,0.1,0.05,0.11,0.13,0.12,0.11,0.13,0.06", "model_type": "linear", "parameters": "1.0452896559305267,-0.03983987395111949", "x_min": 0.0, "x_max": 0.9833333333333332, "y_min": 0.0, "y_max": 0.99, "min_err": -0.0456974826865999, "max_err": 0.03165768934813662}