{"features": "0.12,0.1,0.1,0.11,0.12,0.13,0.1,0.05,0.07,0.1", "model_type": "linear", "parameters": "1.0098475304039292,0.024579358753502922", "x_min": 0.0, "x_max": 0.9916666666666666, "y_min": 0.0, "y_max": 0.99, "min_err": -0.050272928290437946, "max_err": 0.05218895431054438}