{"features": "0.12,0.1,0.1,0.11,0.07,0.12,0.08,0.11,0.09,0.1", "model_type": "linear", "parameters": "0.974814438875849,0.020590306413753423", "x_min": 0.0, "x_max": 0.9916666666666666, "y_min": 0.0, "y_max": 0.99, "min_err": -0.020590306413753423, "max_err": 0.023237010721309626}