{"features": "0.11,0.06,0.07,0.09,0.07,0.13,0.12,0.11,0.13,0.11", "model_type": "linear", "parameters": "0.9853147369197846,-0.03789105355078354", "x_min": 0.0, "x_max": 0.9916666666666666, "y_min": 0.0, "y_max": 0.99, "min_err": -0.054766314909108715, "max_err": 0.0557814921408015}