{"features": "0.07,0.12,0.13,0.11,0.12,0.08,0.12,0.11,0.09,0.05", "model_type": "linear", "parameters": "1.0809480561333613,-0.017549536616568828", "x_min": 0.0, "x_max": 0.9833333333333332, "y_min": 0.0, "y_max": 0.99, "min_err": -0.031335315774568384, "max_err": 0.02707550854988816}