{"features": "0.12,0.12,0.1,0.05,0.11,0.08,0.1,0.08,0.13,0.11", "model_type": "linear", "parameters": "0.936263832970321,0.027648303375647998", "x_min": 0.0, "x_max": 0.9916666666666666, "y_min": 0.0, "y_max": 0.99, "min_err": -0.029846178103388743, "max_err": 0.03828573838177174}