{"features": "0.12,0.1,0.1,0.11,0.07,0.08,0.12,0.11,0.13,0.06", "model_type": "linear", "parameters": "0.9895498918954337,0.013419052610888882", "x_min": 0.0, "x_max": 0.9833333333333332, "y_min": 0.0, "y_max": 0.99, "min_err": -0.04065648954989176, "max_err": 0.029493546484963495}