{"features": "0.12,0.1,0.03,0.08,0.12,0.08,0.12,0.11,0.13,0.11", "model_type": "linear", "parameters": "0.9546952905655441,-0.009795134886531554", "x_min": 0.0, "x_max": 0.9916666666666666, "y_min": 0.0, "y_max": 0.99, "min_err": -0.05843662863531646, "max_err": 0.05305563840903371}