{"features": "0.12,0.12,0.13,0.11,0.12,0.12,0.08,0.11,0.09,0.0", "model_type": "linear", "parameters": "1.124207158863852,0.017680377132389458", "x_min": 0.0, "x_max": 0.8999999999999999, "y_min": 0.0, "y_max": 0.99, "min_err": -0.02199324814772785, "max_err": 0.026532113530363555}