{"features": "0.12,0.12,0.13,0.11,0.12,0.13,0.12,0.11,0.04,0.0", "model_type": "linear", "parameters": "1.2000000000000002,-5.551115123125783e-17", "x_min": 0.0, "x_max": 0.825, "y_min": 0.0, "y_max": 0.99, "min_err": -2.220446049250313e-16, "max_err": 2.220446049250313e-16}