{"features": "0.12,0.12,0.1,0.09,0.07,0.12,0.08,0.11,0.09,0.1", "model_type": "linear", "parameters": "0.9637679473157567,0.02998196542014736", "x_min": 0.0, "x_max": 0.9916666666666666, "y_min": 0.0, "y_max": 0.99, "min_err": -0.02998196542014736, "max_err": 0.029076047750913492}