{"features": "0.12,0.12,0.06,0.04,0.11,0.13,0.12,0.11,0.09,0.1", "model_type": "linear", "parameters": "0.9706090546239733,0.006055688733173359", "x_min": 0.0, "x_max": 0.9916666666666666, "y_min": 0.0, "y_max": 0.99, "min_err": -0.060476128159828835, "max_err": 0.049380456399366446}