{"features": "0.12,0.1,0.1,0.07,0.11,0.13,0.1,0.08,0.13,0.06", "model_type": "linear", "parameters": "1.0078782893342044,0.008698725396246332", "x_min": 0.0, "x_max": 0.9833333333333332, "y_min": 0.0, "y_max": 0.99, "min_err": -0.028648012618831376, "max_err": 0.02332155971471961}