{"features": "0.11,0.06,0.07,0.09,0.12,0.13,0.12,0.11,0.13,0.06", "model_type": "linear", "parameters": "1.0430187432912232,-0.04302383508105606", "x_min": 0.0, "x_max": 0.9833333333333332, "y_min": 0.0, "y_max": 0.99, "min_err": -0.05464907934935165, "max_err": 0.05610560647345414}