{"features": "0.11,0.08,0.13,0.11,0.12,0.07,0.08,0.11,0.09,0.1", "model_type": "linear", "parameters": "0.9895498918954335,0.013419052610888993", "x_min": 0.0, "x_max": 0.9916666666666666, "y_min": 0.0, "y_max": 0.99, "min_err": -0.028344034593461243, "max_err": 0.04180600144139435}