{"features": "0.12,0.1,0.07,0.09,0.12,0.12,0.08,0.11,0.13,0.06", "model_type": "linear", "parameters": "1.0056580316139352,0.0013895161494933972", "x_min": 0.0, "x_max": 0.9833333333333332, "y_min": 0.0, "y_max": 0.99, "min_err": -0.0366088600208051, "max_err": 0.031000811914850768}