{"features": "0.12,0.12,0.13,0.03,0.1,0.13,0.12,0.11,0.04,0.1", "model_type": "linear", "parameters": "0.9947270085115216,0.026649366825825083", "x_min": 0.0, "x_max": 0.9916666666666666, "y_min": 0.0, "y_max": 0.99, "min_err": -0.04111895370562563, "max_err": 0.042700851152169594}