{"features": "0.12,0.12,0.13,0.11,0.12,0.13,0.12,0.08,0.07,0.0", "model_type": "linear", "parameters": "1.16757920271967,0.008995156867937282", "x_min": 0.0, "x_max": 0.8999999999999999, "y_min": 0.0, "y_max": 0.99, "min_err": -0.040000000000000036, "max_err": 0.015320441092310233}