{"features": "0.11,0.06,0.1,0.11,0.07,0.12,0.08,0.11,0.13,0.11", "model_type": "linear", "parameters": "0.9755335845569197,-0.016342187238585548", "x_min": 0.0, "x_max": 0.9916666666666666, "y_min": 0.0, "y_max": 0.99, "min_err": -0.03401353579936084, "max_err": 0.03893804921964028}