{"features": "0.07,0.1,0.1,0.11,0.07,0.13,0.12,0.11,0.13,0.06", "model_type": "linear", "parameters": "1.056399537158001,-0.04552442984584387", "x_min": 0.0, "x_max": 0.9833333333333332, "y_min": 0.0, "y_max": 0.99, "min_err": -0.032675338733156645, "max_err": 0.02715818745100962}