{"features": "0.12,0.12,0.1,0.05,0.11,0.13,0.12,0.11,0.13,0.01", "model_type": "linear", "parameters": "1.050009352074429,0.005433139595297509", "x_min": 0.0, "x_max": 0.9083333333333332, "y_min": 0.0, "y_max": 0.99, "min_err": -0.04293703629297613, "max_err": 0.03206452238609525}