{"features": "0.12,0.12,0.06,0.08,0.02,0.13,0.12,0.11,0.13,0.11", "model_type": "linear", "parameters": "0.9308411214953268,0.010186915887850645", "x_min": 0.0, "x_max": 0.9916666666666666, "y_min": 0.0, "y_max": 0.99, "min_err": -0.07560747663551404, "max_err": 0.05672897196261695}