{"features": "0.12,0.1,0.1,0.11,0.12,0.12,0.08,0.11,0.04,0.1", "model_type": "linear", "parameters": "1.0178374893359297,0.020433270597122744", "x_min": 0.0, "x_max": 0.9916666666666666, "y_min": 0.0, "y_max": 0.99, "min_err": -0.0534509691550582, "max_err": 0.035828193956918386}