{"features": "0.12,0.12,0.06,0.08,0.07,0.13,0.12,0.11,0.13,0.06", "model_type": "linear", "parameters": "0.9872557592786386,0.0058970425907077795", "x_min": 0.0, "x_max": 0.9833333333333332, "y_min": 0.0, "y_max": 0.99, "min_err": -0.04952492223002708, "max_err": 0.045516148916954546}