{"features": "0.07,0.12,0.13,0.11,0.12,0.13,0.07,0.03,0.11,0.11", "model_type": "linear", "parameters": "1.0091599801178728,0.007659826268077152", "x_min": 0.0, "x_max": 0.9916666666666666, "y_min": 0.0, "y_max": 0.99, "min_err": -0.04862647636630435, "max_err": 0.06797652015432343}