{"features": "0.12,0.1,0.1,0.07,0.11,0.07,0.08,0.11,0.13,0.11", "model_type": "linear", "parameters": "0.9397467456146189,0.018078526600580902", "x_min": 0.0, "x_max": 0.9916666666666666, "y_min": 0.0, "y_max": 0.99, "min_err": -0.04457635701032692, "max_err": 0.040005950664922185}