{"features": "0.05,0.04,0.13,0.11,0.07,0.13,0.12,0.11,0.13,0.11", "model_type": "linear", "parameters": "1.0746472826759224,-0.10456362979294181", "x_min": 0.0, "x_max": 0.9916666666666666, "y_min": 0.0, "y_max": 0.99, "min_err": -0.03276001154501934, "max_err": 0.04}