{"features": "0.07,0.12,0.13,0.07,0.11,0.13,0.12,0.08,0.07,0.1", "model_type": "linear", "parameters": "1.0365788976887602,-0.013787475615566536", "x_min": 0.0, "x_max": 0.9916666666666666, "y_min": 0.0, "y_max": 0.99, "min_err": -0.03640984726579688, "max_err": 0.036353302348996364}