{"features": "0.12,0.12,0.13,0.11,0.07,0.1,0.05,0.11,0.09,0.1", "model_type": "linear", "parameters": "0.9569109400356914,0.04884027420835879", "x_min": 0.0, "x_max": 0.9916666666666666, "y_min": 0.0, "y_max": 0.99, "min_err": -0.04884027420835879, "max_err": 0.0524468341101032}