{"features": "0.06,0.08,0.13,0.11,0.07,0.08,0.12,0.11,0.13,0.11", "model_type": "linear", "parameters": "1.0125747268604413,-0.04841510341510363", "x_min": 0.0, "x_max": 0.9916666666666666, "y_min": 0.0, "y_max": 0.99, "min_err": -0.04225348725348699, "max_err": 0.034278499278499464}