{"features": "0.12,0.12,0.13,0.11,0.12,0.05,0.05,0.11,0.13,0.06", "model_type": "linear", "parameters": "0.9778487714266706,0.04722675008420374", "x_min": 0.0, "x_max": 0.9833333333333332, "y_min": 0.0, "y_max": 0.99, "min_err": -0.04912593103531737, "max_err": 0.06384886420246094}