{"features": "0.12,0.1,0.1,0.11,0.12,0.13,0.07,0.06,0.09,0.1", "model_type": "linear", "parameters": "0.9947172602045373,0.027068422178782137", "x_min": 0.0, "x_max": 0.9916666666666666, "y_min": 0.0, "y_max": 0.99, "min_err": -0.038892577366274605, "max_err": 0.0580760481865642}