{"features": "0.11,0.08,0.06,0.08,0.12,0.13,0.12,0.11,0.13,0.06", "model_type": "linear", "parameters": "1.0296193521143755,-0.032250909895236546", "x_min": 0.0, "x_max": 0.9833333333333332, "y_min": 0.0, "y_max": 0.99, "min_err": -0.060955540809555286, "max_err": 0.04644929721903859}