{"features": "0.11,0.08,0.06,0.08,0.07,0.13,0.12,0.11,0.13,0.11", "model_type": "linear", "parameters": "0.9725414036791286,-0.02733577889266553", "x_min": 0.0, "x_max": 0.9916666666666666, "y_min": 0.0, "y_max": 0.99, "min_err": -0.05893492294689873, "max_err": 0.052898886910863085}