{"features": "0.12,0.12,0.13,0.11,0.07,0.03,0.12,0.11,0.09,0.1", "model_type": "linear", "parameters": "0.9471163372642716,0.04551437160666444", "x_min": 0.0, "x_max": 0.9916666666666666, "y_min": 0.0, "y_max": 0.99, "min_err": -0.047998901677489325, "max_err": 0.059853821199889135}