{"features": "0.07,0.1,0.1,0.07,0.11,0.13,0.12,0.11,0.09,0.1", "model_type": "linear", "parameters": "1.0386698440207973,-0.045108318890814736", "x_min": 0.0, "x_max": 0.9916666666666666, "y_min": 0.0, "y_max": 0.99, "min_err": -0.03767078278451741, "max_err": 0.029550115540150412}