{"features": "0.11,0.08,0.13,0.03,0.1,0.13,0.12,0.11,0.09,0.1", "model_type": "linear", "parameters": "0.9923564223185041,-0.009034366169273611", "x_min": 0.0, "x_max": 0.9916666666666666, "y_min": 0.0, "y_max": 0.99, "min_err": -0.05444747646343634, "max_err": 0.03207068090385368}