{"features": "0.07,0.12,0.13,0.11,0.12,0.1,0.03,0.08,0.13,0.11", "model_type": "linear", "parameters": "0.9801923065242082,0.00939639480946508", "x_min": 0.0, "x_max": 0.9916666666666666, "y_min": 0.0, "y_max": 0.99, "min_err": -0.04454062470262121, "max_err": 0.0669930289391153}