{"features": "0.12,0.1,0.1,0.07,0.11,0.08,0.12,0.08,0.11,0.11", "model_type": "linear", "parameters": "0.9586449727291555,0.01647638444602978", "x_min": 0.0, "x_max": 0.9916666666666666, "y_min": 0.0, "y_max": 0.99, "min_err": -0.02568595187137035, "max_err": 0.023749453432444334}