{"features": "0.12,0.12,0.13,0.07,0.11,0.08,0.12,0.11,0.13,0.01", "model_type": "linear", "parameters": "1.0438357474066642,0.021359529614226158", "x_min": 0.0, "x_max": 0.9083333333333332, "y_min": 0.0, "y_max": 0.99, "min_err": -0.030263715601446917, "max_err": 0.030695221250219173}