{"features": "0.12,0.1,0.07,0.09,0.12,0.08,0.12,0.11,0.09,0.1", "model_type": "linear", "parameters": "0.9807734060261024,0.005430608158637107", "x_min": 0.0, "x_max": 0.9916666666666666, "y_min": 0.0, "y_max": 0.99, "min_err": -0.03235507683400457, "max_err": 0.031107157503679178}