{"features": "0.01,0.08,0.13,0.11,0.12,0.08,0.12,0.11,0.13,0.11", "model_type": "linear", "parameters": "1.1057849088668252,-0.12193583040528305", "x_min": 0.08333333333333333, "x_max": 0.9916666666666666, "y_min": 0.0, "y_max": 0.99, "min_err": -0.023105366433698205, "max_err": 0.019043375971870447}