{"features": "0.07,0.12,0.13,0.11,0.12,0.1,0.05,0.11,0.13,0.06", "model_type": "linear", "parameters": "1.0360468021037996,-0.005324268182626601", "x_min": 0.0, "x_max": 0.9833333333333332, "y_min": 0.0, "y_max": 0.99, "min_err": -0.03537359988657307, "max_err": 0.049597356972941875}