{"features": "0.12,0.08,0.07,0.07,0.11,0.13,0.12,0.11,0.09,0.1", "model_type": "linear", "parameters": "0.9965294806324985,-0.015306138207225428", "x_min": 0.0, "x_max": 0.9916666666666666, "y_min": 0.0, "y_max": 0.99, "min_err": -0.049914478722982214, "max_err": 0.04752230377374653}