{"features": "0.12,0.12,0.13,0.11,0.07,0.08,0.12,0.08,0.11,0.06", "model_type": "linear", "parameters": "0.9984051303033594,0.038229652886212995", "x_min": 0.0, "x_max": 0.9833333333333332, "y_min": 0.0, "y_max": 0.99, "min_err": -0.038229652886212995, "max_err": 0.04576820948738736}