{"features": "0.12,0.08,0.07,0.11,0.12,0.13,0.12,0.08,0.07,0.1", "model_type": "linear", "parameters": "1.0181405155588055,-0.005161528268263271", "x_min": 0.0, "x_max": 0.9916666666666666, "y_min": 0.0, "y_max": 0.99, "min_err": -0.049373600621438085, "max_err": 0.04155614159915921}