{"features": "0.12,0.1,0.1,0.11,0.12,0.07,0.08,0.11,0.13,0.06", "model_type": "linear", "parameters": "0.9957243710848168,0.018711842497762587", "x_min": 0.0, "x_max": 0.9833333333333332, "y_min": 0.0, "y_max": 0.99, "min_err": -0.03252808988764044, "max_err": 0.033425971959829104}