{"features": "0.12,0.12,0.1,0.05,0.11,0.13,0.07,0.06,0.13,0.11", "model_type": "linear", "parameters": "0.9459473125347626,0.030303382717297767", "x_min": 0.0, "x_max": 0.9916666666666666, "y_min": 0.0, "y_max": 0.99, "min_err": -0.03976386711836977, "max_err": 0.03694796986398363}