{"features": "0.12,0.12,0.06,0.08,0.12,0.08,0.1,0.08,0.13,0.11", "model_type": "linear", "parameters": "0.9440223440771602,0.01944874417113046", "x_min": 0.0, "x_max": 0.9916666666666666, "y_min": 0.0, "y_max": 0.99, "min_err": -0.03412285886351718, "max_err": 0.042412522676889164}