{"features": "0.12,0.12,0.1,0.09,0.07,0.03,0.12,0.11,0.13,0.11", "model_type": "linear", "parameters": "0.9196084332521871,0.03174725174921067", "x_min": 0.0, "x_max": 0.9916666666666666, "y_min": 0.0, "y_max": 0.99, "min_err": -0.0681855044796531, "max_err": 0.04630771860903715}