{"features": "0.12,0.1,0.1,0.11,0.07,0.08,0.1,0.08,0.13,0.11", "model_type": "linear", "parameters": "0.9435021100186818,0.024035196749007892", "x_min": 0.0, "x_max": 0.9916666666666666, "y_min": 0.0, "y_max": 0.99, "min_err": -0.031661779263019274, "max_err": 0.03283892407654149}