{"features": "0.07,0.12,0.13,0.07,0.11,0.07,0.08,0.11,0.13,0.11", "model_type": "linear", "parameters": "0.9737220136667752,-0.007278272049778323", "x_min": 0.0, "x_max": 0.9916666666666666, "y_min": 0.0, "y_max": 0.99, "min_err": -0.041869737061405066, "max_err": 0.03270426749418659}