{"features": "0.11,0.08,0.1,0.05,0.11,0.13,0.1,0.08,0.13,0.11", "model_type": "linear", "parameters": "0.9744323602365964,-0.011704827323030187", "x_min": 0.0, "x_max": 0.9916666666666666, "y_min": 0.0, "y_max": 0.99, "min_err": -0.0443086561088849, "max_err": 0.03539273675507215}