{"features": "0.12,0.12,0.13,0.11,0.12,0.12,0.03,0.03,0.11,0.11", "model_type": "linear", "parameters": "0.9589432639546439,0.05987949398058029", "x_min": 0.0, "x_max": 0.9916666666666666, "y_min": 0.0, "y_max": 0.99, "min_err": -0.05987949398058029, "max_err": 0.0807369353792109}