{"features": "0.07,0.1,0.1,0.11,0.07,0.13,0.12,0.11,0.09,0.1", "model_type": "linear", "parameters": "1.0338306592023143,-0.038284315038527306", "x_min": 0.0, "x_max": 0.9916666666666666, "y_min": 0.0, "y_max": 0.99, "min_err": -0.028631014562629842, "max_err": 0.026758765703265408}