{"features": "0.11,0.08,0.1,0.05,0.11,0.08,0.12,0.11,0.13,0.11", "model_type": "linear", "parameters": "0.9635268790365356,-0.014063367757636336", "x_min": 0.0, "x_max": 0.9916666666666666, "y_min": 0.0, "y_max": 0.99, "min_err": -0.04799397834700936, "max_err": 0.04856587937973855}