{"features": "0.12,0.1,0.1,0.11,0.12,0.12,0.08,0.08,0.07,0.1", "model_type": "linear", "parameters": "1.0012094335819388,0.02443156621648873", "x_min": 0.0, "x_max": 0.9916666666666666, "y_min": 0.0, "y_max": 0.99, "min_err": -0.04220688033326592, "max_err": 0.0415295975273805}