{"features": "0.12,0.08,0.07,0.11,0.12,0.13,0.12,0.11,0.09,0.05", "model_type": "linear", "parameters": "1.0618863046036482,-0.01780259459817851", "x_min": 0.0, "x_max": 0.9833333333333332, "y_min": 0.0, "y_max": 0.99, "min_err": -0.047668981552733525, "max_err": 0.03967059636926756}