{"features": "0.11,0.08,0.13,0.11,0.12,0.13,0.1,0.08,0.13,0.01", "model_type": "linear", "parameters": "1.1033427465374073,-0.010239032685254335", "x_min": 0.0, "x_max": 0.9083333333333332, "y_min": 0.0, "y_max": 0.99, "min_err": -0.023651425070980198, "max_err": 0.024677201660316284}