{"features": "0.07,0.12,0.13,0.11,0.12,0.08,0.12,0.08,0.11,0.06", "model_type": "linear", "parameters": "1.0589029282741553,-0.011508567357804311", "x_min": 0.0, "x_max": 0.9833333333333332, "y_min": 0.0, "y_max": 0.99, "min_err": -0.026733343331708626, "max_err": 0.032057103220726635}