{"features": "0.12,0.12,0.13,0.11,0.12,0.13,0.1,0.02,0.05,0.1", "model_type": "linear", "parameters": "1.017912963835591,0.050087208723526955", "x_min": 0.0, "x_max": 0.9916666666666666, "y_min": 0.0, "y_max": 0.99, "min_err": -0.08317409223948535, "max_err": 0.07130414871941237}