{"features": "0.06,0.06,0.1,0.11,0.07,0.13,0.12,0.11,0.13,0.11", "model_type": "linear", "parameters": "1.0484371536244739,-0.08513522500554233", "x_min": 0.0, "x_max": 0.9916666666666666, "y_min": 0.0, "y_max": 0.99, "min_err": -0.03908335180669459, "max_err": 0.04776546220350285}