{"features": "0.12,0.12,0.1,0.09,0.12,0.13,0.12,0.11,0.09,0.0", "model_type": "linear", "parameters": "1.1174157435131693,0.0019403031748140287", "x_min": 0.0, "x_max": 0.8999999999999999, "y_min": 0.0, "y_max": 0.99, "min_err": -0.024412217679203818, "max_err": 0.018705760946893635}