{"features": "0.07,0.12,0.06,0.08,0.12,0.13,0.12,0.11,0.13,0.06", "model_type": "linear", "parameters": "1.0558844129407658,-0.050100328180670395", "x_min": 0.0, "x_max": 0.9833333333333332, "y_min": 0.0, "y_max": 0.99, "min_err": -0.05186114279958487, "max_err": 0.03492826171998531}