{"features": "0.11,0.08,0.1,0.09,0.12,0.13,0.12,0.08,0.11,0.06", "model_type": "linear", "parameters": "1.0469643642762871,-0.014522657281126394", "x_min": 0.0, "x_max": 0.9833333333333332, "y_min": 0.0, "y_max": 0.99, "min_err": -0.03446546414430263, "max_err": 0.029299384073911083}