{"features": "0.12,0.1,0.1,0.07,0.11,0.13,0.1,0.08,0.09,0.1", "model_type": "linear", "parameters": "0.9863854951910583,0.014959059007018216", "x_min": 0.0, "x_max": 0.9916666666666666, "y_min": 0.0, "y_max": 0.99, "min_err": -0.02595301533662575, "max_err": 0.027450610865609515}