{"features": "0.07,0.08,0.07,0.07,0.11,0.13,0.12,0.11,0.13,0.11", "model_type": "linear", "parameters": "1.0334183621687094,-0.0772554180509229", "x_min": 0.0, "x_max": 0.9916666666666666, "y_min": 0.0, "y_max": 0.99, "min_err": -0.053335566186039296, "max_err": 0.05363084404087726}