{"features": "0.06,0.08,0.13,0.07,0.11,0.13,0.1,0.08,0.13,0.11", "model_type": "linear", "parameters": "1.029856698481908,-0.053398691941616006", "x_min": 0.0, "x_max": 0.9916666666666666, "y_min": 0.0, "y_max": 0.99, "min_err": -0.025708265759178894, "max_err": 0.03}