{"features": "0.07,0.1,0.07,0.09,0.12,0.08,0.12,0.11,0.13,0.11", "model_type": "linear", "parameters": "1.0094819552150753,-0.05096149077882001", "x_min": 0.0, "x_max": 0.9916666666666666, "y_min": 0.0, "y_max": 0.99, "min_err": -0.03790298309664042, "max_err": 0.03989188519053699}