{"features": "0.12,0.08,0.07,0.11,0.07,0.12,0.08,0.11,0.13,0.11", "model_type": "linear", "parameters": "0.9600806771003383,-0.004641985707634522", "x_min": 0.0, "x_max": 0.9916666666666666, "y_min": 0.0, "y_max": 0.99, "min_err": -0.035411799025924284, "max_err": 0.04262921183341431}