{"features": "0.06,0.08,0.13,0.07,0.06,0.13,0.12,0.11,0.13,0.11", "model_type": "linear", "parameters": "1.0201321170179305,-0.06097200377477224", "x_min": 0.0, "x_max": 0.9916666666666666, "y_min": 0.0, "y_max": 0.99, "min_err": -0.04909405473419298, "max_err": 0.03934098773199124}