{"features": "0.12,0.12,0.06,0.08,0.12,0.13,0.12,0.05,0.09,0.11", "model_type": "linear", "parameters": "0.975763625474147,0.019315232581353314", "x_min": 0.0, "x_max": 0.9916666666666666, "y_min": 0.0, "y_max": 0.99, "min_err": -0.04456977440606896, "max_err": 0.04699341185865458}