{"features": "0.12,0.12,0.13,0.03,0.1,0.13,0.12,0.08,0.07,0.1", "model_type": "linear", "parameters": "0.9799174812260736,0.029947495368125854", "x_min": 0.0, "x_max": 0.9916666666666666, "y_min": 0.0, "y_max": 0.99, "min_err": -0.03824644587898973, "max_err": 0.041579323233400245}