{"features": "0.12,0.12,0.1,0.09,0.12,0.13,0.12,0.08,0.02,0.1", "model_type": "linear", "parameters": "1.0309175003748052,0.02722118420493208", "x_min": 0.0, "x_max": 0.9916666666666666, "y_min": 0.0, "y_max": 0.99, "min_err": -0.07222889288183676, "max_err": 0.04959069051396392}