{"features": "0.12,0.12,0.13,0.03,0.1,0.12,0.06,0.08,0.13,0.11", "model_type": "linear", "parameters": "0.9329241272915266,0.03670102246803747", "x_min": 0.0, "x_max": 0.9916666666666666, "y_min": 0.0, "y_max": 0.99, "min_err": -0.03670102246803747, "max_err": 0.05009863616221638}