{"features": "0.12,0.12,0.1,0.09,0.12,0.08,0.1,0.08,0.09,0.1", "model_type": "linear", "parameters": "0.9730140270097078,0.033629182192896734", "x_min": 0.0, "x_max": 0.9916666666666666, "y_min": 0.0, "y_max": 0.99, "min_err": -0.033629182192896734, "max_err": 0.02986380430224944}