{"features": "0.12,0.12,0.13,0.03,0.1,0.08,0.12,0.11,0.13,0.06", "model_type": "linear", "parameters": "0.9734009885936091,0.02492843925833621", "x_min": 0.0, "x_max": 0.9833333333333332, "y_min": 0.0, "y_max": 0.99, "min_err": -0.04274568260460809, "max_err": 0.04871623944874082}