{"features": "0.11,0.08,0.1,0.09,0.12,0.12,0.08,0.08,0.11,0.11", "model_type": "linear", "parameters": "0.9854390971591649,-0.00100434557011303", "x_min": 0.0, "x_max": 0.9916666666666666, "y_min": 0.0, "y_max": 0.99, "min_err": -0.027475353482941944, "max_err": 0.026164872227266822}