{"features": "0.11,0.08,0.13,0.11,0.07,0.08,0.1,0.08,0.13,0.11", "model_type": "linear", "parameters": "0.9578346529184314,0.012889891364389394", "x_min": 0.0, "x_max": 0.9916666666666666, "y_min": 0.0, "y_max": 0.99, "min_err": -0.03126588105321293, "max_err": 0.038012336586264295}