{"features": "0.06,0.08,0.1,0.09,0.12,0.13,0.12,0.08,0.11,0.11", "model_type": "linear", "parameters": "1.0525691076512211,-0.06549304982427534", "x_min": 0.0, "x_max": 0.9916666666666666, "y_min": 0.0, "y_max": 0.99, "min_err": -0.035363319392798354, "max_err": 0.03532177598086058}