{"features": "0.12,0.12,0.13,0.11,0.12,0.03,0.12,0.11,0.13,0.01", "model_type": "linear", "parameters": "1.0425153793574846,0.03021189336978808", "x_min": 0.0, "x_max": 0.9083333333333332, "y_min": 0.0, "y_max": 0.99, "min_err": -0.03834586466165402, "max_err": 0.04721804511278205}