{"features": "0.12,0.08,0.07,0.11,0.07,0.08,0.12,0.11,0.13,0.11", "model_type": "linear", "parameters": "0.956078218923078,-0.006542699010064823", "x_min": 0.0, "x_max": 0.9916666666666666, "y_min": 0.0, "y_max": 0.99, "min_err": -0.0511695953617306, "max_err": 0.0484317985780125}