{"features": "0.1,0.04,0.13,0.07,0.06,0.13,0.12,0.11,0.13,0.11", "model_type": "linear", "parameters": "0.9968544574409977,-0.04454747508994", "x_min": 0.0, "x_max": 0.9916666666666666, "y_min": 0.0, "y_max": 0.99, "min_err": -0.0538797536305588, "max_err": 0.059783390781865176}