{"features": "0.07,0.12,0.13,0.11,0.02,0.13,0.12,0.08,0.11,0.11", "model_type": "linear", "parameters": "0.9888249986192342,-0.007240697215352754", "x_min": 0.0, "x_max": 0.9916666666666666, "y_min": 0.0, "y_max": 0.99, "min_err": -0.03717180209426435, "max_err": 0.043470489445832095}