{"features": "0.1,0.04,0.13,0.11,0.07,0.13,0.12,0.11,0.13,0.06", "model_type": "linear", "parameters": "1.052223994205846,-0.04382637036624365", "x_min": 0.0, "x_max": 0.9833333333333332, "y_min": 0.0, "y_max": 0.99, "min_err": -0.03228562673667934, "max_err": 0.054909570800805205}