{"features": "0.12,0.12,0.13,0.11,0.12,0.07,0.08,0.11,0.09,0.05", "model_type": "linear", "parameters": "1.026760114686206,0.038091748964638295", "x_min": 0.0, "x_max": 0.9833333333333332, "y_min": 0.0, "y_max": 0.99, "min_err": -0.038091748964638295, "max_err": 0.04852819369225869}