{"features": "0.11,0.08,0.1,0.09,0.12,0.13,0.1,0.08,0.13,0.06", "model_type": "linear", "parameters": "1.0326891722128673,-0.01187826869448233", "x_min": 0.0, "x_max": 0.9833333333333332, "y_min": 0.0, "y_max": 0.99, "min_err": -0.03235145537647344, "max_err": 0.025820837676743397}