{"features": "0.07,0.12,0.1,0.09,0.12,0.07,0.08,0.11,0.13,0.11", "model_type": "linear", "parameters": "0.9829057067149229,-0.016110967491760053", "x_min": 0.0, "x_max": 0.9916666666666666, "y_min": 0.0, "y_max": 0.99, "min_err": -0.039159503651521876, "max_err": 0.03139614166612814}