{"features": "0.1,0.04,0.13,0.11,0.12,0.12,0.08,0.08,0.11,0.11", "model_type": "linear", "parameters": "1.0157677854872418,-0.02515775348492516", "x_min": 0.0, "x_max": 0.9916666666666666, "y_min": 0.0, "y_max": 0.99, "min_err": -0.04413687742961511, "max_err": 0.038975169573382026}