{"features": "0.12,0.1,0.1,0.11,0.12,0.07,0.06,0.08,0.13,0.11", "model_type": "linear", "parameters": "0.9464796343412967,0.030436246144146806", "x_min": 0.0, "x_max": 0.9916666666666666, "y_min": 0.0, "y_max": 0.99, "min_err": -0.04029597190011924, "max_err": 0.04632393668520485}