{"features": "0.07,0.12,0.1,0.09,0.12,0.12,0.06,0.08,0.13,0.11", "model_type": "linear", "parameters": "0.9937605229276028,-0.013474134231290236", "x_min": 0.0, "x_max": 0.9916666666666666, "y_min": 0.0, "y_max": 0.99, "min_err": -0.03184625796441187, "max_err": 0.033780495856855386}