{"features": "0.07,0.12,0.13,0.11,0.12,0.03,0.1,0.08,0.13,0.11", "model_type": "linear", "parameters": "0.9748314687392203,0.003928647622617687", "x_min": 0.0, "x_max": 0.9916666666666666, "y_min": 0.0, "y_max": 0.99, "min_err": -0.035164603350886045, "max_err": 0.05677921358059912}