{"features": "0.07,0.12,0.06,0.08,0.12,0.08,0.12,0.11,0.13,0.11", "model_type": "linear", "parameters": "0.9955400531530757,-0.039687970214297874", "x_min": 0.0, "x_max": 0.9916666666666666, "y_min": 0.0, "y_max": 0.99, "min_err": -0.042158714170060674, "max_err": 0.04244408417083112}