{"features": "0.07,0.12,0.13,0.11,0.07,0.08,0.12,0.08,0.11,0.11", "model_type": "linear", "parameters": "0.9885895507748648,-0.0025900738900154208", "x_min": 0.0, "x_max": 0.9916666666666666, "y_min": 0.0, "y_max": 0.99, "min_err": -0.029792388674556636, "max_err": 0.040677761067155205}