{"features": "0.11,0.08,0.13,0.03,0.1,0.13,0.1,0.08,0.13,0.11", "model_type": "linear", "parameters": "0.9665499052413563,-0.003981388580850231", "x_min": 0.0, "x_max": 0.9916666666666666, "y_min": 0.0, "y_max": 0.99, "min_err": -0.04874773860304815, "max_err": 0.035486065883171936}