{"features": "0.12,0.12,0.13,0.11,0.07,0.08,0.12,0.11,0.09,0.05", "model_type": "linear", "parameters": "1.0179129348052487,0.033546136221620504", "x_min": 0.0, "x_max": 0.9833333333333332, "y_min": 0.0, "y_max": 0.99, "min_err": -0.033546136221620504, "max_err": 0.04232347427619265}