{"features": "0.12,0.12,0.13,0.03,0.1,0.13,0.1,0.08,0.13,0.06", "model_type": "linear", "parameters": "0.9885851330712189,0.02583397226328399", "x_min": 0.0, "x_max": 0.9833333333333332, "y_min": 0.0, "y_max": 0.99, "min_err": -0.037744444376291764, "max_err": 0.04287585948856987}