{"features": "0.12,0.1,0.1,0.07,0.11,0.13,0.12,0.11,0.04,0.1", "model_type": "linear", "parameters": "1.0138113163688953,0.009637832288391324", "x_min": 0.0, "x_max": 0.9916666666666666, "y_min": 0.0, "y_max": 0.99, "min_err": -0.038964872293211994, "max_err": 0.043967831707270144}