{"features": "0.12,0.12,0.13,0.07,0.06,0.08,0.12,0.08,0.11,0.11", "model_type": "linear", "parameters": "0.9362546288132607,0.03935608064421303", "x_min": 0.0, "x_max": 0.9916666666666666, "y_min": 0.0, "y_max": 0.99, "min_err": -0.03935608064421303, "max_err": 0.048559043084700104}