{"features": "0.12,0.12,0.13,0.11,0.07,0.08,0.12,0.11,0.04,0.1", "model_type": "linear", "parameters": "0.9909632406153158,0.04122141606823654", "x_min": 0.0, "x_max": 0.9916666666666666, "y_min": 0.0, "y_max": 0.99, "min_err": -0.049604386632276065, "max_err": 0.045877233675381934}