{"features": "0.12,0.12,0.13,0.07,0.11,0.08,0.07,0.06,0.13,0.11", "model_type": "linear", "parameters": "0.9358922729805323,0.046941574310570056", "x_min": 0.0, "x_max": 0.9916666666666666, "y_min": 0.0, "y_max": 0.99, "min_err": -0.048860779045969416, "max_err": 0.04109433469591922}