{"features": "0.12,0.08,0.07,0.11,0.12,0.08,0.12,0.11,0.13,0.06", "model_type": "linear", "parameters": "1.0140877851984509,-0.011621356022059548", "x_min": 0.0, "x_max": 0.9833333333333332, "y_min": 0.0, "y_max": 0.99, "min_err": -0.04190059027755316, "max_err": 0.04105745669897151}