{"features": "0.02,0.12,0.13,0.07,0.11,0.13,0.12,0.11,0.09,0.1", "model_type": "linear", "parameters": "1.0910825699015303,-0.08190990883543431", "x_min": 0.08333333333333333, "x_max": 0.9916666666666666, "y_min": 0.0, "y_max": 0.99, "min_err": -0.022707828623536597, "max_err": 0.022674433917492354}