{"features": "0.12,0.12,0.1,0.09,0.12,0.13,0.12,0.05,0.05,0.1", "model_type": "linear", "parameters": "1.0109702788736576,0.03205985979910425", "x_min": 0.0, "x_max": 0.9916666666666666, "y_min": 0.0, "y_max": 0.99, "min_err": -0.05878261543329033, "max_err": 0.05813718336959972}