{"features": "0.12,0.1,0.07,0.09,0.07,0.13,0.12,0.08,0.11,0.11", "model_type": "linear", "parameters": "0.9653021928764648,0.005109137115194118", "x_min": 0.0, "x_max": 0.9916666666666666, "y_min": 0.0, "y_max": 0.99, "min_err": -0.0377602335534265, "max_err": 0.03400716407206178}