{"features": "0.02,0.1,0.1,0.11,0.12,0.13,0.1,0.08,0.13,0.11", "model_type": "linear", "parameters": "1.0898921254825344,-0.0994453301069324", "x_min": 0.08333333333333333, "x_max": 0.9916666666666666, "y_min": 0.0, "y_max": 0.99, "min_err": -0.02302770126370121, "max_err": 0.022850579785242853}