{"features": "0.12,0.12,0.1,0.09,0.12,0.03,0.1,0.08,0.13,0.11", "model_type": "linear", "parameters": "0.9322206420857321,0.037046609575384026", "x_min": 0.0, "x_max": 0.9916666666666666, "y_min": 0.0, "y_max": 0.99, "min_err": -0.037046609575384026, "max_err": 0.044611574732464465}