{"features": "0.11,0.08,0.1,0.09,0.12,0.12,0.08,0.11,0.09,0.1", "model_type": "linear", "parameters": "1.0017510200320041,-0.005040717499308844", "x_min": 0.0, "x_max": 0.9916666666666666, "y_min": 0.0, "y_max": 0.99, "min_err": -0.02887628917802587, "max_err": 0.021561465829975174}