{"features": "0.12,0.1,0.1,0.11,0.02,0.13,0.12,0.08,0.11,0.11", "model_type": "linear", "parameters": "0.9541848257583978,0.018305164131533658", "x_min": 0.0, "x_max": 0.9916666666666666, "y_min": 0.0, "y_max": 0.99, "min_err": -0.04539757701073255, "max_err": 0.032069365350453904}