{"features": "0.11,0.08,0.1,0.05,0.06,0.13,0.12,0.11,0.13,0.11", "model_type": "linear", "parameters": "0.9629925140215428,-0.017793513716471587", "x_min": 0.0, "x_max": 0.9916666666666666, "y_min": 0.0, "y_max": 0.99, "min_err": -0.06370274329429981, "max_err": 0.052825937311774984}