{"features": "0.12,0.12,0.13,0.07,0.06,0.13,0.1,0.08,0.13,0.06", "model_type": "linear", "parameters": "0.9857310017551842,0.031706429175063444", "x_min": 0.0, "x_max": 0.9833333333333332, "y_min": 0.0, "y_max": 0.99, "min_err": -0.031706429175063444, "max_err": 0.03971657023987518}