{"features": "0.12,0.08,0.07,0.07,0.11,0.12,0.08,0.11,0.13,0.11", "model_type": "linear", "parameters": "0.9639773753802153,-0.0106864648348714", "x_min": 0.0, "x_max": 0.9916666666666666, "y_min": 0.0, "y_max": 0.99, "min_err": -0.040970774906884944, "max_err": 0.04805671373300399}