{"features": "0.0,0.04,0.13,0.11,0.12,0.13,0.12,0.11,0.13,0.11", "model_type": "linear", "parameters": "1.2000000000000002,-0.20000000000000012", "x_min": 0.16666666666666666, "x_max": 0.9916666666666666, "y_min": 0.0, "y_max": 0.99, "min_err": -2.220446049250313e-16, "max_err": 2.220446049250313e-16}