{"features": "0.12,0.08,0.07,0.11,0.07,0.13,0.12,0.11,0.13,0.06", "model_type": "linear", "parameters": "1.013228032133535,-0.015413621187268245", "x_min": 0.0, "x_max": 0.9833333333333332, "y_min": 0.0, "y_max": 0.99, "min_err": -0.041200394879499225, "max_err": 0.04498584943279188}