{"features": "0.12,0.12,0.13,0.07,0.06,0.12,0.08,0.11,0.09,0.1", "model_type": "linear", "parameters": "0.9562609041657741,0.03758853417403796", "x_min": 0.0, "x_max": 0.9916666666666666, "y_min": 0.0, "y_max": 0.99, "min_err": -0.03758853417403796, "max_err": 0.04365783110403737}