{"features": "0.01,0.08,0.13,0.11,0.12,0.12,0.08,0.11,0.13,0.11", "model_type": "linear", "parameters": "1.1076786002319636,-0.11837702487844998", "x_min": 0.08333333333333333, "x_max": 0.9916666666666666, "y_min": 0.0, "y_max": 0.99, "min_err": -0.02007537527619252, "max_err": 0.02223117474313807}