{"features": "0.12,0.12,0.13,0.11,0.12,0.13,0.1,0.02,0.09,0.06", "model_type": "linear", "parameters": "1.0487224264920183,0.04099058286449708", "x_min": 0.0, "x_max": 0.9833333333333332, "y_min": 0.0, "y_max": 0.99, "min_err": -0.06492593827451232, "max_err": 0.059861132807490836}