{"features": "0.06,0.06,0.1,0.11,0.12,0.08,0.12,0.11,0.13,0.11", "model_type": "linear", "parameters": "1.0463725787341909,-0.07963294115485992", "x_min": 0.0, "x_max": 0.9916666666666666, "y_min": 0.0, "y_max": 0.99, "min_err": -0.03196020352868781, "max_err": 0.04243522626034402}