{"features": "0.12,0.12,0.06,0.04,0.11,0.13,0.12,0.08,0.11,0.11", "model_type": "linear", "parameters": "0.9564991664407306,0.009178131711978843", "x_min": 0.0, "x_max": 0.9916666666666666, "y_min": 0.0, "y_max": 0.99, "min_err": -0.05771945106228321, "max_err": 0.04966790306484459}