{"features": "0.12,0.1,0.1,0.11,0.07,0.13,0.12,0.11,0.04,0.1", "model_type": "linear", "parameters": "1.0111593821591067,0.015120609883657155", "x_min": 0.0, "x_max": 0.9916666666666666, "y_min": 0.0, "y_max": 0.99, "min_err": -0.04201671019617159, "max_err": 0.04067289983507982}