{"features": "0.11,0.08,0.13,0.11,0.12,0.03,0.12,0.08,0.11,0.11", "model_type": "linear", "parameters": "0.9685514593747979,0.015163464501402102", "x_min": 0.0, "x_max": 0.9916666666666666, "y_min": 0.0, "y_max": 0.99, "min_err": -0.030151815803367343, "max_err": 0.04863206797265568}