{"features": "0.07,0.12,0.13,0.03,0.1,0.08,0.12,0.11,0.13,0.11", "model_type": "linear", "parameters": "0.9757968559709954,-0.02095258759466395", "x_min": 0.0, "x_max": 0.9916666666666666, "y_min": 0.0, "y_max": 0.99, "min_err": -0.048262245055083364, "max_err": 0.043818609404090436}