{"features": "0.11,0.08,0.13,0.11,0.07,0.08,0.12,0.11,0.13,0.06", "model_type": "linear", "parameters": "1.0056580316139345,0.0013895161494937303", "x_min": 0.0, "x_max": 0.9833333333333332, "y_min": 0.0, "y_max": 0.99, "min_err": -0.03802336792428873, "max_err": 0.02958630401136697}