{"features": "0.02,0.12,0.13,0.11,0.12,0.13,0.12,0.11,0.04,0.1", "model_type": "linear", "parameters": "1.1304907481898625,-0.0749557522123892", "x_min": 0.08333333333333333, "x_max": 0.9916666666666666, "y_min": 0.0, "y_max": 0.99, "min_err": -0.06132743362831816, "max_err": 0.032300884955752784}