{"features": "0.12,0.12,0.13,0.07,0.11,0.02,0.08,0.11,0.13,0.11", "model_type": "linear", "parameters": "0.9164459401357805,0.044795931908297726", "x_min": 0.0, "x_max": 0.9916666666666666, "y_min": 0.0, "y_max": 0.99, "min_err": -0.055759891998818145, "max_err": 0.049722088046442126}