{"features": "0.12,0.12,0.1,0.09,0.12,0.13,0.12,0.08,0.07,0.05", "model_type": "linear", "parameters": "1.0631300939993757,0.017477399445280317", "x_min": 0.0, "x_max": 0.9833333333333332, "y_min": 0.0, "y_max": 0.99, "min_err": -0.042013318944708056, "max_err": 0.03517503005518774}