{"features": "0.07,0.12,0.13,0.11,0.12,0.07,0.08,0.11,0.09,0.1", "model_type": "linear", "parameters": "1.0091181262207967,-0.0003088136200410929", "x_min": 0.0, "x_max": 0.9916666666666666, "y_min": 0.0, "y_max": 0.99, "min_err": -0.03378436356502529, "max_err": 0.045749750509642806}