{"features": "0.11,0.08,0.13,0.11,0.12,0.12,0.06,0.05,0.11,0.11", "model_type": "linear", "parameters": "0.98396505015498,0.020236863300222063", "x_min": 0.0, "x_max": 0.9916666666666666, "y_min": 0.0, "y_max": 0.99, "min_err": -0.040207738429371975, "max_err": 0.05578352410937304}