{"features": "0.12,0.08,0.07,0.11,0.02,0.13,0.12,0.11,0.13,0.11", "model_type": "linear", "parameters": "0.9557910965503951,-0.010772788591250804", "x_min": 0.0, "x_max": 0.9916666666666666, "y_min": 0.0, "y_max": 0.99, "min_err": -0.06712275968394671, "max_err": 0.05294661784544252}