{"features": "0.07,0.12,0.1,0.09,0.07,0.13,0.12,0.11,0.13,0.06", "model_type": "linear", "parameters": "1.0412499206557915,-0.03343433473281415", "x_min": 0.0, "x_max": 0.9833333333333332, "y_min": 0.0, "y_max": 0.99, "min_err": -0.03719062559508157, "max_err": 0.028955240798338666}