{"features": "0.12,0.12,0.13,0.07,0.11,0.1,0.03,0.08,0.13,0.11", "model_type": "linear", "parameters": "0.931710444832934,0.0489436245362328", "x_min": 0.0, "x_max": 0.9916666666666666, "y_min": 0.0, "y_max": 0.99, "min_err": -0.0489436245362328, "max_err": 0.055322869684830245}