{"features": "0.07,0.12,0.13,0.11,0.12,0.12,0.08,0.08,0.11,0.06", "model_type": "linear", "parameters": "1.064412375828993,-0.009708868205580867", "x_min": 0.0, "x_max": 0.9833333333333332, "y_min": 0.0, "y_max": 0.99, "min_err": -0.030000000000000027, "max_err": 0.03880164897200167}