{"features": "0.11,0.08,0.13,0.11,0.12,0.08,0.12,0.11,0.04,0.1", "model_type": "linear", "parameters": "1.0283876597733328,0.006944356465905743", "x_min": 0.0, "x_max": 0.9916666666666666, "y_min": 0.0, "y_max": 0.99, "min_err": -0.049633044591460784, "max_err": 0.03463582422109479}