{"features": "0.12,0.12,0.13,0.11,0.12,0.1,0.05,0.11,0.13,0.01", "model_type": "linear", "parameters": "1.0579281183932348,0.03215644820295982", "x_min": 0.0, "x_max": 0.9083333333333332, "y_min": 0.0, "y_max": 0.99, "min_err": -0.03744186046511633, "max_err": 0.04953488372093018}