{"features": "0.12,0.1,0.07,0.09,0.12,0.08,0.1,0.08,0.13,0.11", "model_type": "linear", "parameters": "0.9546690635973765,0.010505450224331414", "x_min": 0.0, "x_max": 0.9916666666666666, "y_min": 0.0, "y_max": 0.99, "min_err": -0.028728471423456914, "max_err": 0.03278106170827022}