{"features": "0.07,0.12,0.1,0.09,0.12,0.08,0.12,0.11,0.13,0.06", "model_type": "linear", "parameters": "1.0417240629304716,-0.02933444500833754", "x_min": 0.0, "x_max": 0.9833333333333332, "y_min": 0.0, "y_max": 0.99, "min_err": -0.028337925034437328, "max_err": 0.024420720655405237}