{"features": "0.12,0.1,0.03,0.08,0.12,0.13,0.1,0.08,0.13,0.11", "model_type": "linear", "parameters": "0.9652110999786282,-0.007311943280544575", "x_min": 0.0, "x_max": 0.9916666666666666, "y_min": 0.0, "y_max": 0.99, "min_err": -0.06442509004566482, "max_err": 0.04644342661743989}