{"features": "0.12,0.12,0.13,0.11,0.12,0.13,0.07,0.0,0.09,0.11", "model_type": "linear", "parameters": "0.9791743684534813,0.05845142739782283", "x_min": 0.0, "x_max": 0.9916666666666666, "y_min": 0.0, "y_max": 0.99, "min_err": -0.07443006777572381, "max_err": 0.08692544670363545}