{"features": "0.01,0.08,0.13,0.11,0.12,0.13,0.1,0.08,0.13,0.11", "model_type": "linear", "parameters": "1.1154550341635958,-0.11803549585907641", "x_min": 0.08333333333333333, "x_max": 0.9916666666666666, "y_min": 0.0, "y_max": 0.99, "min_err": -0.01855577976362044, "max_err": 0.024398806416679242}