{"features": "0.12,0.12,0.13,0.03,0.1,0.13,0.1,0.08,0.09,0.1", "model_type": "linear", "parameters": "0.9678902588888302,0.0316225385569725", "x_min": 0.0, "x_max": 0.9916666666666666, "y_min": 0.0, "y_max": 0.99, "min_err": -0.03491014642731832, "max_err": 0.043813127304157706}