{"features": "0.11,0.08,0.06,0.08,0.12,0.13,0.1,0.08,0.13,0.11", "model_type": "linear", "parameters": "0.9830749849372845,-0.02070475251501719", "x_min": 0.0, "x_max": 0.9916666666666666, "y_min": 0.0, "y_max": 0.99, "min_err": -0.05698690913074428, "max_err": 0.03878183710357683}