{"features": "0.12,0.1,0.07,0.09,0.07,0.13,0.12,0.11,0.09,0.1", "model_type": "linear", "parameters": "0.9799266550858905,0.00177025027343497", "x_min": 0.0, "x_max": 0.9916666666666666, "y_min": 0.0, "y_max": 0.99, "min_err": -0.04173357781638021, "max_err": 0.03490864054558329}