{"features": "0.12,0.12,0.13,0.07,0.11,0.12,0.08,0.08,0.11,0.06", "model_type": "linear", "parameters": "1.0077191552238052,0.03396848648510897", "x_min": 0.0, "x_max": 0.9833333333333332, "y_min": 0.0, "y_max": 0.99, "min_err": -0.03396848648510897, "max_err": 0.03012512844028936}