{"features": "0.11,0.08,0.1,0.09,0.12,0.13,0.12,0.11,0.09,0.05", "model_type": "linear", "parameters": "1.0669945386440967,-0.019824864895776673", "x_min": 0.0, "x_max": 0.9833333333333332, "y_min": 0.0, "y_max": 0.99, "min_err": -0.03583998131892219, "max_err": 0.030908653342101966}