{"features": "0.11,0.08,0.13,0.07,0.11,0.12,0.08,0.08,0.11,0.11", "model_type": "linear", "parameters": "0.9777359423735031,0.006946808765226242", "x_min": 0.0, "x_max": 0.9916666666666666, "y_min": 0.0, "y_max": 0.99, "min_err": -0.02172676074314539, "max_err": 0.022707224850230356}