{"features": "0.1,0.02,0.1,0.11,0.12,0.13,0.1,0.08,0.13,0.11", "model_type": "linear", "parameters": "1.0301474874860126,-0.05827504640394604", "x_min": 0.0, "x_max": 0.9916666666666666, "y_min": 0.0, "y_max": 0.99, "min_err": -0.04926182546755711, "max_err": 0.07101398484249509}