{"features": "0.12,0.12,0.13,0.11,0.12,0.03,0.12,0.08,0.11,0.06", "model_type": "linear", "parameters": "0.9989461532498494,0.04172818296288083", "x_min": 0.0, "x_max": 0.9833333333333332, "y_min": 0.0, "y_max": 0.99, "min_err": -0.04172818296288083, "max_err": 0.057123291689276656}