{"features": "0.07,0.12,0.13,0.11,0.07,0.13,0.12,0.05,0.09,0.11", "model_type": "linear", "parameters": "1.0115292498161366,-0.0019137439721771954", "x_min": 0.0, "x_max": 0.9916666666666666, "y_min": 0.0, "y_max": 0.99, "min_err": -0.04102729754126977, "max_err": 0.041696217025209314}