{"features": "0.1,0.04,0.13,0.11,0.12,0.13,0.12,0.11,0.09,0.05", "model_type": "linear", "parameters": "1.1035254960005518,-0.047106899910271116", "x_min": 0.0, "x_max": 0.9833333333333332, "y_min": 0.0, "y_max": 0.99, "min_err": -0.03681401608982085, "max_err": 0.05434248771022973}