{"features": "0.12,0.12,0.13,0.07,0.11,0.1,0.05,0.08,0.11,0.11", "model_type": "linear", "parameters": "0.9442578032150537,0.046870984224189005", "x_min": 0.0, "x_max": 0.9916666666666666, "y_min": 0.0, "y_max": 0.99, "min_err": -0.046870984224189005, "max_err": 0.05018077892715522}