{"features": "0.12,0.12,0.06,0.08,0.12,0.03,0.12,0.11,0.13,0.11", "model_type": "linear", "parameters": "0.9318239912360786,0.01744020449150968", "x_min": 0.0, "x_max": 0.9916666666666666, "y_min": 0.0, "y_max": 0.99, "min_err": -0.06100419937922208, "max_err": 0.048501004199379194}