{"features": "0.11,0.04,0.07,0.11,0.12,0.13,0.12,0.11,0.09,0.1", "model_type": "linear", "parameters": "1.0368117238201389,-0.04889415012064796", "x_min": 0.0, "x_max": 0.9916666666666666, "y_min": 0.0, "y_max": 0.99, "min_err": -0.06030878083438676, "max_err": 0.062493173135636404}