{"features": "0.12,0.12,0.13,0.11,0.12,0.13,0.1,0.02,0.09,0.06", "model_type": "linear", "parameters": "1.0487224264920179,0.04099058286449725", "x_min": 0.0, "x_max": 0.9833333333333332, "y_min": 0.0, "y_max": 0.99, "min_err": -0.0649259382745121, "max_err": 0.05986113280749095}