{"features": "0.11,0.08,0.13,0.11,0.12,0.12,0.03,0.06,0.13,0.11", "model_type": "linear", "parameters": "0.969408003418675,0.02281751833482032", "x_min": 0.0, "x_max": 0.9916666666666666, "y_min": 0.0, "y_max": 0.99, "min_err": -0.04987352089882657, "max_err": 0.06169447967095276}