{"features": "0.11,0.06,0.1,0.11,0.07,0.08,0.12,0.11,0.13,0.11", "model_type": "linear", "parameters": "0.97166492345726,-0.01836296789325248", "x_min": 0.0, "x_max": 0.9916666666666666, "y_min": 0.0, "y_max": 0.99, "min_err": -0.0484415707901491, "max_err": 0.04479525213146984}