{"features": "0.07,0.12,0.13,0.07,0.11,0.12,0.08,0.11,0.13,0.06", "model_type": "linear", "parameters": "1.0374043332974026,-0.01851514498221435", "x_min": 0.0, "x_max": 0.9833333333333332, "y_min": 0.0, "y_max": 0.99, "min_err": -0.023087743882720724, "max_err": 0.022713700549746807}