{"features": "0.02,0.12,0.13,0.11,0.12,0.13,0.1,0.05,0.11,0.11", "model_type": "linear", "parameters": "1.0736211593453215,-0.05925692351202233", "x_min": 0.08333333333333333, "x_max": 0.9916666666666666, "y_min": 0.0, "y_max": 0.99, "min_err": -0.03542737594241219, "max_err": 0.04350948394847465}