{"features": "0.12,0.12,0.13,0.07,0.11,0.13,0.07,0.06,0.09,0.1", "model_type": "linear", "parameters": "0.9776307416203109,0.043253128142947905", "x_min": 0.0, "x_max": 0.9916666666666666, "y_min": 0.0, "y_max": 0.99, "min_err": -0.043253128142947905, "max_err": 0.05313996695701417}