{"features": "0.12,0.08,0.07,0.11,0.07,0.13,0.1,0.08,0.13,0.11", "model_type": "linear", "parameters": "0.9673593875796036,-0.004399283837970391", "x_min": 0.0, "x_max": 0.9916666666666666, "y_min": 0.0, "y_max": 0.99, "min_err": -0.0374405630569305, "max_err": 0.041234047471199825}