{"features": "0.12,0.12,0.1,0.09,0.02,0.13,0.12,0.11,0.13,0.06", "model_type": "linear", "parameters": "0.9758864907977668,0.019661955107254325", "x_min": 0.0, "x_max": 0.9833333333333332, "y_min": 0.0, "y_max": 0.99, "min_err": -0.057605200506137766, "max_err": 0.03636642219330394}