{"features": "0.11,0.08,0.13,0.11,0.12,0.1,0.05,0.11,0.13,0.06", "model_type": "linear", "parameters": "1.0151418047166818,0.009000860991888515", "x_min": 0.0, "x_max": 0.9833333333333332, "y_min": 0.0, "y_max": 0.99, "min_err": -0.035762064136343086, "max_err": 0.04729260129601942}