{"features": "0.11,0.08,0.1,0.09,0.07,0.12,0.08,0.11,0.13,0.11", "model_type": "linear", "parameters": "0.9633805441669775,-0.005957882966828365", "x_min": 0.0, "x_max": 0.9916666666666666, "y_min": 0.0, "y_max": 0.99, "min_err": -0.03629581314449004, "max_err": 0.04060551000124235}