{"features": "0.11,0.08,0.13,0.03,0.05,0.13,0.12,0.11,0.13,0.11", "model_type": "linear", "parameters": "0.9544224789879611,-0.009650885764884543", "x_min": 0.0, "x_max": 0.9916666666666666, "y_min": 0.0, "y_max": 0.99, "min_err": -0.06756035372909597, "max_err": 0.053181927435156595}