{"features": "0.12,0.12,0.13,0.11,0.12,0.1,0.05,0.08,0.11,0.06", "model_type": "linear", "parameters": "1.0101901867017749,0.04504445433991777", "x_min": 0.0, "x_max": 0.9833333333333332, "y_min": 0.0, "y_max": 0.99, "min_err": -0.04504445433991777, "max_err": 0.06409618830656172}