{"features": "0.12,0.08,0.07,0.11,0.12,0.13,0.1,0.08,0.09,0.1", "model_type": "linear", "parameters": "1.0057999699088152,-0.0032900684256589874", "x_min": 0.0, "x_max": 0.9916666666666666, "y_min": 0.0, "y_max": 0.99, "min_err": -0.04815992405154479, "max_err": 0.03403840652342993}