{"features": "0.12,0.1,0.03,0.08,0.12,0.13,0.12,0.08,0.11,0.11", "model_type": "linear", "parameters": "0.9756604042100705,-0.008684683673448934", "x_min": 0.0, "x_max": 0.9916666666666666, "y_min": 0.0, "y_max": 0.99, "min_err": -0.06653545106324121, "max_err": 0.04607461630510387}