{"features": "0.1,0.04,0.13,0.07,0.11,0.13,0.12,0.11,0.13,0.06", "model_type": "linear", "parameters": "1.0570219596854256,-0.05068758668760104", "x_min": 0.0, "x_max": 0.9833333333333332, "y_min": 0.0, "y_max": 0.99, "min_err": -0.039738229847992856, "max_err": 0.061410939711194115}