{"features": "0.12,0.12,0.13,0.11,0.02,0.13,0.12,0.11,0.09,0.05", "model_type": "linear", "parameters": "1.0152412751960507,0.030104099399808404", "x_min": 0.0, "x_max": 0.9833333333333332, "y_min": 0.0, "y_max": 0.99, "min_err": -0.03772473699783374, "max_err": 0.045339046561804264}