{"features": "0.11,0.08,0.13,0.11,0.12,0.12,0.08,0.05,0.09,0.11", "model_type": "linear", "parameters": "0.9953708620441928,0.01846619979634262", "x_min": 0.0, "x_max": 0.9916666666666666, "y_min": 0.0, "y_max": 0.99, "min_err": -0.04794191816650306, "max_err": 0.05090079734454511}