{"features": "0.11,0.08,0.13,0.11,0.12,0.13,0.07,0.06,0.13,0.06", "model_type": "linear", "parameters": "1.034705273486177,0.008257394264210849", "x_min": 0.0, "x_max": 0.9833333333333332, "y_min": 0.0, "y_max": 0.99, "min_err": -0.03428634937884367, "max_err": 0.050561634024056}