{"features": "0.12,0.12,0.13,0.07,0.11,0.05,0.05,0.11,0.13,0.11", "model_type": "linear", "parameters": "0.919967418756316,0.04689920311411094", "x_min": 0.0, "x_max": 0.9916666666666666, "y_min": 0.0, "y_max": 0.99, "min_err": -0.060210815618321534, "max_err": 0.04644499063378377}