{"features": "0.12,0.12,0.13,0.07,0.11,0.03,0.12,0.11,0.13,0.06", "model_type": "linear", "parameters": "0.9706996851150131,0.0343221077725", "x_min": 0.0, "x_max": 0.9833333333333332, "y_min": 0.0, "y_max": 0.99, "min_err": -0.050563590756257604, "max_err": 0.04211133052249566}