{"features": "0.12,0.1,0.07,0.09,0.12,0.12,0.08,0.11,0.09,0.1", "model_type": "linear", "parameters": "0.9851123868833318,0.007369368492750716", "x_min": 0.0, "x_max": 0.9916666666666666, "y_min": 0.0, "y_max": 0.99, "min_err": -0.035740164120527995, "max_err": 0.02844523369336066}