{"features": "0.11,0.06,0.1,0.11,0.12,0.1,0.05,0.11,0.13,0.11", "model_type": "linear", "parameters": "0.9766173358987733,-0.009178699657741818", "x_min": 0.0, "x_max": 0.9916666666666666, "y_min": 0.0, "y_max": 0.99, "min_err": -0.041899524274773614, "max_err": 0.03762373151594722}