{"features": "0.1,0.04,0.1,0.09,0.12,0.08,0.12,0.11,0.13,0.11", "model_type": "linear", "parameters": "1.0061662044319197,-0.049587458148776575", "x_min": 0.0, "x_max": 0.9916666666666666, "y_min": 0.0, "y_max": 0.99, "min_err": -0.0373428277698431, "max_err": 0.06412499281638259}