{"features": "0.12,0.12,0.13,0.03,0.1,0.13,0.12,0.11,0.09,0.05", "model_type": "linear", "parameters": "1.0205495145758188,0.019168788829024452", "x_min": 0.0, "x_max": 0.9833333333333332, "y_min": 0.0, "y_max": 0.99, "min_err": -0.04439775323561551, "max_err": 0.03915261893383443}