{"features": "0.07,0.12,0.13,0.07,0.11,0.13,0.1,0.05,0.11,0.11", "model_type": "linear", "parameters": "1.0051453628367935,-0.00673506028269949", "x_min": 0.0, "x_max": 0.9916666666666666, "y_min": 0.0, "y_max": 0.99, "min_err": -0.03088607541462829, "max_err": 0.03663815172483709}