{"features": "0.12,0.12,0.13,0.11,0.12,0.1,0.05,0.11,0.09,0.05", "model_type": "linear", "parameters": "1.0321357245163505,0.03957011155716017", "x_min": 0.0, "x_max": 0.9833333333333332, "y_min": 0.0, "y_max": 0.99, "min_err": -0.040000000000000036, "max_err": 0.05695184684593824}