{"features": "0.12,0.12,0.13,0.11,0.12,0.1,0.03,0.08,0.09,0.1", "model_type": "linear", "parameters": "0.9699760214790142,0.054873380253897264", "x_min": 0.0, "x_max": 0.9916666666666666, "y_min": 0.0, "y_max": 0.99, "min_err": -0.054873380253897264, "max_err": 0.07739040739566949}