{"features": "0.12,0.12,0.13,0.11,0.02,0.13,0.12,0.08,0.07,0.1", "model_type": "linear", "parameters": "0.9738530494828507,0.040941015678620796", "x_min": 0.0, "x_max": 0.9916666666666666, "y_min": 0.0, "y_max": 0.99, "min_err": -0.040941015678620796, "max_err": 0.051402322449215165}