{"features": "0.12,0.1,0.07,0.05,0.11,0.13,0.12,0.11,0.13,0.06", "model_type": "linear", "parameters": "1.0017237882782397,-0.009200973433380832", "x_min": 0.0, "x_max": 0.9833333333333332, "y_min": 0.0, "y_max": 0.99, "min_err": -0.05818393834921898, "max_err": 0.0422470087203409}