{"features": "0.11,0.08,0.1,0.09,0.12,0.13,0.12,0.08,0.07,0.1", "model_type": "linear", "parameters": "1.0224879419462705,-0.0068711648386277635", "x_min": 0.0, "x_max": 0.9916666666666666, "y_min": 0.0, "y_max": 0.99, "min_err": -0.0339581491434624, "max_err": 0.04000520837892485}