{"features": "0.12,0.12,0.13,0.11,0.07,0.12,0.08,0.11,0.13,0.01", "model_type": "linear", "parameters": "1.0493878593837394,0.02758515763282615", "x_min": 0.0, "x_max": 0.9083333333333332, "y_min": 0.0, "y_max": 0.99, "min_err": -0.02758515763282615, "max_err": 0.03516990095728256}