{"features": "0.11,0.06,0.1,0.07,0.11,0.13,0.12,0.11,0.13,0.06", "model_type": "linear", "parameters": "1.034579540138894,-0.03435986470440072", "x_min": 0.0, "x_max": 0.9833333333333332, "y_min": 0.0, "y_max": 0.99, "min_err": -0.04671494368680501, "max_err": 0.04814490302615956}