{"features": "0.12,0.12,0.13,0.11,0.07,0.13,0.12,0.05,0.09,0.06", "model_type": "linear", "parameters": "1.0291265158709157,0.03660989772249623", "x_min": 0.0, "x_max": 0.9833333333333332, "y_min": 0.0, "y_max": 0.99, "min_err": -0.04421532761492597, "max_err": 0.040121269673241255}