{"features": "0.07,0.12,0.13,0.03,0.05,0.13,0.12,0.11,0.13,0.11", "model_type": "linear", "parameters": "0.9753238704397899,-0.024766345955204827", "x_min": 0.0, "x_max": 0.9916666666666666, "y_min": 0.0, "y_max": 0.99, "min_err": -0.06289558926469008, "max_err": 0.047786088062273135}