{"features": "0.12,0.1,0.07,0.09,0.12,0.12,0.08,0.08,0.11,0.11", "model_type": "linear", "parameters": "0.9694485666501778,0.01108359048045282", "x_min": 0.0, "x_max": 0.9916666666666666, "y_min": 0.0, "y_max": 0.99, "min_err": -0.034233112697178714, "max_err": 0.02734164841118425}