{"features": "0.06,0.08,0.13,0.11,0.12,0.08,0.1,0.08,0.13,0.11", "model_type": "linear", "parameters": "1.0220836717051316,-0.040742191252106486", "x_min": 0.0, "x_max": 0.9916666666666666, "y_min": 0.0, "y_max": 0.99, "min_err": -0.029605087365415422, "max_err": 0.02970035539954069}