{"features": "0.07,0.1,0.1,0.07,0.11,0.12,0.08,0.11,0.13,0.11", "model_type": "linear", "parameters": "1.003105041274329,-0.03915343447858016", "x_min": 0.0, "x_max": 0.9916666666666666, "y_min": 0.0, "y_max": 0.99, "min_err": -0.029583259704305864, "max_err": 0.03440760188153735}