{"features": "0.1,0.04,0.13,0.11,0.07,0.13,0.12,0.08,0.11,0.11", "model_type": "linear", "parameters": "1.0135355606714256,-0.032460798032754534", "x_min": 0.0, "x_max": 0.9916666666666666, "y_min": 0.0, "y_max": 0.99, "min_err": -0.03646179541248304, "max_err": 0.04644563098239761}