{"features": "0.12,0.08,0.07,0.11,0.12,0.13,0.12,0.11,0.13,0.01", "model_type": "linear", "parameters": "1.0858558335397572,-0.02530592023780026", "x_min": 0.0, "x_max": 0.9083333333333332, "y_min": 0.0, "y_max": 0.99, "min_err": -0.046158038147139036, "max_err": 0.04337874659400537}