{"features": "0.12,0.08,0.07,0.11,0.12,0.12,0.06,0.08,0.13,0.11", "model_type": "linear", "parameters": "0.9699345426752997,0.0023540801995039495", "x_min": 0.0, "x_max": 0.9916666666666666, "y_min": 0.0, "y_max": 0.99, "min_err": -0.044837715868328853, "max_err": 0.03407295054357362}