{"features": "0.12,0.1,0.1,0.11,0.12,0.12,0.08,0.11,0.13,0.01", "model_type": "linear", "parameters": "1.071527649675746,0.004329630419314667", "x_min": 0.0, "x_max": 0.9083333333333332, "y_min": 0.0, "y_max": 0.99, "min_err": -0.022211542838251164, "max_err": 0.02061257393650029}