{"features": "0.12,0.12,0.13,0.11,0.12,0.13,0.1,0.08,0.04,0.05", "model_type": "linear", "parameters": "1.1027944035097155,0.026771876176499898", "x_min": 0.0, "x_max": 0.9833333333333332, "y_min": 0.0, "y_max": 0.99, "min_err": -0.050000000000000044, "max_err": 0.0380318548170232}