{"features": "0.11,0.08,0.13,0.11,0.12,0.1,0.03,0.08,0.13,0.11", "model_type": "linear", "parameters": "0.9622589708691358,0.022290280560536946", "x_min": 0.0, "x_max": 0.9916666666666666, "y_min": 0.0, "y_max": 0.99, "min_err": -0.0439845087123889, "max_err": 0.06441081118971004}