{"features": "0.11,0.08,0.13,0.11,0.07,0.07,0.08,0.11,0.13,0.11", "model_type": "linear", "parameters": "0.9497199101898262,0.013017145578663236", "x_min": 0.0, "x_max": 0.9916666666666666, "y_min": 0.0, "y_max": 0.99, "min_err": -0.04616375237188064, "max_err": 0.04126622517557599}