{"features": "0.12,0.1,0.1,0.03,0.1,0.13,0.12,0.11,0.13,0.06", "model_type": "linear", "parameters": "0.9943783419540411,-0.0017748466678731423", "x_min": 0.0, "x_max": 0.9833333333333332, "y_min": 0.0, "y_max": 0.99, "min_err": -0.06254946247964388, "max_err": 0.040261366543335564}