{"features": "0.07,0.12,0.13,0.07,0.06,0.13,0.12,0.11,0.13,0.06", "model_type": "linear", "parameters": "1.031189916684469,-0.0240322580645162", "x_min": 0.0, "x_max": 0.9833333333333332, "y_min": 0.0, "y_max": 0.99, "min_err": -0.041562700277718245, "max_err": 0.03030228583635991}