{"features": "0.07,0.12,0.13,0.11,0.02,0.12,0.08,0.11,0.13,0.11", "model_type": "linear", "parameters": "0.9691490430353419,-0.005323193466995335", "x_min": 0.0, "x_max": 0.9916666666666666, "y_min": 0.0, "y_max": 0.99, "min_err": -0.04077616855656585, "max_err": 0.04958733422756406}