{"features": "0.07,0.1,0.07,0.09,0.12,0.13,0.1,0.08,0.13,0.11", "model_type": "linear", "parameters": "1.019758096117173,-0.04802118618239465", "x_min": 0.0, "x_max": 0.9916666666666666, "y_min": 0.0, "y_max": 0.99, "min_err": -0.04189817918999633, "max_err": 0.028061503496199153}