{"features": "0.12,0.12,0.13,0.03,0.05,0.13,0.1,0.08,0.13,0.11", "model_type": "linear", "parameters": "0.9280361203214798,0.03136862155606063", "x_min": 0.0, "x_max": 0.9916666666666666, "y_min": 0.0, "y_max": 0.99, "min_err": -0.04538668171680049, "max_err": 0.05701963933945847}