{"features": "0.07,0.12,0.13,0.07,0.11,0.13,0.12,0.05,0.09,0.11", "model_type": "linear", "parameters": "1.015943410294814,-0.008315297850222503", "x_min": 0.0, "x_max": 0.9916666666666666, "y_min": 0.0, "y_max": 0.99, "min_err": -0.03830421072878898, "max_err": 0.044823935214902244}