{"features": "0.12,0.12,0.1,0.09,0.12,0.12,0.08,0.11,0.13,0.01", "model_type": "linear", "parameters": "1.0591084931160613,0.014429521248587207", "x_min": 0.0, "x_max": 0.9083333333333332, "y_min": 0.0, "y_max": 0.99, "min_err": -0.020501849992628052, "max_err": 0.020793355472397468}