{"features": "0.07,0.12,0.1,0.09,0.12,0.12,0.08,0.11,0.13,0.06", "model_type": "linear", "parameters": "1.046717691273695,-0.02748658089411954", "x_min": 0.0, "x_max": 0.9833333333333332, "y_min": 0.0, "y_max": 0.99, "min_err": -0.021419316197112126, "max_err": 0.01799536389323242}