{"features": "0.07,0.12,0.13,0.07,0.06,0.08,0.12,0.11,0.13,0.11", "model_type": "linear", "parameters": "0.9701942000806199,-0.013543459875591635", "x_min": 0.0, "x_max": 0.9916666666666666, "y_min": 0.0, "y_max": 0.99, "min_err": -0.05240315683810315, "max_err": 0.0414342114623103}