{"features": "0.12,0.1,0.1,0.11,0.12,0.13,0.12,0.08,0.11,0.01", "model_type": "linear", "parameters": "1.1039673875703284,-0.0013253379951601585", "x_min": 0.0, "x_max": 0.9083333333333332, "y_min": 0.0, "y_max": 0.99, "min_err": -0.024666508897421946, "max_err": 0.023349797317413823}