{"features": "0.06,0.08,0.13,0.07,0.11,0.13,0.12,0.08,0.11,0.11", "model_type": "linear", "parameters": "1.0419585495989256,-0.055501433704765735", "x_min": 0.0, "x_max": 0.9916666666666666, "y_min": 0.0, "y_max": 0.99, "min_err": -0.028647961961453194, "max_err": 0.03}