{"features": "0.12,0.1,0.1,0.07,0.11,0.13,0.12,0.11,0.04,0.1", "model_type": "linear", "parameters": "1.013811316368896,0.00963783228839099", "x_min": 0.0, "x_max": 0.9916666666666666, "y_min": 0.0, "y_max": 0.99, "min_err": -0.038964872293212216, "max_err": 0.04396783170726992}