{"features": "0.12,0.08,0.04,0.09,0.07,0.13,0.12,0.11,0.13,0.11", "model_type": "linear", "parameters": "0.9677384799414404,-0.024756208601882046", "x_min": 0.0, "x_max": 0.9916666666666666, "y_min": 0.0, "y_max": 0.99, "min_err": -0.05911303136883811, "max_err": 0.06153094927782066}