{"features": "0.12,0.12,0.13,0.11,0.07,0.13,0.07,0.06,0.09,0.1", "model_type": "linear", "parameters": "0.9745251579808044,0.048748688074623236", "x_min": 0.0, "x_max": 0.9916666666666666, "y_min": 0.0, "y_max": 0.99, "min_err": -0.048748688074623236, "max_err": 0.049688916254680526}