{"features": "0.12,0.12,0.1,0.09,0.12,0.13,0.12,0.05,0.09,0.06", "model_type": "linear", "parameters": "1.0381853970291457,0.02392337609802514", "x_min": 0.0, "x_max": 0.9833333333333332, "y_min": 0.0, "y_max": 0.99, "min_err": -0.039077873622313075, "max_err": 0.046089121105358566}