{"features": "0.12,0.12,0.1,0.09,0.12,0.13,0.1,0.05,0.11,0.06", "model_type": "linear", "parameters": "1.0246925517981,0.026203157552369127", "x_min": 0.0, "x_max": 0.9833333333333332, "y_min": 0.0, "y_max": 0.99, "min_err": -0.030113617384119107, "max_err": 0.040668474582230885}