{"features": "0.12,0.1,0.1,0.07,0.11,0.08,0.12,0.11,0.13,0.06", "model_type": "linear", "parameters": "0.9931457699255193,0.007530951261557561", "x_min": 0.0, "x_max": 0.9833333333333332, "y_min": 0.0, "y_max": 0.99, "min_err": -0.03686598371811034, "max_err": 0.0320854263067164}