{"features": "0.12,0.12,0.13,0.11,0.07,0.13,0.12,0.11,0.09,0.0", "model_type": "linear", "parameters": "1.1089481882170595,0.014917846851031369", "x_min": 0.0, "x_max": 0.8999999999999999, "y_min": 0.0, "y_max": 0.99, "min_err": -0.019391940959561094, "max_err": 0.023020408058527286}