{"features": "0.11,0.06,0.07,0.09,0.12,0.13,0.1,0.08,0.13,0.11", "model_type": "linear", "parameters": "0.995208146151542,-0.030801637216731403", "x_min": 0.0, "x_max": 0.9916666666666666, "y_min": 0.0, "y_max": 0.99, "min_err": -0.05093441150044925, "max_err": 0.047867625037436246}