{"features": "0.12,0.1,0.1,0.11,0.07,0.08,0.12,0.08,0.11,0.11", "model_type": "linear", "parameters": "0.9547988181901254,0.022374584995887903", "x_min": 0.0, "x_max": 0.9916666666666666, "y_min": 0.0, "y_max": 0.99, "min_err": -0.029340562273460824, "max_err": 0.029792574091559942}