{"features": "0.11,0.06,0.1,0.11,0.12,0.12,0.08,0.08,0.11,0.11", "model_type": "linear", "parameters": "0.9970817848502236,-0.011019005811488458", "x_min": 0.0, "x_max": 0.9916666666666666, "y_min": 0.0, "y_max": 0.99, "min_err": -0.03825144040106743, "max_err": 0.029387964648858067}