{"features": "0.12,0.12,0.1,0.05,0.06,0.12,0.08,0.11,0.13,0.11", "model_type": "linear", "parameters": "0.9280367951749722,0.024021326448701585", "x_min": 0.0, "x_max": 0.9916666666666666, "y_min": 0.0, "y_max": 0.99, "min_err": -0.04271252323201635, "max_err": 0.045675518336117715}