{"features": "0.12,0.08,0.07,0.11,0.12,0.1,0.05,0.11,0.13,0.11", "model_type": "linear", "parameters": "0.9617219313554392,0.002117510180337401", "x_min": 0.0, "x_max": 0.9916666666666666, "y_min": 0.0, "y_max": 0.99, "min_err": -0.04326546441729684, "max_err": 0.03560985068838474}