{"features": "0.12,0.1,0.1,0.11,0.07,0.13,0.1,0.05,0.11,0.11", "model_type": "linear", "parameters": "0.9666208705426844,0.024577843002560162", "x_min": 0.0, "x_max": 0.9916666666666666, "y_min": 0.0, "y_max": 0.99, "min_err": -0.030095235121463726, "max_err": 0.031008243302316885}