{"features": "0.12,0.12,0.13,0.11,0.07,0.02,0.08,0.11,0.13,0.11", "model_type": "linear", "parameters": "0.9116816932467433,0.05093504191439874", "x_min": 0.0, "x_max": 0.9916666666666666, "y_min": 0.0, "y_max": 0.99, "min_err": -0.05872283741222761, "max_err": 0.06919758589945829}