{"features": "0.07,0.1,0.1,0.07,0.06,0.13,0.12,0.11,0.13,0.11", "model_type": "linear", "parameters": "1.0000756563185635,-0.04587425079228985", "x_min": 0.0, "x_max": 0.9916666666666666, "y_min": 0.0, "y_max": 0.99, "min_err": -0.0541635773669919, "max_err": 0.044132558276381184}