{"features": "0.11,0.06,0.1,0.11,0.02,0.13,0.12,0.11,0.13,0.11", "model_type": "linear", "parameters": "0.9718020036621808,-0.022889484451637354", "x_min": 0.0, "x_max": 0.9916666666666666, "y_min": 0.0, "y_max": 0.99, "min_err": -0.06301151737945304, "max_err": 0.04918583081997485}