{"features": "0.07,0.12,0.06,0.08,0.12,0.12,0.08,0.11,0.13,0.11", "model_type": "linear", "parameters": "0.9988644419767492,-0.03731150887010931", "x_min": 0.0, "x_max": 0.9916666666666666, "y_min": 0.0, "y_max": 0.99, "min_err": -0.045643305122140376, "max_err": 0.03677093724316638}