{"features": "0.07,0.12,0.13,0.11,0.12,0.12,0.08,0.08,0.07,0.1", "model_type": "linear", "parameters": "1.0368978352788114,-0.000982797875031638", "x_min": 0.0, "x_max": 0.9916666666666666, "y_min": 0.0, "y_max": 0.99, "min_err": -0.04950688446387874, "max_err": 0.04612572729572506}