{"features": "0.11,0.08,0.13,0.11,0.12,0.1,0.05,0.08,0.11,0.11", "model_type": "linear", "parameters": "0.9752863435244156,0.019954276841649077", "x_min": 0.0, "x_max": 0.9916666666666666, "y_min": 0.0, "y_max": 0.99, "min_err": -0.03269289644532858, "max_err": 0.05925607563181201}