{"features": "0.12,0.1,0.1,0.11,0.12,0.1,0.05,0.11,0.13,0.06", "model_type": "linear", "parameters": "0.9996173941404852,0.020598245030828022", "x_min": 0.0, "x_max": 0.9833333333333332, "y_min": 0.0, "y_max": 0.99, "min_err": -0.03700984112448469, "max_err": 0.04462175333839313}