{"features": "0.12,0.08,0.04,0.09,0.12,0.13,0.12,0.11,0.13,0.06", "model_type": "linear", "parameters": "1.0237976501565902,-0.029269713351020632", "x_min": 0.0, "x_max": 0.9833333333333332, "y_min": 0.0, "y_max": 0.99, "min_err": -0.06199617003450941, "max_err": 0.057168418742893856}