{"features": "0.12,0.12,0.1,0.01,0.1,0.13,0.12,0.11,0.09,0.1", "model_type": "linear", "parameters": "0.9627490401096687,0.01402662537854471", "x_min": 0.0, "x_max": 0.9916666666666666, "y_min": 0.0, "y_max": 0.99, "min_err": -0.06517205875757326, "max_err": 0.04528611459403814}