{"features": "0.12,0.12,0.1,0.09,0.12,0.08,0.07,0.06,0.13,0.11", "model_type": "linear", "parameters": "0.9428716750599454,0.03967155358563457", "x_min": 0.0, "x_max": 0.9916666666666666, "y_min": 0.0, "y_max": 0.99, "min_err": -0.046825309880593635, "max_err": 0.03889260888439283}