{"features": "0.12,0.1,0.1,0.07,0.11,0.12,0.08,0.11,0.13,0.06", "model_type": "linear", "parameters": "0.998534603343769,0.009046493039365722", "x_min": 0.0, "x_max": 0.9833333333333332, "y_min": 0.0, "y_max": 0.99, "min_err": -0.025102577765935996, "max_err": 0.025630120562179393}