{"features": "0.12,0.08,0.07,0.11,0.12,0.07,0.08,0.11,0.13,0.11", "model_type": "linear", "parameters": "0.9593769708331162,-0.0002783611925963325", "x_min": 0.0, "x_max": 0.9916666666666666, "y_min": 0.0, "y_max": 0.99, "min_err": -0.039565881515682716, "max_err": 0.038896198449756225}