{"features": "0.05,0.04,0.1,0.09,0.12,0.13,0.12,0.11,0.13,0.11", "model_type": "linear", "parameters": "1.096812640900342,-0.12607015790981874", "x_min": 0.0, "x_max": 0.9916666666666666, "y_min": 0.0, "y_max": 0.99, "min_err": -0.03953405572362856, "max_err": 0.04}