{"features": "0.07,0.12,0.13,0.07,0.11,0.13,0.12,0.08,0.11,0.06", "model_type": "linear", "parameters": "1.0624293146346984,-0.02204893312221995", "x_min": 0.0, "x_max": 0.9833333333333332, "y_min": 0.0, "y_max": 0.99, "min_err": -0.02062994797557094, "max_err": 0.025226947146196332}