{"features": "0.12,0.1,0.1,0.11,0.12,0.03,0.12,0.08,0.11,0.11", "model_type": "linear", "parameters": "0.9542575007759259,0.026221002743826327", "x_min": 0.0, "x_max": 0.9916666666666666, "y_min": 0.0, "y_max": 0.99, "min_err": -0.03287121152978301, "max_err": 0.04460239270801025}