{"features": "0.12,0.1,0.1,0.11,0.12,0.12,0.06,0.05,0.11,0.11", "model_type": "linear", "parameters": "0.9698778061949417,0.031075116036752837", "x_min": 0.0, "x_max": 0.9916666666666666, "y_min": 0.0, "y_max": 0.99, "min_err": -0.03930662119920414, "max_err": 0.05316283034953129}