{"features": "0.1,0.04,0.13,0.07,0.11,0.13,0.12,0.08,0.11,0.11", "model_type": "linear", "parameters": "1.0184661591388693,-0.03927037264826533", "x_min": 0.0, "x_max": 0.9916666666666666, "y_min": 0.0, "y_max": 0.99, "min_err": -0.03509052699293014, "max_err": 0.052885410712850134}