{"features": "0.12,0.1,0.03,0.08,0.12,0.13,0.12,0.11,0.13,0.06", "model_type": "linear", "parameters": "1.0096043822014007,-0.017794892459794875", "x_min": 0.0, "x_max": 0.9833333333333332, "y_min": 0.0, "y_max": 0.99, "min_err": -0.06873990160733867, "max_err": 0.04952749542622811}