{"features": "0.06,0.08,0.1,0.09,0.07,0.13,0.12,0.11,0.13,0.11", "model_type": "linear", "parameters": "1.0317217708417128,-0.07158720582057404", "x_min": 0.0, "x_max": 0.9916666666666666, "y_min": 0.0, "y_max": 0.99, "min_err": -0.044273679600282334, "max_err": 0.04}