{"features": "0.11,0.08,0.13,0.11,0.12,0.08,0.12,0.05,0.09,0.11", "model_type": "linear", "parameters": "0.9917075312436233,0.01608790470360011", "x_min": 0.0, "x_max": 0.9916666666666666, "y_min": 0.0, "y_max": 0.99, "min_err": -0.04251084740661948, "max_err": 0.03839567629071272}