{"features": "0.11,0.08,0.1,0.09,0.12,0.13,0.07,0.06,0.13,0.11", "model_type": "linear", "parameters": "0.9794055853545472,0.001624436377646754", "x_min": 0.0, "x_max": 0.9916666666666666, "y_min": 0.0, "y_max": 0.99, "min_err": -0.03617862539355721, "max_err": 0.043600219930609696}