{"features": "0.12,0.1,0.1,0.07,0.11,0.13,0.1,0.05,0.11,0.11", "model_type": "linear", "parameters": "0.9698913069106172,0.018945016858038677", "x_min": 0.0, "x_max": 0.9916666666666666, "y_min": 0.0, "y_max": 0.99, "min_err": -0.02718777261688632, "max_err": 0.03446077853488316}