{"features": "0.12,0.08,0.07,0.11,0.12,0.12,0.08,0.11,0.13,0.06", "model_type": "linear", "parameters": "1.0189976494839088,-0.009828418848486453", "x_min": 0.0, "x_max": 0.9833333333333332, "y_min": 0.0, "y_max": 0.99, "min_err": -0.04492099352249074, "max_err": 0.038487124346867574}