{"features": "0.11,0.08,0.13,0.11,0.12,0.05,0.05,0.11,0.13,0.11", "model_type": "linear", "parameters": "0.9511367460110755,0.019827933971966805", "x_min": 0.0, "x_max": 0.9916666666666666, "y_min": 0.0, "y_max": 0.99, "min_err": -0.05391909797935046, "max_err": 0.054603693022495514}