{"features": "0.11,0.08,0.13,0.11,0.02,0.13,0.12,0.11,0.09,0.1", "model_type": "linear", "parameters": "0.9844632911546396,0.0031785474606612074", "x_min": 0.0, "x_max": 0.9916666666666666, "y_min": 0.0, "y_max": 0.99, "min_err": -0.045410193037980995, "max_err": 0.03483227531786098}