{"features": "0.12,0.12,0.13,0.11,0.07,0.08,0.12,0.08,0.07,0.1", "model_type": "linear", "parameters": "0.9752802529462489,0.04474561655648163", "x_min": 0.0, "x_max": 0.9916666666666666, "y_min": 0.0, "y_max": 0.99, "min_err": -0.04474561655648163, "max_err": 0.04888761138258141}