{"features": "0.12,0.12,0.13,0.11,0.12,0.03,0.12,0.05,0.09,0.11", "model_type": "linear", "parameters": "0.955791096550395,0.052946617845442245", "x_min": 0.0, "x_max": 0.9916666666666666, "y_min": 0.0, "y_max": 0.99, "min_err": -0.052946617845442245, "max_err": 0.06712275968394688}