{"features": "0.07,0.1,0.1,0.11,0.07,0.12,0.08,0.11,0.13,0.11", "model_type": "linear", "parameters": "0.9977039033642804,-0.03212022894412819", "x_min": 0.0, "x_max": 0.9916666666666666, "y_min": 0.0, "y_max": 0.99, "min_err": -0.03301570663205877, "max_err": 0.032730524774550185}