{"features": "0.12,0.1,0.1,0.07,0.06,0.13,0.12,0.11,0.09,0.1", "model_type": "linear", "parameters": "0.9723723676192435,0.009624126496727559", "x_min": 0.0, "x_max": 0.9916666666666666, "y_min": 0.0, "y_max": 0.99, "min_err": -0.0458103103063493, "max_err": 0.03006556715390285}