{"features": "0.06,0.06,0.1,0.11,0.12,0.13,0.12,0.11,0.13,0.06", "model_type": "linear", "parameters": "1.112510914307097,-0.092776599725583", "x_min": 0.0, "x_max": 0.9833333333333332, "y_min": 0.0, "y_max": 0.99, "min_err": -0.035351128851191266, "max_err": 0.05}