{"features": "0.11,0.08,0.13,0.07,0.11,0.13,0.12,0.08,0.11,0.06", "model_type": "linear", "parameters": "1.0390284802423393,-0.006331241716928726", "x_min": 0.0, "x_max": 0.9833333333333332, "y_min": 0.0, "y_max": 0.99, "min_err": -0.02659729171737918, "max_err": 0.027059881535174357}