{"features": "0.11,0.08,0.13,0.11,0.12,0.12,0.08,0.11,0.04,0.1", "model_type": "linear", "parameters": "1.0336568955508887,0.008750568717936003", "x_min": 0.0, "x_max": 0.9916666666666666, "y_min": 0.0, "y_max": 0.99, "min_err": -0.056269389639583944, "max_err": 0.03828290887737906}