{"features": "0.1,0.04,0.1,0.05,0.11,0.13,0.12,0.11,0.13,0.11", "model_type": "linear", "parameters": "1.0119122175534554,-0.061130089563753265", "x_min": 0.0, "x_max": 0.9916666666666666, "y_min": 0.0, "y_max": 0.99, "min_err": -0.06050000108351972, "max_err": 0.0752366732472441}