{"features": "0.12,0.12,0.13,0.11,0.12,0.12,0.03,0.06,0.09,0.1", "model_type": "linear", "parameters": "0.9785615083197946,0.055055055217892335", "x_min": 0.0, "x_max": 0.9916666666666666, "y_min": 0.0, "y_max": 0.99, "min_err": -0.055055055217892335, "max_err": 0.07411739826222752}