{"features": "0.12,0.12,0.1,0.09,0.12,0.08,0.1,0.05,0.11,0.11", "model_type": "linear", "parameters": "0.9562609041657743,0.0375885341740379", "x_min": 0.0, "x_max": 0.9916666666666666, "y_min": 0.0, "y_max": 0.99, "min_err": -0.0375885341740379, "max_err": 0.03428101374307502}