{"features": "0.02,0.12,0.13,0.11,0.07,0.13,0.1,0.08,0.13,0.11", "model_type": "linear", "parameters": "1.0518662567930548,-0.06555705934929884", "x_min": 0.08333333333333333, "x_max": 0.9916666666666666, "y_min": 0.0, "y_max": 0.99, "min_err": -0.02334263324549224, "max_err": 0.027279452352192812}