{"features": "0.11,0.08,0.13,0.07,0.11,0.13,0.12,0.11,0.04,0.1", "model_type": "linear", "parameters": "1.0307359316989186,-0.0027595603496028964", "x_min": 0.0, "x_max": 0.9916666666666666, "y_min": 0.0, "y_max": 0.99, "min_err": -0.04208171037440578, "max_err": 0.04240241669799505}