{"features": "0.12,0.1,0.07,0.05,0.11,0.13,0.12,0.08,0.11,0.11", "model_type": "linear", "parameters": "0.9681041804284227,-0.00034663898587639075", "x_min": 0.0, "x_max": 0.9916666666666666, "y_min": 0.0, "y_max": 0.99, "min_err": -0.053030102859299655, "max_err": 0.03899594224780595}