{"features": "0.12,0.12,0.13,0.11,0.12,0.08,0.07,0.06,0.09,0.1", "model_type": "linear", "parameters": "0.9748182590207973,0.052676214969313184", "x_min": 0.0, "x_max": 0.9916666666666666, "y_min": 0.0, "y_max": 0.99, "min_err": -0.052676214969313184, "max_err": 0.059914655520288185}