{"features": "0.12,0.1,0.1,0.11,0.12,0.03,0.12,0.11,0.09,0.1", "model_type": "linear", "parameters": "0.9696790973913759,0.02268547297895057", "x_min": 0.0, "x_max": 0.9916666666666666, "y_min": 0.0, "y_max": 0.99, "min_err": -0.03833161312391975, "max_err": 0.04055563747028973}