{"features": "0.12,0.12,0.1,0.09,0.12,0.12,0.06,0.05,0.11,0.11", "model_type": "linear", "parameters": "0.9597292096538617,0.03992839975579393", "x_min": 0.0, "x_max": 0.9916666666666666, "y_min": 0.0, "y_max": 0.99, "min_err": -0.03992839975579393, "max_err": 0.05022956127945355}