{"features": "0.02,0.1,0.07,0.09,0.12,0.13,0.12,0.11,0.13,0.11", "model_type": "linear", "parameters": "1.1058037282754478,-0.13116136113597238", "x_min": 0.08333333333333333, "x_max": 0.9916666666666666, "y_min": 0.0, "y_max": 0.99, "min_err": -0.03743988162251022, "max_err": 0.04686073975673108}