{"features": "0.07,0.1,0.1,0.11,0.12,0.13,0.1,0.08,0.13,0.06", "model_type": "linear", "parameters": "1.0709953142517656,-0.039605161030673075", "x_min": 0.0, "x_max": 0.9833333333333332, "y_min": 0.0, "y_max": 0.99, "min_err": -0.028143667532268324, "max_err": 0.0256082848628294}