{"features": "0.12,0.12,0.13,0.11,0.02,0.12,0.08,0.11,0.13,0.06", "model_type": "linear", "parameters": "0.9723451393255176,0.037592640708954406", "x_min": 0.0, "x_max": 0.9833333333333332, "y_min": 0.0, "y_max": 0.99, "min_err": -0.037592640708954406, "max_err": 0.055366427399792584}