{"features": "0.07,0.12,0.1,0.09,0.12,0.08,0.1,0.08,0.13,0.11", "model_type": "linear", "parameters": "0.990893367978426,-0.016135828982204836", "x_min": 0.0, "x_max": 0.9916666666666666, "y_min": 0.0, "y_max": 0.99, "min_err": -0.02703419700161458, "max_err": 0.023499905736932503}