{"features": "0.11,0.06,0.1,0.11,0.12,0.03,0.12,0.11,0.13,0.11", "model_type": "linear", "parameters": "0.9704764896599548,-0.014095791867451302", "x_min": 0.0, "x_max": 0.9916666666666666, "y_min": 0.0, "y_max": 0.99, "min_err": -0.05201549376752235, "max_err": 0.04170660628799627}