{"features": "0.12,0.1,0.1,0.11,0.07,0.13,0.12,0.08,0.07,0.1", "model_type": "linear", "parameters": "0.9957243710848168,0.018711842497762587", "x_min": 0.0, "x_max": 0.9916666666666666, "y_min": 0.0, "y_max": 0.99, "min_err": -0.03145918265884462, "max_err": 0.034494879188624816}