{"features": "0.07,0.12,0.13,0.11,0.07,0.13,0.1,0.08,0.13,0.06", "model_type": "linear", "parameters": "1.0429048899222555,-0.012547046428831032", "x_min": 0.0, "x_max": 0.9833333333333332, "y_min": 0.0, "y_max": 0.99, "min_err": -0.02436169439802359, "max_err": 0.02800334229455803}