{"features": "0.06,0.08,0.13,0.11,0.12,0.13,0.07,0.06,0.13,0.11", "model_type": "linear", "parameters": "1.030601538430694,-0.03704804421484581", "x_min": 0.0, "x_max": 0.9916666666666666, "y_min": 0.0, "y_max": 0.99, "min_err": -0.03590310960817478, "max_err": 0.04856869808130582}