{"features": "0.07,0.12,0.13,0.03,0.1,0.13,0.12,0.11,0.13,0.06", "model_type": "linear", "parameters": "1.0357670786281754,-0.0310833620198942", "x_min": 0.0, "x_max": 0.9833333333333332, "y_min": 0.0, "y_max": 0.99, "min_err": -0.050486254075178816, "max_err": 0.034459061465737184}