{"features": "0.07,0.12,0.1,0.09,0.12,0.13,0.12,0.11,0.13,0.01", "model_type": "linear", "parameters": "1.1195400312615365,-0.04564454009671687", "x_min": 0.0, "x_max": 0.9083333333333332, "y_min": 0.0, "y_max": 0.99, "min_err": -0.027535470323795275, "max_err": 0.02}