{"features": "0.06,0.08,0.13,0.11,0.12,0.13,0.1,0.08,0.09,0.1", "model_type": "linear", "parameters": "1.0650557091157786,-0.045515772376257646", "x_min": 0.0, "x_max": 0.9916666666666666, "y_min": 0.0, "y_max": 0.99, "min_err": -0.03199351247637211, "max_err": 0.03547863296573861}