{"features": "0.12,0.1,0.1,0.11,0.12,0.1,0.03,0.08,0.13,0.11", "model_type": "linear", "parameters": "0.9486200971914285,0.03294296099300836", "x_min": 0.0, "x_max": 0.9916666666666666, "y_min": 0.0, "y_max": 0.99, "min_err": -0.04440803388657977, "max_err": 0.061600483121920235}