{"features": "0.12,0.1,0.1,0.11,0.02,0.13,0.12,0.11,0.09,0.1", "model_type": "linear", "parameters": "0.9688410309193304,0.015020005932048275", "x_min": 0.0, "x_max": 0.9916666666666666, "y_min": 0.0, "y_max": 0.99, "min_err": -0.049440521391713455, "max_err": 0.02936990644255849}