{"features": "0.07,0.12,0.13,0.07,0.11,0.13,0.1,0.08,0.13,0.06", "model_type": "linear", "parameters": "1.0473182654546456,-0.01905871529398856", "x_min": 0.0, "x_max": 0.9833333333333332, "y_min": 0.0, "y_max": 0.99, "min_err": -0.018217806827231897, "max_err": 0.020846538324224895}