{"features": "0.11,0.08,0.13,0.11,0.07,0.13,0.12,0.11,0.09,0.05", "model_type": "linear", "parameters": "1.0557640201491634,-0.005608106220728326", "x_min": 0.0, "x_max": 0.9833333333333332, "y_min": 0.0, "y_max": 0.99, "min_err": -0.02736771292097684, "max_err": 0.02580475609642552}