{"features": "0.12,0.12,0.13,0.07,0.06,0.13,0.1,0.05,0.11,0.11", "model_type": "linear", "parameters": "0.9486298272587504,0.04123873262789762", "x_min": 0.0, "x_max": 0.9916666666666666, "y_min": 0.0, "y_max": 0.99, "min_err": -0.04123873262789762, "max_err": 0.042551324952518954}