{"features": "0.12,0.12,0.13,0.11,0.12,0.12,0.03,0.06,0.13,0.06", "model_type": "linear", "parameters": "1.0035310990305994,0.04801052297345382", "x_min": 0.0, "x_max": 0.9833333333333332, "y_min": 0.0, "y_max": 0.99, "min_err": -0.05065884724640335, "max_err": 0.06659633592536318}