{"features": "0.12,0.12,0.1,0.09,0.02,0.13,0.12,0.08,0.11,0.11", "model_type": "linear", "parameters": "0.9429099663190583,0.027866687519433053", "x_min": 0.0, "x_max": 0.9916666666666666, "y_min": 0.0, "y_max": 0.99, "min_err": -0.049321670678962204, "max_err": 0.036405820900802355}