{"features": "0.02,0.12,0.13,0.03,0.1,0.13,0.12,0.11,0.13,0.11", "model_type": "linear", "parameters": "1.057928118393235,-0.09126849894291783", "x_min": 0.08333333333333333, "x_max": 0.9916666666666666, "y_min": 0.0, "y_max": 0.99, "min_err": -0.04953488372093001, "max_err": 0.03744186046511644}