{"features": "0.12,0.12,0.06,0.08,0.12,0.1,0.05,0.11,0.13,0.11", "model_type": "linear", "parameters": "0.9391014975041597,0.021536328341652755", "x_min": 0.0, "x_max": 0.9916666666666666, "y_min": 0.0, "y_max": 0.99, "min_err": -0.04760399334442589, "max_err": 0.04151414309484197}