{"features": "0.12,0.12,0.13,0.11,0.12,0.13,0.12,0.08,0.02,0.05", "model_type": "linear", "parameters": "1.1247188042877845,0.022149469364010577", "x_min": 0.0, "x_max": 0.9833333333333332, "y_min": 0.0, "y_max": 0.99, "min_err": -0.050000000000000044, "max_err": 0.03431142742015114}