{"features": "0.12,0.12,0.1,0.09,0.07,0.12,0.06,0.08,0.13,0.11", "model_type": "linear", "parameters": "0.936648096360073,0.03526189270326413", "x_min": 0.0, "x_max": 0.9916666666666666, "y_min": 0.0, "y_max": 0.99, "min_err": -0.037747964973319004, "max_err": 0.03057608320671762}