{"features": "0.12,0.12,0.13,0.11,0.12,0.08,0.07,0.03,0.11,0.11", "model_type": "linear", "parameters": "0.9559431171653892,0.05725771426468218", "x_min": 0.0, "x_max": 0.9916666666666666, "y_min": 0.0, "y_max": 0.99, "min_err": -0.05725771426468218, "max_err": 0.06477072715262322}