{"features": "0.12,0.1,0.1,0.11,0.12,0.08,0.1,0.08,0.09,0.1", "model_type": "linear", "parameters": "0.9837003977879107,0.024463309724782667", "x_min": 0.0, "x_max": 0.9916666666666666, "y_min": 0.0, "y_max": 0.99, "min_err": -0.02618867436370087, "max_err": 0.03368649138126201}