{"features": "0.07,0.12,0.13,0.11,0.12,0.03,0.12,0.11,0.13,0.06", "model_type": "linear", "parameters": "1.026428850410103,-0.009233172763963016", "x_min": 0.0, "x_max": 0.9833333333333332, "y_min": 0.0, "y_max": 0.99, "min_err": -0.03951698997526365, "max_err": 0.04457232131232919}