{"features": "0.12,0.1,0.1,0.11,0.12,0.13,0.12,0.05,0.05,0.1", "model_type": "linear", "parameters": "1.0217737091866708,0.02285539854665919", "x_min": 0.0, "x_max": 0.9916666666666666, "y_min": 0.0, "y_max": 0.99, "min_err": -0.05948129863444063, "max_err": 0.059329100473226704}