{"features": "0.12,0.1,0.1,0.11,0.12,0.13,0.1,0.08,0.13,0.01", "model_type": "linear", "parameters": "1.084598783694534,0.002863301898605175", "x_min": 0.0, "x_max": 0.9083333333333332, "y_min": 0.0, "y_max": 0.99, "min_err": -0.024012997822238702, "max_err": 0.024070842305038753}