{"features": "0.12,0.12,0.13,0.07,0.01,0.13,0.12,0.11,0.09,0.1", "model_type": "linear", "parameters": "0.9491480504828123,0.032685803743996766", "x_min": 0.0, "x_max": 0.9916666666666666, "y_min": 0.0, "y_max": 0.99, "min_err": -0.05725982898540288, "max_err": 0.05093151276173252}