{"features": "0.12,0.08,0.07,0.07,0.11,0.13,0.1,0.08,0.13,0.11", "model_type": "linear", "parameters": "0.9709999030890847,-0.010324532899277983", "x_min": 0.0, "x_max": 0.9916666666666666, "y_min": 0.0, "y_max": 0.99, "min_err": -0.04425876005450724, "max_err": 0.046582881576839597}