{"features": "0.11,0.06,0.1,0.11,0.07,0.13,0.1,0.08,0.13,0.11", "model_type": "linear", "parameters": "0.9829057067149229,-0.016110967491760053", "x_min": 0.0, "x_max": 0.9916666666666666, "y_min": 0.0, "y_max": 0.99, "min_err": -0.029615459186970672, "max_err": 0.03420215859884981}