{"features": "0.07,0.1,0.1,0.11,0.12,0.12,0.08,0.08,0.11,0.11", "model_type": "linear", "parameters": "1.0194852558091068,-0.026636622555659628", "x_min": 0.0, "x_max": 0.9916666666666666, "y_min": 0.0, "y_max": 0.99, "min_err": -0.02823469139661705, "max_err": 0.031936890000347495}