{"features": "0.07,0.12,0.1,0.05,0.11,0.12,0.08,0.11,0.13,0.11", "model_type": "linear", "parameters": "0.9887401394389704,-0.02738437367025609", "x_min": 0.0, "x_max": 0.9916666666666666, "y_min": 0.0, "y_max": 0.99, "min_err": -0.034590684429314844, "max_err": 0.03688373539327716}