{"features": "0.11,0.08,0.13,0.07,0.11,0.13,0.1,0.08,0.09,0.1", "model_type": "linear", "parameters": "1.0022559732973273,0.003059359773228465", "x_min": 0.0, "x_max": 0.9916666666666666, "y_min": 0.0, "y_max": 0.99, "min_err": -0.021794001962445075, "max_err": 0.028769991361886627}