{"features": "0.12,0.12,0.13,0.07,0.11,0.13,0.12,0.11,0.04,0.05", "model_type": "linear", "parameters": "1.0771553390269342,0.01970520665436526", "x_min": 0.0, "x_max": 0.9833333333333332, "y_min": 0.0, "y_max": 0.99, "min_err": -0.050000000000000044, "max_err": 0.03164163864841407}