{"features": "0.12,0.12,0.1,0.09,0.12,0.08,0.12,0.11,0.13,0.01", "model_type": "linear", "parameters": "1.0513521557661294,0.013568325338759901", "x_min": 0.0, "x_max": 0.9083333333333332, "y_min": 0.0, "y_max": 0.99, "min_err": -0.026857082869001903, "max_err": 0.02359363571970774}