{"features": "0.12,0.1,0.1,0.07,0.06,0.13,0.1,0.08,0.13,0.11", "model_type": "linear", "parameters": "0.9470959415962005,0.01434880963992824", "x_min": 0.0, "x_max": 0.9916666666666666, "y_min": 0.0, "y_max": 0.99, "min_err": -0.037896780438028466, "max_err": 0.03644771494383969}