{"features": "0.07,0.12,0.1,0.09,0.12,0.13,0.1,0.08,0.09,0.1", "model_type": "linear", "parameters": "1.0321202573892612,-0.02020002848013963", "x_min": 0.0, "x_max": 0.9916666666666666, "y_min": 0.0, "y_max": 0.99, "min_err": -0.025910207460016266, "max_err": 0.0321198568872989}