{"features": "0.07,0.1,0.1,0.11,0.12,0.03,0.12,0.11,0.13,0.11", "model_type": "linear", "parameters": "0.9922802299225139,-0.02966817157152929", "x_min": 0.0, "x_max": 0.9916666666666666, "y_min": 0.0, "y_max": 0.99, "min_err": -0.0491619625499371, "max_err": 0.03565694356503646}