{"features": "0.12,0.1,0.1,0.07,0.11,0.13,0.12,0.11,0.13,0.01", "model_type": "linear", "parameters": "1.063554980252213,-0.005313988626978572", "x_min": 0.0, "x_max": 0.9083333333333332, "y_min": 0.0, "y_max": 0.99, "min_err": -0.037833919811443406, "max_err": 0.02925154823121856}