{"features": "0.11,0.08,0.13,0.11,0.07,0.03,0.12,0.11,0.13,0.11", "model_type": "linear", "parameters": "0.9449246310383856,0.011119845189093314", "x_min": 0.0, "x_max": 0.9916666666666666, "y_min": 0.0, "y_max": 0.99, "min_err": -0.062325879961484976, "max_err": 0.04516155854491277}