{"features": "0.12,0.12,0.13,0.07,0.01,0.12,0.08,0.11,0.13,0.11", "model_type": "linear", "parameters": "0.916381084146145,0.037191283378654905", "x_min": 0.0, "x_max": 0.9916666666666666, "y_min": 0.0, "y_max": 0.99, "min_err": -0.048112006142751684, "max_err": 0.05734835523929677}