{"features": "0.07,0.12,0.1,0.09,0.07,0.08,0.12,0.11,0.13,0.11", "model_type": "linear", "parameters": "0.9800650542655632,-0.02280103700363928", "x_min": 0.0, "x_max": 0.9916666666666666, "y_min": 0.0, "y_max": 0.99, "min_err": -0.04890357798460587, "max_err": 0.04090319152362243}