{"features": "0.12,0.1,0.07,0.09,0.12,0.13,0.07,0.06,0.13,0.11", "model_type": "linear", "parameters": "0.9637202358388786,0.013541432178826807", "x_min": 0.0, "x_max": 0.9916666666666666, "y_min": 0.0, "y_max": 0.99, "min_err": -0.036331609057985714, "max_err": 0.04200941256057811}