{"features": "0.12,0.12,0.13,0.03,0.1,0.08,0.1,0.08,0.13,0.11", "model_type": "linear", "parameters": "0.9291060776299577,0.034705364040825026", "x_min": 0.0, "x_max": 0.9916666666666666, "y_min": 0.0, "y_max": 0.99, "min_err": -0.034705364040825026, "max_err": 0.053335160729438724}