{"features": "0.12,0.1,0.1,0.11,0.02,0.12,0.08,0.11,0.13,0.11", "model_type": "linear", "parameters": "0.9356475712064957,0.01976900445803398", "x_min": 0.0, "x_max": 0.9916666666666666, "y_min": 0.0, "y_max": 0.99, "min_err": -0.04353405192903104, "max_err": 0.042380487428857916}