{"features": "0.12,0.12,0.06,0.08,0.12,0.13,0.1,0.08,0.13,0.06", "model_type": "linear", "parameters": "1.0033218252555614,0.010479168553668428", "x_min": 0.0, "x_max": 0.9833333333333332, "y_min": 0.0, "y_max": 0.99, "min_err": -0.04491977697218885, "max_err": 0.03705139034290422}