{"features": "0.12,0.1,0.07,0.09,0.12,0.13,0.1,0.08,0.13,0.06", "model_type": "linear", "parameters": "1.0148487562874668,0.0011069386067660836", "x_min": 0.0, "x_max": 0.9833333333333332, "y_min": 0.0, "y_max": 0.99, "min_err": -0.039389857369255044, "max_err": 0.029751602011989453}