{"features": "0.12,0.12,0.13,0.03,0.05,0.13,0.12,0.11,0.09,0.1", "model_type": "linear", "parameters": "0.9527383819718183,0.026967269856344178", "x_min": 0.0, "x_max": 0.9916666666666666, "y_min": 0.0, "y_max": 0.99, "min_err": -0.05333646084225324, "max_err": 0.0533927560028149}