{"features": "0.12,0.08,0.07,0.11,0.12,0.08,0.1,0.08,0.13,0.11", "model_type": "linear", "parameters": "0.9670115556390227,-0.00019050078348298305", "x_min": 0.0, "x_max": 0.9916666666666666, "y_min": 0.0, "y_max": 0.99, "min_err": -0.04156238812627269, "max_err": 0.03708033780730438}