{"features": "0.12,0.12,0.13,0.11,0.12,0.08,0.1,0.05,0.07,0.1", "model_type": "linear", "parameters": "0.9906249222888124,0.05004430573860835", "x_min": 0.0, "x_max": 0.9916666666666666, "y_min": 0.0, "y_max": 0.99, "min_err": -0.0581171511700197, "max_err": 0.05464323311698538}