{"features": "0.12,0.12,0.1,0.09,0.12,0.13,0.1,0.08,0.09,0.05", "model_type": "linear", "parameters": "1.0463634366073395,0.02064857540467263", "x_min": 0.0, "x_max": 0.9833333333333332, "y_min": 0.0, "y_max": 0.99, "min_err": -0.037254449571522796, "max_err": 0.03177580019043447}