{"features": "0.12,0.12,0.13,0.11,0.07,0.08,0.12,0.11,0.13,0.01", "model_type": "linear", "parameters": "1.040947528113584,0.02700734048560116", "x_min": 0.0, "x_max": 0.9083333333333332, "y_min": 0.0, "y_max": 0.99, "min_err": -0.03422673188519176, "max_err": 0.0392645228004056}