{"features": "0.12,0.12,0.06,0.08,0.12,0.13,0.1,0.08,0.09,0.1", "model_type": "linear", "parameters": "0.9821922701979379,0.01659051505775433", "x_min": 0.0, "x_max": 0.9916666666666666, "y_min": 0.0, "y_max": 0.99, "min_err": -0.043987938457066944, "max_err": 0.036046352977744}