{"features": "0.11,0.04,0.07,0.11,0.12,0.13,0.12,0.11,0.13,0.06", "model_type": "linear", "parameters": "1.0588611993292523,-0.05604901581759841", "x_min": 0.0, "x_max": 0.9833333333333332, "y_min": 0.0, "y_max": 0.99, "min_err": -0.05866628401471466, "max_err": 0.06781058254016073}