{"features": "0.07,0.12,0.13,0.07,0.11,0.13,0.12,0.11,0.13,0.01", "model_type": "linear", "parameters": "1.1096527418969258,-0.03624625018315325", "x_min": 0.0, "x_max": 0.9083333333333332, "y_min": 0.0, "y_max": 0.99, "min_err": -0.0261090589405657, "max_err": 0.019257825453255727}