{"features": "0.12,0.12,0.1,0.09,0.12,0.03,0.12,0.11,0.09,0.1", "model_type": "linear", "parameters": "0.9587970896585951,0.031980905452370034", "x_min": 0.0, "x_max": 0.9916666666666666, "y_min": 0.0, "y_max": 0.99, "min_err": -0.04127920775321714, "max_err": 0.03661052546548749}