{"features": "0.12,0.08,0.07,0.11,0.12,0.13,0.12,0.08,0.07,0.1", "model_type": "linear", "parameters": "1.0181405155588048,-0.005161528268262938", "x_min": 0.0, "x_max": 0.9916666666666666, "y_min": 0.0, "y_max": 0.99, "min_err": -0.04937360062143825, "max_err": 0.041556141599159435}