{"features": "0.1,0.04,0.13,0.11,0.12,0.13,0.1,0.08,0.09,0.1", "model_type": "linear", "parameters": "1.0416277053913305,-0.029719956590882834", "x_min": 0.0, "x_max": 0.9916666666666666, "y_min": 0.0, "y_max": 0.99, "min_err": -0.04388466097433891, "max_err": 0.041597878686533044}