{"features": "0.07,0.08,0.07,0.11,0.12,0.13,0.12,0.11,0.09,0.1", "model_type": "linear", "parameters": "1.065393945031592,-0.06832704843545429", "x_min": 0.0, "x_max": 0.9916666666666666, "y_min": 0.0, "y_max": 0.99, "min_err": -0.0480214378224437, "max_err": 0.03963967380545225}