{"features": "0.11,0.08,0.13,0.11,0.02,0.13,0.12,0.11,0.13,0.06", "model_type": "linear", "parameters": "1.004517024977859,-0.0026544761244476356", "x_min": 0.0, "x_max": 0.9833333333333332, "y_min": 0.0, "y_max": 0.99, "min_err": -0.04960403636448185, "max_err": 0.032476690925155205}