{"features": "0.12,0.12,0.13,0.11,0.12,0.12,0.06,0.02,0.09,0.11", "model_type": "linear", "parameters": "0.9725441826437642,0.05776034455307427", "x_min": 0.0, "x_max": 0.9916666666666666, "y_min": 0.0, "y_max": 0.99, "min_err": -0.06821383008954429, "max_err": 0.07492221557139667}