{"features": "0.07,0.12,0.06,0.08,0.07,0.13,0.12,0.11,0.13,0.11", "model_type": "linear", "parameters": "0.9959404035360067,-0.044052743413863726", "x_min": 0.0, "x_max": 0.9916666666666666, "y_min": 0.0, "y_max": 0.99, "min_err": -0.05391745835413958, "max_err": 0.04641184324065728}