{"features": "0.11,0.08,0.13,0.11,0.12,0.13,0.1,0.02,0.09,0.11", "model_type": "linear", "parameters": "1.0029229525004304,0.019029482125837327", "x_min": 0.0, "x_max": 0.9916666666666666, "y_min": 0.0, "y_max": 0.99, "min_err": -0.05479860920952917, "max_err": 0.062355216207209074}