{"features": "0.11,0.08,0.13,0.07,0.11,0.13,0.12,0.08,0.07,0.1", "model_type": "linear", "parameters": "1.0148487562874668,0.001106938606766028", "x_min": 0.0, "x_max": 0.9916666666666666, "y_min": 0.0, "y_max": 0.99, "min_err": -0.03138496520361056, "max_err": 0.03775649417763394}