{"features": "0.12,0.1,0.1,0.11,0.12,0.13,0.1,0.08,0.09,0.05", "model_type": "linear", "parameters": "1.058159031088714,0.010892243276913294", "x_min": 0.0, "x_max": 0.9833333333333332, "y_min": 0.0, "y_max": 0.99, "min_err": -0.03850733895971281, "max_err": 0.03366840266394411}