{"features": "0.12,0.12,0.06,0.04,0.11,0.12,0.08,0.11,0.13,0.11", "model_type": "linear", "parameters": "0.9390924830070196,0.010193505647626055", "x_min": 0.0, "x_max": 0.9916666666666666, "y_min": 0.0, "y_max": 0.99, "min_err": -0.051482040233884196, "max_err": 0.0528591442923442}