{"features": "0.01,0.08,0.13,0.11,0.07,0.13,0.12,0.11,0.13,0.11", "model_type": "linear", "parameters": "1.1096527418969253,-0.12871731200789688", "x_min": 0.08333333333333333, "x_max": 0.9916666666666666, "y_min": 0.0, "y_max": 0.99, "min_err": -0.026109058940565755, "max_err": 0.01925782545325559}