{"features": "0.12,0.12,0.13,0.11,0.12,0.08,0.1,0.08,0.13,0.01", "model_type": "linear", "parameters": "1.0657218424073058,0.029190744714473416", "x_min": 0.0, "x_max": 0.9083333333333332, "y_min": 0.0, "y_max": 0.99, "min_err": -0.029190744714473416, "max_err": 0.0379483340818737}