{"features": "0.07,0.12,0.13,0.07,0.06,0.12,0.08,0.11,0.13,0.11", "model_type": "linear", "parameters": "0.974432360236596,-0.011704827323029965", "x_min": 0.0, "x_max": 0.9916666666666666, "y_min": 0.0, "y_max": 0.99, "min_err": -0.03791674616803398, "max_err": 0.036894040577497955}