{"features": "0.1,0.04,0.13,0.11,0.02,0.13,0.12,0.11,0.13,0.11", "model_type": "linear", "parameters": "0.9914338919925512,-0.037895716945996305", "x_min": 0.0, "x_max": 0.9916666666666666, "y_min": 0.0, "y_max": 0.99, "min_err": -0.057821229050279255, "max_err": 0.05353817504655496}