{"features": "0.02,0.12,0.13,0.11,0.12,0.13,0.1,0.08,0.13,0.06", "model_type": "linear", "parameters": "1.124207158863852,-0.07600355277293164", "x_min": 0.08333333333333333, "x_max": 0.9833333333333332, "y_min": 0.0, "y_max": 0.99, "min_err": -0.02199324814772763, "max_err": 0.026532113530363555}