{"features": "0.12,0.12,0.1,0.05,0.11,0.1,0.05,0.11,0.13,0.11", "model_type": "linear", "parameters": "0.9314514589495996,0.029662375299762456", "x_min": 0.0, "x_max": 0.9916666666666666, "y_min": 0.0, "y_max": 0.99, "min_err": -0.050630014599495454, "max_err": 0.03747475996283761}