{"features": "0.12,0.12,0.06,0.08,0.12,0.13,0.12,0.11,0.13,0.01", "model_type": "linear", "parameters": "1.057928118393235,-0.00310782241014812", "x_min": 0.0, "x_max": 0.9083333333333332, "y_min": 0.0, "y_max": 0.99, "min_err": -0.04953488372093018, "max_err": 0.03744186046511633}