{"features": "0.1,0.04,0.13,0.11,0.07,0.13,0.12,0.11,0.09,0.1", "model_type": "linear", "parameters": "1.0299867362513584,-0.03673065258976377", "x_min": 0.0, "x_max": 0.9916666666666666, "y_min": 0.0, "y_max": 0.99, "min_err": -0.03493380345212929, "max_err": 0.04948164737091189}