{"features": "0.12,0.12,0.1,0.09,0.12,0.08,0.12,0.11,0.09,0.05", "model_type": "linear", "parameters": "1.0282928896895203,0.020271449260004737", "x_min": 0.0, "x_max": 0.9833333333333332, "y_min": 0.0, "y_max": 0.99, "min_err": -0.02714969446504889, "max_err": 0.02281780933206179}