{"features": "0.07,0.12,0.13,0.11,0.12,0.02,0.08,0.11,0.13,0.11", "model_type": "linear", "parameters": "0.966180273691776,0.004260935987385417", "x_min": 0.0, "x_max": 0.9916666666666666, "y_min": 0.0, "y_max": 0.99, "min_err": -0.048381118448569405, "max_err": 0.060700429447491544}