{"features": "0.12,0.12,0.13,0.11,0.12,0.13,0.12,0.05,0.0,0.1", "model_type": "linear", "parameters": "1.0558970693352396,0.04184417441029298", "x_min": 0.0, "x_max": 0.9916666666666666, "y_min": 0.0, "y_max": 0.99, "min_err": -0.09999999999999998, "max_err": 0.06503216583273774}