{"features": "0.12,0.12,0.13,0.11,0.02,0.08,0.12,0.11,0.13,0.06", "model_type": "linear", "parameters": "0.9659606790199787,0.03657116108176833", "x_min": 0.0, "x_max": 0.9833333333333332, "y_min": 0.0, "y_max": 0.99, "min_err": -0.05004822384342256, "max_err": 0.05899489498507371}