{"features": "0.11,0.08,0.13,0.11,0.12,0.13,0.07,0.03,0.11,0.11", "model_type": "linear", "parameters": "0.9901967471306419,0.02094330731120514", "x_min": 0.0, "x_max": 0.9916666666666666, "y_min": 0.0, "y_max": 0.99, "min_err": -0.04610726325340653, "max_err": 0.06717716749445568}