{"features": "0.07,0.12,0.13,0.11,0.07,0.08,0.12,0.11,0.13,0.06", "model_type": "linear", "parameters": "1.027037520737002,-0.013383572764815999", "x_min": 0.0, "x_max": 0.9833333333333332, "y_min": 0.0, "y_max": 0.99, "min_err": -0.03572164766510166, "max_err": 0.03545127245773194}