{"features": "0.07,0.12,0.1,0.05,0.11,0.13,0.12,0.11,0.09,0.1", "model_type": "linear", "parameters": "1.0235879262098788,-0.03300077193659595", "x_min": 0.0, "x_max": 0.9916666666666666, "y_min": 0.0, "y_max": 0.99, "min_err": -0.043494197317520134, "max_err": 0.030010833428363637}