{"features": "0.11,0.08,0.1,0.09,0.12,0.08,0.12,0.11,0.09,0.1", "model_type": "linear", "parameters": "0.9975403842318685,-0.0070953267300405964", "x_min": 0.0, "x_max": 0.9916666666666666, "y_min": 0.0, "y_max": 0.99, "min_err": -0.02541813468058224, "max_err": 0.025811673203483543}