{"features": "0.11,0.08,0.13,0.11,0.07,0.13,0.1,0.05,0.11,0.11", "model_type": "linear", "parameters": "0.9812377755777169,0.013375791820603888", "x_min": 0.0, "x_max": 0.9916666666666666, "y_min": 0.0, "y_max": 0.99, "min_err": -0.03107393813536785, "max_err": 0.032465691127584906}