{"features": "0.07,0.12,0.13,0.11,0.12,0.12,0.06,0.08,0.13,0.06", "model_type": "linear", "parameters": "1.047697913216297,-0.006148835155128707", "x_min": 0.0, "x_max": 0.9833333333333332, "y_min": 0.0, "y_max": 0.99, "min_err": -0.031159324279562695, "max_err": 0.04499171911228894}