{"features": "0.12,0.12,0.13,0.07,0.06,0.13,0.12,0.11,0.13,0.01", "model_type": "linear", "parameters": "1.0404536279589236,0.018558942863809602", "x_min": 0.0, "x_max": 0.9083333333333332, "y_min": 0.0, "y_max": 0.99, "min_err": -0.03878575684327146, "max_err": 0.034623181149882554}