{"features": "0.12,0.1,0.1,0.11,0.12,0.08,0.07,0.06,0.13,0.11", "model_type": "linear", "parameters": "0.9530638927109446,0.030778462258710615", "x_min": 0.0, "x_max": 0.9916666666666666, "y_min": 0.0, "y_max": 0.99, "min_err": -0.04557638179191914, "max_err": 0.04268959138581718}