{"features": "0.07,0.1,0.1,0.11,0.07,0.13,0.12,0.08,0.11,0.11", "model_type": "linear", "parameters": "1.0171353554895322,-0.03391038485455683", "x_min": 0.0, "x_max": 0.9916666666666666, "y_min": 0.0, "y_max": 0.99, "min_err": -0.024657292890209237, "max_err": 0.02105886823740777}