{"features": "0.06,0.08,0.13,0.11,0.12,0.13,0.12,0.08,0.07,0.1", "model_type": "linear", "parameters": "1.079183928711014,-0.04818924411787723", "x_min": 0.0, "x_max": 0.9916666666666666, "y_min": 0.0, "y_max": 0.99, "min_err": -0.04106269053388567, "max_err": 0.03880129758461681}