{"features": "0.12,0.12,0.1,0.01,0.1,0.08,0.12,0.11,0.13,0.11", "model_type": "linear", "parameters": "0.9268944801278439,0.01649072463400053", "x_min": 0.0, "x_max": 0.9916666666666666, "y_min": 0.0, "y_max": 0.99, "min_err": -0.057179171375242754, "max_err": 0.054338915905887575}