{"features": "0.11,0.06,0.07,0.05,0.11,0.13,0.12,0.11,0.13,0.11", "model_type": "linear", "parameters": "0.9892398126930358,-0.04413569791770461", "x_min": 0.0, "x_max": 0.9916666666666666, "y_min": 0.0, "y_max": 0.99, "min_err": -0.06804755737106027, "max_err": 0.06169904685995163}