{"features": "0.12,0.08,0.07,0.11,0.12,0.12,0.08,0.08,0.11,0.11", "model_type": "linear", "parameters": "0.981725575121134,0.0004557415327286485", "x_min": 0.0, "x_max": 0.9916666666666666, "y_min": 0.0, "y_max": 0.99, "min_err": -0.04588713531301214, "max_err": 0.03410437573975847}