{"features": "0.11,0.08,0.13,0.11,0.07,0.13,0.12,0.11,0.13,0.01", "model_type": "linear", "parameters": "1.0800260120464031,-0.013062236500162083", "x_min": 0.0, "x_max": 0.9083333333333332, "y_min": 0.0, "y_max": 0.99, "min_err": -0.02695076952303954, "max_err": 0.023060068829628494}