{"features": "0.12,0.12,0.13,0.11,0.12,0.13,0.1,0.05,0.07,0.05", "model_type": "linear", "parameters": "1.0779098505354836,0.03329528068730114", "x_min": 0.0, "x_max": 0.9833333333333332, "y_min": 0.0, "y_max": 0.99, "min_err": -0.06000000000000005, "max_err": 0.04809815228904324}