{"features": "0.07,0.08,0.07,0.11,0.12,0.13,0.12,0.11,0.13,0.06", "model_type": "linear", "parameters": "1.0894220038498126,-0.07649262618621427", "x_min": 0.0, "x_max": 0.9833333333333332, "y_min": 0.0, "y_max": 0.99, "min_err": -0.04586287477623888, "max_err": 0.04400080890999397}