{"features": "0.11,0.08,0.13,0.07,0.11,0.03,0.12,0.11,0.13,0.11", "model_type": "linear", "parameters": "0.9501173075502886,0.004501939977163472", "x_min": 0.0, "x_max": 0.9916666666666666, "y_min": 0.0, "y_max": 0.99, "min_err": -0.05873703604816516, "max_err": 0.04329839670213387}