{"features": "0.07,0.12,0.13,0.11,0.12,0.03,0.12,0.11,0.09,0.1", "model_type": "linear", "parameters": "1.0041752992086574,-0.002485179482955846", "x_min": 0.0, "x_max": 0.9916666666666666, "y_min": 0.0, "y_max": 0.99, "min_err": -0.03328374505542753, "max_err": 0.0487656573720327}