{"features": "0.07,0.12,0.1,0.09,0.12,0.03,0.12,0.11,0.13,0.11", "model_type": "linear", "parameters": "0.9788352247063568,-0.01848064496054297", "x_min": 0.0, "x_max": 0.9916666666666666, "y_min": 0.0, "y_max": 0.99, "min_err": -0.05250656945149834, "max_err": 0.03780238046007267}