{"features": "0.11,0.08,0.13,0.11,0.12,0.12,0.08,0.08,0.07,0.1", "model_type": "linear", "parameters": "1.016369292628186,0.01307156041213503", "x_min": 0.0, "x_max": 0.9916666666666666, "y_min": 0.0, "y_max": 0.99, "min_err": -0.04474341198797205, "max_err": 0.04404635222142328}