{"features": "0.11,0.08,0.13,0.11,0.12,0.13,0.1,0.08,0.04,0.1", "model_type": "linear", "parameters": "1.0435511463178362,0.008444278029308805", "x_min": 0.0, "x_max": 0.9916666666666666, "y_min": 0.0, "y_max": 0.99, "min_err": -0.06503282882065853, "max_err": 0.04585495775880044}