{"features": "0.11,0.08,0.13,0.11,0.12,0.13,0.12,0.08,0.11,0.01", "model_type": "linear", "parameters": "1.1235357857521375,-0.014804362785032332", "x_min": 0.0, "x_max": 0.9083333333333332, "y_min": 0.0, "y_max": 0.99, "min_err": -0.022451601506990576, "max_err": 0.02215252347092911}