{"features": "0.11,0.08,0.13,0.07,0.06,0.08,0.12,0.11,0.13,0.11", "model_type": "linear", "parameters": "0.9505554543798942,0.0007111637224549439", "x_min": 0.0, "x_max": 0.9916666666666666, "y_min": 0.0, "y_max": 0.99, "min_err": -0.055201845444059816, "max_err": 0.04665467735081674}