{"features": "0.12,0.12,0.13,0.07,0.06,0.03,0.12,0.11,0.13,0.11", "model_type": "linear", "parameters": "0.9116198722303855,0.03956990549823658", "x_min": 0.0, "x_max": 0.9916666666666666, "y_min": 0.0, "y_max": 0.99, "min_err": -0.07134816429929469, "max_err": 0.05655680375830163}