{"features": "0.07,0.12,0.1,0.09,0.07,0.13,0.12,0.11,0.09,0.1", "model_type": "linear", "parameters": "1.0194852558091068,-0.02663662255565974", "x_min": 0.0, "x_max": 0.9916666666666666, "y_min": 0.0, "y_max": 0.99, "min_err": -0.03310600534889363, "max_err": 0.027065576048070805}