{"features": "0.11,0.08,0.13,0.03,0.1,0.12,0.08,0.11,0.13,0.11", "model_type": "linear", "parameters": "0.9592935444109882,-0.004232348737218616", "x_min": 0.0, "x_max": 0.9916666666666666, "y_min": 0.0, "y_max": 0.99, "min_err": -0.04547329476735973, "max_err": 0.042932917196321974}