{"features": "0.12,0.12,0.13,0.11,0.07,0.08,0.12,0.05,0.09,0.11", "model_type": "linear", "parameters": "0.9561314652894038,0.04920370430881538", "x_min": 0.0, "x_max": 0.9916666666666666, "y_min": 0.0, "y_max": 0.99, "min_err": -0.04920370430881538, "max_err": 0.052408185153933085}