{"features": "0.11,0.08,0.13,0.11,0.12,0.02,0.08,0.11,0.13,0.11", "model_type": "linear", "parameters": "0.9482134460351364,0.017337476559799947", "x_min": 0.0, "x_max": 0.9916666666666666, "y_min": 0.0, "y_max": 0.99, "min_err": -0.049479773916557446, "max_err": 0.056457579139591485}