{"features": "0.11,0.04,0.07,0.07,0.11,0.13,0.12,0.11,0.13,0.11", "model_type": "linear", "parameters": "1.0051882651188455,-0.057434717371565525", "x_min": 0.0, "x_max": 0.9916666666666666, "y_min": 0.0, "y_max": 0.99, "min_err": -0.06139372642795338, "max_err": 0.07366902861166175}