{"features": "0.12,0.12,0.1,0.09,0.12,0.12,0.03,0.06,0.13,0.11", "model_type": "linear", "parameters": "0.945727775803422,0.042232827334111656", "x_min": 0.0, "x_max": 0.9916666666666666, "y_min": 0.0, "y_max": 0.99, "min_err": -0.05152865918667815, "max_err": 0.05609263678055887}