{"features": "0.12,0.1,0.1,0.11,0.12,0.1,0.05,0.11,0.09,0.1", "model_type": "linear", "parameters": "0.9780084458140362,0.026778456566530107", "x_min": 0.0, "x_max": 0.9916666666666666, "y_min": 0.0, "y_max": 0.99, "min_err": -0.02878408710922087, "max_err": 0.0508666870903991}