{"features": "0.12,0.12,0.13,0.03,0.1,0.03,0.12,0.11,0.13,0.11", "model_type": "linear", "parameters": "0.9161975570897508,0.033083731633917146", "x_min": 0.0, "x_max": 0.9916666666666666, "y_min": 0.0, "y_max": 0.99, "min_err": -0.0675323066029383, "max_err": 0.05915206231191383}