{"features": "0.07,0.12,0.13,0.11,0.12,0.08,0.07,0.06,0.13,0.11", "model_type": "linear", "parameters": "0.9851865902235167,0.006922143426765948", "x_min": 0.0, "x_max": 0.9916666666666666, "y_min": 0.0, "y_max": 0.99, "min_err": -0.04581208609440357, "max_err": 0.05048456146147573}