{"features": "0.02,0.12,0.13,0.11,0.12,0.12,0.08,0.08,0.11,0.11", "model_type": "linear", "parameters": "1.0657218424073058,-0.059619408819468755", "x_min": 0.08333333333333333, "x_max": 0.9916666666666666, "y_min": 0.0, "y_max": 0.99, "min_err": -0.029190744714473388, "max_err": 0.0379483340818737}