{"features": "0.12,0.12,0.06,0.08,0.07,0.08,0.12,0.11,0.13,0.11", "model_type": "linear", "parameters": "0.9319380726605828,0.013886969988974096", "x_min": 0.0, "x_max": 0.9916666666666666, "y_min": 0.0, "y_max": 0.99, "min_err": -0.05751751237431402, "max_err": 0.051941107955947974}