{"features": "0.11,0.08,0.13,0.07,0.06,0.13,0.1,0.08,0.13,0.11", "model_type": "linear", "parameters": "0.9624043851227901,0.0025697562788389305", "x_min": 0.0, "x_max": 0.9916666666666666, "y_min": 0.0, "y_max": 0.99, "min_err": -0.03377194884023399, "max_err": 0.03304589514106093}