{"features": "0.12,0.12,0.1,0.09,0.12,0.08,0.1,0.08,0.13,0.06", "model_type": "linear", "parameters": "0.9945813784444593,0.027546752131104135", "x_min": 0.0, "x_max": 0.9833333333333332, "y_min": 0.0, "y_max": 0.99, "min_err": -0.027546752131104135, "max_err": 0.025162558646666278}