{"features": "0.12,0.12,0.13,0.11,0.07,0.13,0.1,0.05,0.11,0.06", "model_type": "linear", "parameters": "1.0152976072086404,0.03896215809545234", "x_min": 0.0, "x_max": 0.9833333333333332, "y_min": 0.0, "y_max": 0.99, "min_err": -0.03896215809545234, "max_err": 0.03799717223428095}