{"features": "0.11,0.06,0.07,0.09,0.12,0.08,0.12,0.11,0.13,0.11", "model_type": "linear", "parameters": "0.9850029405998826,-0.0336182447886037", "x_min": 0.0, "x_max": 0.9916666666666666, "y_min": 0.0, "y_max": 0.99, "min_err": -0.044716068744690474, "max_err": 0.05153466640528016}