{"features": "0.12,0.12,0.13,0.07,0.11,0.13,0.12,0.08,0.07,0.05", "model_type": "linear", "parameters": "1.0562969608612767,0.02494785241673181", "x_min": 0.0, "x_max": 0.9833333333333332, "y_min": 0.0, "y_max": 0.99, "min_err": -0.04322006653956878, "max_err": 0.03282942693731061}