{"features": "0.11,0.08,0.1,0.05,0.11,0.13,0.12,0.11,0.09,0.1", "model_type": "linear", "parameters": "1.0003692390319223,-0.01685559397133357", "x_min": 0.0, "x_max": 0.9916666666666666, "y_min": 0.0, "y_max": 0.99, "min_err": -0.049964922291967306, "max_err": 0.03349149071867338}