{"features": "0.11,0.08,0.13,0.07,0.06,0.12,0.08,0.11,0.13,0.11", "model_type": "linear", "parameters": "0.9548775181489935,0.002442346888144098", "x_min": 0.0, "x_max": 0.9916666666666666, "y_min": 0.0, "y_max": 0.99, "min_err": -0.039027358987473115, "max_err": 0.04063744761410404}