{"features": "0.11,0.08,0.1,0.09,0.07,0.13,0.12,0.08,0.11,0.11", "model_type": "linear", "parameters": "0.981830482265391,-0.00736993009245851", "x_min": 0.0, "x_max": 0.9916666666666666, "y_min": 0.0, "y_max": 0.99, "min_err": -0.033545311040237, "max_err": 0.02555072323700927}