{"features": "0.12,0.12,0.13,0.11,0.12,0.03,0.1,0.05,0.11,0.11", "model_type": "linear", "parameters": "0.9448215734974836,0.0544769413567982", "x_min": 0.0, "x_max": 0.9916666666666666, "y_min": 0.0, "y_max": 0.99, "min_err": -0.0544769413567982, "max_err": 0.07098578500693897}