{"features": "0.1,0.02,0.1,0.11,0.12,0.13,0.12,0.11,0.13,0.06", "model_type": "linear", "parameters": "1.0823899697876225,-0.07280373831775705", "x_min": 0.0, "x_max": 0.9833333333333332, "y_min": 0.0, "y_max": 0.99, "min_err": -0.047793754129148575, "max_err": 0.08162449058368536}