{"features": "0.12,0.1,0.1,0.11,0.12,0.08,0.12,0.05,0.09,0.11", "model_type": "linear", "parameters": "0.9771640021670508,0.027182733962524352", "x_min": 0.0, "x_max": 0.9916666666666666, "y_min": 0.0, "y_max": 0.99, "min_err": -0.04148606910173325, "max_err": 0.038087297763579775}