{"features": "0.12,0.12,0.13,0.11,0.07,0.1,0.05,0.11,0.09,0.1", "model_type": "linear", "parameters": "0.956910940035691,0.048840274208359014", "x_min": 0.0, "x_max": 0.9916666666666666, "y_min": 0.0, "y_max": 0.99, "min_err": -0.048840274208359014, "max_err": 0.05244683411010315}