{"features": "0.12,0.1,0.1,0.11,0.12,0.08,0.1,0.08,0.13,0.06", "model_type": "linear", "parameters": "1.0058193059062992,0.0180740124494298", "x_min": 0.0, "x_max": 0.9833333333333332, "y_min": 0.0, "y_max": 0.99, "min_err": -0.022438491879154254, "max_err": 0.02901633459742059}