{"features": "0.02,0.12,0.13,0.07,0.11,0.08,0.12,0.11,0.13,0.11", "model_type": "linear", "parameters": "1.0483692019322872,-0.07679803555390169", "x_min": 0.08333333333333333, "x_max": 0.9916666666666666, "y_min": 0.0, "y_max": 0.99, "min_err": -0.03475066557326567, "max_err": 0.027341634909805956}