{"features": "0.02,0.1,0.1,0.11,0.12,0.13,0.12,0.11,0.09,0.1", "model_type": "linear", "parameters": "1.123535785752137,-0.10843234493104376", "x_min": 0.08333333333333333, "x_max": 0.9916666666666666, "y_min": 0.0, "y_max": 0.99, "min_err": -0.02245160150699052, "max_err": 0.022152523470929553}