{"features": "0.12,0.12,0.1,0.09,0.02,0.13,0.12,0.11,0.09,0.1", "model_type": "linear", "parameters": "0.9572505803805456,0.024750652388056904", "x_min": 0.0, "x_max": 0.9916666666666666, "y_min": 0.0, "y_max": 0.99, "min_err": -0.05337594257832973, "max_err": 0.035936702516806696}