{"features": "0.12,0.12,0.13,0.11,0.02,0.13,0.12,0.11,0.13,0.01", "model_type": "linear", "parameters": "1.0375817730656447,0.02376494473268642", "x_min": 0.0, "x_max": 0.9083333333333332, "y_min": 0.0, "y_max": 0.99, "min_err": -0.04255583126550877, "max_err": 0.04255583126550866}