{"features": "0.12,0.12,0.13,0.11,0.12,0.12,0.08,0.11,0.09,0.0", "model_type": "linear", "parameters": "1.1242071588638518,0.01768037713238957", "x_min": 0.0, "x_max": 0.8999999999999999, "y_min": 0.0, "y_max": 0.99, "min_err": -0.02199324814772774, "max_err": 0.026532113530363555}