{"features": "0.11,0.08,0.13,0.03,0.1,0.13,0.12,0.11,0.13,0.06", "model_type": "linear", "parameters": "1.0122584934769838,-0.01492521608903069", "x_min": 0.0, "x_max": 0.9833333333333332, "y_min": 0.0, "y_max": 0.99, "min_err": -0.05684915619304581, "max_err": 0.0370215970684622}