{"features": "0.12,0.12,0.06,0.08,0.12,0.12,0.08,0.11,0.09,0.1", "model_type": "linear", "parameters": "0.9741596376039479,0.01644407802706055", "x_min": 0.0, "x_max": 0.9916666666666666, "y_min": 0.0, "y_max": 0.99, "min_err": -0.04116395722837651, "max_err": 0.03813400955198537}