{"features": "0.12,0.1,0.1,0.07,0.11,0.12,0.08,0.11,0.09,0.1", "model_type": "linear", "parameters": "0.9781936936577266,0.014869928696332468", "x_min": 0.0, "x_max": 0.9916666666666666, "y_min": 0.0, "y_max": 0.99, "min_err": -0.02245063438705175, "max_err": 0.0220977890273798}