{"features": "0.07,0.12,0.13,0.03,0.1,0.13,0.12,0.08,0.11,0.11", "model_type": "linear", "parameters": "0.9985332746365005,-0.02049280303109341", "x_min": 0.0, "x_max": 0.9916666666666666, "y_min": 0.0, "y_max": 0.99, "min_err": -0.04556272806744843, "max_err": 0.03596948877423073}