{"features": "0.1,0.04,0.13,0.07,0.11,0.08,0.12,0.11,0.13,0.11", "model_type": "linear", "parameters": "0.9964498570978886,-0.04017661074965767", "x_min": 0.0, "x_max": 0.9916666666666666, "y_min": 0.0, "y_max": 0.99, "min_err": -0.04108580589077726, "max_err": 0.055442871467316024}