{"features": "0.12,0.08,0.07,0.11,0.12,0.08,0.12,0.11,0.09,0.1", "model_type": "linear", "parameters": "0.9936706899009997,-0.005561610037628728", "x_min": 0.0, "x_max": 0.9916666666666666, "y_min": 0.0, "y_max": 0.99, "min_err": -0.04285606243762119, "max_err": 0.03823041746997044}