{"features": "0.12,0.12,0.1,0.09,0.12,0.05,0.05,0.11,0.13,0.11", "model_type": "linear", "parameters": "0.9271955764217941,0.039515173082793564", "x_min": 0.0, "x_max": 0.9916666666666666, "y_min": 0.0, "y_max": 0.99, "min_err": -0.057645557363989686, "max_err": 0.04688703870630939}