{"features": "0.12,0.1,0.07,0.09,0.02,0.13,0.12,0.11,0.13,0.11", "model_type": "linear", "parameters": "0.9423257434813646,0.0006716203987340297", "x_min": 0.0, "x_max": 0.9916666666666666, "y_min": 0.0, "y_max": 0.99, "min_err": -0.07183449213941628, "max_err": 0.05485535064891289}