{"features": "0.07,0.12,0.1,0.09,0.07,0.13,0.12,0.08,0.11,0.11", "model_type": "linear", "parameters": "1.0032689350330677,-0.022519558987890875", "x_min": 0.0, "x_max": 0.9916666666666666, "y_min": 0.0, "y_max": 0.99, "min_err": -0.029114908528642958, "max_err": 0.021702325229623953}