{"features": "0.07,0.08,0.07,0.11,0.12,0.13,0.12,0.08,0.11,0.11", "model_type": "linear", "parameters": "1.0479898750285284,-0.06349127090061996", "x_min": 0.0, "x_max": 0.9916666666666666, "y_min": 0.0, "y_max": 0.99, "min_err": -0.04850619785651214, "max_err": 0.03755954068776965}