{"features": "0.11,0.06,0.03,0.08,0.12,0.13,0.12,0.11,0.13,0.11", "model_type": "linear", "parameters": "0.9985901386257361,-0.05380849701972751", "x_min": 0.0, "x_max": 0.9916666666666666, "y_min": 0.0, "y_max": 0.99, "min_err": -0.07905488252218451, "max_err": 0.0705926521342495}