{"features": "0.11,0.06,0.1,0.11,0.12,0.13,0.1,0.08,0.09,0.1", "model_type": "linear", "parameters": "1.021939681179444,-0.015118224188739149", "x_min": 0.0, "x_max": 0.9916666666666666, "y_min": 0.0, "y_max": 0.99, "min_err": -0.04036669610612181, "max_err": 0.03382510340244327}