{"features": "0.12,0.08,0.07,0.11,0.12,0.12,0.08,0.11,0.09,0.1", "model_type": "linear", "parameters": "0.9977855043237868,-0.003477008201758558", "x_min": 0.0, "x_max": 0.9916666666666666, "y_min": 0.0, "y_max": 0.99, "min_err": -0.04596936787918812, "max_err": 0.035494303350492334}