{"features": "0.11,0.08,0.13,0.11,0.12,0.13,0.12,0.05,0.09,0.06", "model_type": "linear", "parameters": "1.0666532867904785,0.0021172937288996274", "x_min": 0.0, "x_max": 0.9833333333333332, "y_min": 0.0, "y_max": 0.99, "min_err": -0.04099503272096505, "max_err": 0.04678151856816226}