{"features": "0.12,0.12,0.1,0.01,0.1,0.12,0.08,0.11,0.13,0.11", "model_type": "linear", "parameters": "0.931196268470142,0.018149910854248053", "x_min": 0.0, "x_max": 0.9916666666666666, "y_min": 0.0, "y_max": 0.99, "min_err": -0.05614835605014051, "max_err": 0.04905102202821643}