{"features": "0.12,0.12,0.13,0.11,0.12,0.13,0.1,0.05,0.11,0.01", "model_type": "linear", "parameters": "1.1102649802641276,0.023599993796189156", "x_min": 0.0, "x_max": 0.9083333333333332, "y_min": 0.0, "y_max": 0.99, "min_err": -0.04882081068296207, "max_err": 0.036223352694392585}