{"features": "0.07,0.12,0.13,0.11,0.07,0.13,0.12,0.08,0.07,0.1", "model_type": "linear", "parameters": "1.032327124812674,-0.007399200742168099", "x_min": 0.0, "x_max": 0.9916666666666666, "y_min": 0.0, "y_max": 0.99, "min_err": -0.038900663669449664, "max_err": 0.03315385713266261}