{"features": "0.12,0.12,0.13,0.07,0.11,0.12,0.08,0.08,0.07,0.1", "model_type": "linear", "parameters": "0.9838044854110545,0.04081026256856307", "x_min": 0.0, "x_max": 0.9916666666666666, "y_min": 0.0, "y_max": 0.99, "min_err": -0.04263104086202951, "max_err": 0.03530378760832187}