{"features": "0.11,0.08,0.13,0.11,0.12,0.12,0.08,0.11,0.09,0.05", "model_type": "linear", "parameters": "1.0638632083952342,-0.0005829445774466757", "x_min": 0.0, "x_max": 0.9833333333333332, "y_min": 0.0, "y_max": 0.99, "min_err": -0.03235604992477181, "max_err": 0.02999607301356022}