{"features": "0.1,0.04,0.13,0.11,0.07,0.12,0.08,0.11,0.13,0.11", "model_type": "linear", "parameters": "0.9944020925363306,-0.030790106428584874", "x_min": 0.0, "x_max": 0.9916666666666666, "y_min": 0.0, "y_max": 0.99, "min_err": -0.034943575660803555, "max_err": 0.046209949488360075}