{"features": "0.12,0.12,0.1,0.09,0.12,0.08,0.1,0.08,0.13,0.06", "model_type": "linear", "parameters": "0.994581378444459,0.02754675213110419", "x_min": 0.0, "x_max": 0.9833333333333332, "y_min": 0.0, "y_max": 0.99, "min_err": -0.02754675213110419, "max_err": 0.02516255864666639}