{"features": "0.01,0.06,0.1,0.11,0.12,0.13,0.12,0.11,0.13,0.11", "model_type": "linear", "parameters": "1.1606429434172634,-0.17188609123850268", "x_min": 0.08333333333333333, "x_max": 0.9916666666666666, "y_min": 0.0, "y_max": 0.99, "min_err": -0.018274644615813157, "max_err": 0.03778964972591319}