{"features": "0.12,0.12,0.13,0.11,0.12,0.12,0.08,0.08,0.07,0.05", "model_type": "linear", "parameters": "1.0647811524919137,0.03448215154724732", "x_min": 0.0, "x_max": 0.9833333333333332, "y_min": 0.0, "y_max": 0.99, "min_err": -0.05278518878996963, "max_err": 0.0443955094991364}