{"features": "0.11,0.06,0.07,0.09,0.12,0.13,0.12,0.08,0.11,0.11", "model_type": "linear", "parameters": "1.0062032522400635,-0.03241820471583329", "x_min": 0.0, "x_max": 0.9916666666666666, "y_min": 0.0, "y_max": 0.99, "min_err": -0.05298287936418783, "max_err": 0.048567933695828014}