{"features": "0.11,0.08,0.1,0.09,0.12,0.13,0.1,0.05,0.11,0.11", "model_type": "linear", "parameters": "0.9926581464909896,-0.0005018581234190744", "x_min": 0.0, "x_max": 0.9916666666666666, "y_min": 0.0, "y_max": 0.99, "min_err": -0.030384190706910785, "max_err": 0.03872976046275933}