{"features": "0.07,0.12,0.06,0.08,0.12,0.13,0.12,0.08,0.11,0.11", "model_type": "linear", "parameters": "1.0174795363377802,-0.03875280677052734", "x_min": 0.0, "x_max": 0.9916666666666666, "y_min": 0.0, "y_max": 0.99, "min_err": -0.05040703867539936, "max_err": 0.03286191882223047}