{"features": "0.12,0.12,0.1,0.01,0.1,0.13,0.12,0.11,0.13,0.06", "model_type": "linear", "parameters": "0.9811182892597713,0.008937647529221604", "x_min": 0.0, "x_max": 0.9833333333333332, "y_min": 0.0, "y_max": 0.99, "min_err": -0.0677369347207929, "max_err": 0.045782780155835534}