{"features": "0.12,0.12,0.13,0.11,0.07,0.12,0.06,0.05,0.11,0.11", "model_type": "linear", "parameters": "0.949490807190213,0.05269553231722568", "x_min": 0.0, "x_max": 0.9916666666666666, "y_min": 0.0, "y_max": 0.99, "min_err": -0.05269553231722568, "max_err": 0.051683298020185675}