{"features": "0.11,0.06,0.1,0.11,0.12,0.13,0.12,0.11,0.09,0.05", "model_type": "linear", "parameters": "1.0805453263339349,-0.03086539214918166", "x_min": 0.0, "x_max": 0.9833333333333332, "y_min": 0.0, "y_max": 0.99, "min_err": -0.039270939434302043, "max_err": 0.040819948288020436}