{"features": "0.12,0.12,0.1,0.05,0.11,0.13,0.12,0.05,0.09,0.11", "model_type": "linear", "parameters": "0.9685292228644835,0.027281096125026383", "x_min": 0.0, "x_max": 0.9916666666666666, "y_min": 0.0, "y_max": 0.99, "min_err": -0.03438878184542915, "max_err": 0.04439306358381512}