{"features": "0.12,0.1,0.1,0.11,0.12,0.12,0.08,0.08,0.11,0.06", "model_type": "linear", "parameters": "1.0259414667616713,0.01708226673352148", "x_min": 0.0, "x_max": 0.9833333333333332, "y_min": 0.0, "y_max": 0.99, "min_err": -0.023567633423939305, "max_err": 0.034451877655503726}