{"features": "0.12,0.1,0.07,0.09,0.12,0.13,0.12,0.08,0.11,0.06", "model_type": "linear", "parameters": "1.0285957190552517,-0.001297434444158918", "x_min": 0.0, "x_max": 0.9833333333333332, "y_min": 0.0, "y_max": 0.99, "min_err": -0.04156780524092496, "max_err": 0.029864814601616996}