{"features": "0.12,0.12,0.13,0.11,0.07,0.12,0.08,0.11,0.04,0.1", "model_type": "linear", "parameters": "0.9971121259388727,0.042560372855236395", "x_min": 0.0, "x_max": 0.9916666666666666, "y_min": 0.0, "y_max": 0.99, "min_err": -0.056579821632536276, "max_err": 0.04197624133690009}