{"features": "0.07,0.1,0.1,0.11,0.12,0.08,0.12,0.11,0.13,0.06", "model_type": "linear", "parameters": "1.0563856859217557,-0.04111573560529108", "x_min": 0.0, "x_max": 0.9833333333333332, "y_min": 0.0, "y_max": 0.99, "min_err": -0.025109247849066207, "max_err": 0.022762190177014974}