{"features": "0.12,0.12,0.13,0.11,0.07,0.07,0.08,0.08,0.11,0.11", "model_type": "linear", "parameters": "0.9371413378237657,0.05063881564856426", "x_min": 0.0, "x_max": 0.9916666666666666, "y_min": 0.0, "y_max": 0.99, "min_err": -0.05063881564856426, "max_err": 0.05888562692486676}