{"features": "0.06,0.08,0.13,0.11,0.07,0.13,0.12,0.08,0.11,0.11", "model_type": "linear", "parameters": "1.0361283727436577,-0.04810395537980067", "x_min": 0.0, "x_max": 0.9916666666666666, "y_min": 0.0, "y_max": 0.99, "min_err": -0.02458410674414227, "max_err": 0.026297536742617783}