{"features": "0.1,0.04,0.1,0.09,0.12,0.12,0.08,0.11,0.13,0.11", "model_type": "linear", "parameters": "1.00918753300734,-0.04701780418602569", "x_min": 0.0, "x_max": 0.9916666666666666, "y_min": 0.0, "y_max": 0.99, "min_err": -0.03937804014975432, "max_err": 0.061328739210475186}