{"features": "0.12,0.12,0.1,0.05,0.11,0.12,0.06,0.08,0.13,0.11", "model_type": "linear", "parameters": "0.9398776270284654,0.02976057462090953", "x_min": 0.0, "x_max": 0.9916666666666666, "y_min": 0.0, "y_max": 0.99, "min_err": -0.0346687948922586, "max_err": 0.0352700186219741}