{"features": "0.12,0.1,0.1,0.11,0.02,0.08,0.12,0.11,0.13,0.11", "model_type": "linear", "parameters": "0.9309546864486057,0.018273620981109795", "x_min": 0.0, "x_max": 0.9916666666666666, "y_min": 0.0, "y_max": 0.99, "min_err": -0.061330521409463046, "max_err": 0.04852964829068962}