{"features": "0.12,0.12,0.1,0.05,0.01,0.13,0.12,0.11,0.13,0.11", "model_type": "linear", "parameters": "0.9219307574784193,0.01905324645176598", "x_min": 0.0, "x_max": 0.9916666666666666, "y_min": 0.0, "y_max": 0.99, "min_err": -0.08001862519097563, "max_err": 0.05669875238213484}