{"features": "0.12,0.12,0.13,0.11,0.12,0.08,0.12,0.08,0.11,0.01", "model_type": "linear", "parameters": "1.0859183779107173,0.024887835562818705", "x_min": 0.0, "x_max": 0.9083333333333332, "y_min": 0.0, "y_max": 0.99, "min_err": -0.029819817155083084, "max_err": 0.03215297548182261}