{"features": "0.12,0.12,0.1,0.05,0.11,0.12,0.08,0.11,0.13,0.06", "model_type": "linear", "parameters": "0.9864056817904473,0.019059258536109014", "x_min": 0.0, "x_max": 0.9833333333333332, "y_min": 0.0, "y_max": 0.99, "min_err": -0.0300616259487953, "max_err": 0.03433932101627918}