{"features": "0.07,0.12,0.1,0.01,0.1,0.13,0.12,0.11,0.13,0.11", "model_type": "linear", "parameters": "0.9896008231560249,-0.04062144553319852", "x_min": 0.0, "x_max": 0.9916666666666666, "y_min": 0.0, "y_max": 0.99, "min_err": -0.07171223078181177, "max_err": 0.049267295903473896}