{"features": "0.11,0.08,0.13,0.11,0.12,0.08,0.12,0.08,0.07,0.1", "model_type": "linear", "parameters": "1.0118610949230407,0.010993109595145378", "x_min": 0.0, "x_max": 0.9916666666666666, "y_min": 0.0, "y_max": 0.99, "min_err": -0.038532446607932536, "max_err": 0.03307634294333428}