{"features": "0.1,0.04,0.13,0.11,0.12,0.12,0.08,0.08,0.11,0.11", "model_type": "linear", "parameters": "1.0157677854872411,-0.025157753484924827", "x_min": 0.0, "x_max": 0.9916666666666666, "y_min": 0.0, "y_max": 0.99, "min_err": -0.044136877429615334, "max_err": 0.03897516957338175}