{"features": "0.11,0.06,0.1,0.11,0.12,0.13,0.12,0.08,0.07,0.1", "model_type": "linear", "parameters": "1.0347094966045054,-0.01718120081923019", "x_min": 0.0, "x_max": 0.9916666666666666, "y_min": 0.0, "y_max": 0.99, "min_err": -0.04149617333189615, "max_err": 0.041149078365851244}