{"features": "0.12,0.12,0.13,0.07,0.06,0.13,0.1,0.08,0.09,0.1", "model_type": "linear", "parameters": "0.9648673276271624,0.03749207548345368", "x_min": 0.0, "x_max": 0.9916666666666666, "y_min": 0.0, "y_max": 0.99, "min_err": -0.03749207548345368, "max_err": 0.040885481974158866}