{"features": "0.12,0.12,0.13,0.07,0.11,0.08,0.12,0.11,0.09,0.05", "model_type": "linear", "parameters": "1.0209918176352184,0.027896243431887513", "x_min": 0.0, "x_max": 0.9833333333333332, "y_min": 0.0, "y_max": 0.99, "min_err": -0.027896243431887513, "max_err": 0.031773150689706375}