{"features": "0.07,0.12,0.13,0.11,0.02,0.08,0.12,0.11,0.13,0.11", "model_type": "linear", "parameters": "0.9646391383249253,-0.007014284903263224", "x_min": 0.0, "x_max": 0.9916666666666666, "y_min": 0.0, "y_max": 0.99, "min_err": -0.05569187911960971, "max_err": 0.053119970087252055}