{"features": "0.06,0.08,0.13,0.11,0.12,0.1,0.05,0.11,0.13,0.11", "model_type": "linear", "parameters": "1.0157759669995396,-0.037859142688508596", "x_min": 0.0, "x_max": 0.9916666666666666, "y_min": 0.0, "y_max": 0.99, "min_err": -0.03932483531118447, "max_err": 0.04378796166377341}