{"features": "0.12,0.12,0.13,0.11,0.12,0.03,0.1,0.08,0.09,0.1", "model_type": "linear", "parameters": "0.962007562254183,0.050472338941712824", "x_min": 0.0, "x_max": 0.9916666666666666, "y_min": 0.0, "y_max": 0.99, "min_err": -0.050472338941712824, "max_err": 0.0665406096166472}