{"features": "0.12,0.12,0.13,0.07,0.11,0.13,0.12,0.08,0.11,0.01", "model_type": "linear", "parameters": "1.0840169814513694,0.016677506934583308", "x_min": 0.0, "x_max": 0.9083333333333332, "y_min": 0.0, "y_max": 0.99, "min_err": -0.020024991477391008, "max_err": 0.021983499248293625}