{"features": "0.06,0.08,0.13,0.11,0.07,0.13,0.12,0.11,0.09,0.1", "model_type": "linear", "parameters": "1.0536628813181919,-0.052904698285459795", "x_min": 0.0, "x_max": 0.9916666666666666, "y_min": 0.0, "y_max": 0.99, "min_err": -0.023926742373636123, "max_err": 0.03}