{"features": "0.11,0.06,0.1,0.11,0.07,0.13,0.12,0.08,0.11,0.11", "model_type": "linear", "parameters": "0.9941239183794905,-0.017802254564087294", "x_min": 0.0, "x_max": 0.9916666666666666, "y_min": 0.0, "y_max": 0.99, "min_err": -0.03072872503078533, "max_err": 0.034958594699129764}