{"features": "0.12,0.12,0.13,0.11,0.02,0.13,0.1,0.08,0.13,0.06", "model_type": "linear", "parameters": "0.9823251977624989,0.036990876543234796", "x_min": 0.0, "x_max": 0.9833333333333332, "y_min": 0.0, "y_max": 0.99, "min_err": -0.036990876543234796, "max_err": 0.05189300103707811}