{"features": "0.1,0.04,0.13,0.11,0.12,0.13,0.12,0.11,0.13,0.01", "model_type": "linear", "parameters": "1.130490748189863,-0.05611423974255819", "x_min": 0.0, "x_max": 0.9083333333333332, "y_min": 0.0, "y_max": 0.99, "min_err": -0.032300884955752285, "max_err": 0.06132743362831847}