{"features": "0.12,0.12,0.1,0.09,0.12,0.07,0.08,0.08,0.11,0.11", "model_type": "linear", "parameters": "0.9483068635785707,0.037441938323339474", "x_min": 0.0, "x_max": 0.9916666666666666, "y_min": 0.0, "y_max": 0.99, "min_err": -0.037441938323339474, "max_err": 0.03840462988737525}