{"features": "0.12,0.12,0.06,0.08,0.12,0.08,0.12,0.11,0.09,0.1", "model_type": "linear", "parameters": "0.9696576227771446,0.014615452715822819", "x_min": 0.0, "x_max": 0.9916666666666666, "y_min": 0.0, "y_max": 0.99, "min_err": -0.03783466030820437, "max_err": 0.041050621779700563}