{"features": "0.12,0.1,0.03,0.08,0.07,0.13,0.12,0.11,0.13,0.11", "model_type": "linear", "parameters": "0.9541799262417042,-0.013498385692974957", "x_min": 0.0, "x_max": 0.9916666666666666, "y_min": 0.0, "y_max": 0.99, "min_err": -0.06359157742787713, "max_err": 0.05726995883661834}