{"features": "0.12,0.12,0.13,0.11,0.12,0.07,0.08,0.08,0.11,0.06", "model_type": "linear", "parameters": "1.0056868895519344,0.04327897210958942", "x_min": 0.0, "x_max": 0.9833333333333332, "y_min": 0.0, "y_max": 0.99, "min_err": -0.04327897210958942, "max_err": 0.05387758311444335}