{"features": "0.06,0.06,0.1,0.07,0.11,0.13,0.12,0.11,0.13,0.11", "model_type": "linear", "parameters": "1.0552444206793683,-0.09329876452874791", "x_min": 0.0, "x_max": 0.9916666666666666, "y_min": 0.0, "y_max": 0.99, "min_err": -0.04638641075432215, "max_err": 0.05}