{"features": "0.11,0.08,0.13,0.11,0.02,0.08,0.12,0.11,0.13,0.11", "model_type": "linear", "parameters": "0.9457155270181062,0.006774359176902611", "x_min": 0.0, "x_max": 0.9916666666666666, "y_min": 0.0, "y_max": 0.99, "min_err": -0.05844174993746454, "max_err": 0.04705846729070401}