{"features": "0.12,0.12,0.13,0.11,0.12,0.12,0.06,0.05,0.07,0.1", "model_type": "linear", "parameters": "0.995159826560452,0.05215387718059872", "x_min": 0.0, "x_max": 0.9916666666666666, "y_min": 0.0, "y_max": 0.99, "min_err": -0.0643837181943463, "max_err": 0.06733622399247097}