{"features": "0.12,0.12,0.1,0.09,0.12,0.1,0.05,0.08,0.11,0.11", "model_type": "linear", "parameters": "0.951114768334095,0.03965380466005192", "x_min": 0.0, "x_max": 0.9916666666666666, "y_min": 0.0, "y_max": 0.99, "min_err": -0.03965380466005192, "max_err": 0.05345520354784339}