{"features": "0.07,0.12,0.13,0.11,0.02,0.13,0.12,0.11,0.13,0.06", "model_type": "linear", "parameters": "1.026338260311241,-0.01774148921382429", "x_min": 0.0, "x_max": 0.9833333333333332, "y_min": 0.0, "y_max": 0.99, "min_err": -0.04542764094179619, "max_err": 0.03865336625340088}