{"features": "0.12,0.12,0.1,0.09,0.07,0.12,0.08,0.08,0.11,0.11", "model_type": "linear", "parameters": "0.9483411467724486,0.03347397523740825", "x_min": 0.0, "x_max": 0.9916666666666666, "y_min": 0.0, "y_max": 0.99, "min_err": -0.03347397523740825, "max_err": 0.02944073806947961}