{"features": "0.1,0.04,0.13,0.11,0.12,0.13,0.12,0.11,0.09,0.05", "model_type": "linear", "parameters": "1.1035254960005523,-0.04710689991027134", "x_min": 0.0, "x_max": 0.9833333333333332, "y_min": 0.0, "y_max": 0.99, "min_err": -0.036814016089820684, "max_err": 0.05434248771022991}