{"features": "0.07,0.12,0.13,0.03,0.1,0.13,0.1,0.08,0.13,0.11", "model_type": "linear", "parameters": "0.9871477247007152,-0.0187281283963307", "x_min": 0.0, "x_max": 0.9916666666666666, "y_min": 0.0, "y_max": 0.99, "min_err": -0.04258342356230055, "max_err": 0.03790511786859829}