{"features": "0.12,0.12,0.06,0.08,0.12,0.12,0.08,0.11,0.13,0.06", "model_type": "linear", "parameters": "0.9941608285294099,0.010760829770466496", "x_min": 0.0, "x_max": 0.9833333333333332, "y_min": 0.0, "y_max": 0.99, "min_err": -0.04214777261360314, "max_err": 0.03898363666825949}