{"features": "0.11,0.06,0.1,0.07,0.11,0.13,0.12,0.11,0.09,0.1", "model_type": "linear", "parameters": "1.013698393951672,-0.02789942154673758", "x_min": 0.0, "x_max": 0.9916666666666666, "y_min": 0.0, "y_max": 0.99, "min_err": -0.04447490926645897, "max_err": 0.04342455538409826}