{"features": "0.07,0.12,0.06,0.04,0.11,0.13,0.12,0.11,0.13,0.11", "model_type": "linear", "parameters": "1.0001206249642887,-0.05048245753260577", "x_min": 0.0, "x_max": 0.9916666666666666, "y_min": 0.0, "y_max": 0.99, "min_err": -0.06623446953584777, "max_err": 0.048786639832902684}