{"features": "0.02,0.12,0.13,0.11,0.07,0.12,0.08,0.11,0.13,0.11", "model_type": "linear", "parameters": "1.0438357474066642,-0.06562678266966265", "x_min": 0.08333333333333333, "x_max": 0.9916666666666666, "y_min": 0.0, "y_max": 0.99, "min_err": -0.030263715601446806, "max_err": 0.03069522125021934}