{"features": "0.07,0.12,0.13,0.11,0.12,0.13,0.1,0.08,0.13,0.01", "model_type": "linear", "parameters": "1.1296348101316405,-0.02698541851499553", "x_min": 0.0, "x_max": 0.9083333333333332, "y_min": 0.0, "y_max": 0.99, "min_err": -0.020240689083734775, "max_err": 0.023895545093902015}