{"features": "0.06,0.08,0.13,0.11,0.12,0.08,0.12,0.08,0.11,0.11", "model_type": "linear", "parameters": "1.0347455807629002,-0.04306770199670823", "x_min": 0.0, "x_max": 0.9916666666666666, "y_min": 0.0, "y_max": 0.99, "min_err": -0.029389894797108462, "max_err": 0.02569491161525811}