{"features": "0.11,0.08,0.13,0.07,0.11,0.1,0.05,0.11,0.13,0.11", "model_type": "linear", "parameters": "0.9572460170341168,0.008798793848088071", "x_min": 0.0, "x_max": 0.9916666666666666, "y_min": 0.0, "y_max": 0.99, "min_err": -0.04696280520416585, "max_err": 0.03193223925974609}