{"features": "0.12,0.12,0.13,0.11,0.07,0.07,0.06,0.08,0.13,0.11", "model_type": "linear", "parameters": "0.9248940036341612,0.05259236826165958", "x_min": 0.0, "x_max": 0.9916666666666666, "y_min": 0.0, "y_max": 0.99, "min_err": -0.05259236826165958, "max_err": 0.06203513022410667}