{"features": "0.12,0.12,0.1,0.05,0.11,0.12,0.08,0.11,0.09,0.1", "model_type": "linear", "parameters": "0.9666208705426841,0.02457784300256033", "x_min": 0.0, "x_max": 0.9916666666666666, "y_min": 0.0, "y_max": 0.99, "min_err": -0.027336539062011944, "max_err": 0.03376693936176861}