{"features": "0.07,0.12,0.13,0.07,0.11,0.13,0.1,0.08,0.09,0.1", "model_type": "linear", "parameters": "1.0233021937650886,-0.011534585913718975", "x_min": 0.0, "x_max": 0.9916666666666666, "y_min": 0.0, "y_max": 0.99, "min_err": -0.026492425037612066, "max_err": 0.02933312340366001}