{"features": "0.02,0.12,0.13,0.11,0.12,0.08,0.1,0.08,0.13,0.11", "model_type": "linear", "parameters": "1.0493878593837394,-0.059863830649152294", "x_min": 0.08333333333333333, "x_max": 0.9916666666666666, "y_min": 0.0, "y_max": 0.99, "min_err": -0.027585157632825985, "max_err": 0.03516990095728262}