{"features": "0.07,0.12,0.13,0.11,0.12,0.13,0.1,0.08,0.09,0.05", "model_type": "linear", "parameters": "1.0998084698872101,-0.017327445555792187", "x_min": 0.0, "x_max": 0.9833333333333332, "y_min": 0.0, "y_max": 0.99, "min_err": -0.040830318507483865, "max_err": 0.03412179896431877}