{"features": "0.12,0.12,0.13,0.11,0.12,0.1,0.03,0.08,0.13,0.06", "model_type": "linear", "parameters": "0.9936104835631094,0.04828928676475197", "x_min": 0.0, "x_max": 0.9833333333333332, "y_min": 0.0, "y_max": 0.99, "min_err": -0.04828928676475197, "max_err": 0.07038468518646013}