{"features": "0.12,0.12,0.13,0.11,0.07,0.05,0.05,0.11,0.13,0.11", "model_type": "linear", "parameters": "0.9154710200783572,0.052903786553826604", "x_min": 0.0, "x_max": 0.9916666666666666, "y_min": 0.0, "y_max": 0.99, "min_err": -0.06321779993939802, "max_err": 0.06564995508019128}