{"features": "0.12,0.12,0.13,0.11,0.12,0.12,0.06,0.05,0.11,0.06", "model_type": "linear", "parameters": "1.0223175283932968,0.044328356233288235", "x_min": 0.0, "x_max": 0.9833333333333332, "y_min": 0.0, "y_max": 0.99, "min_err": -0.046259629894368826, "max_err": 0.059319752203955356}