{"features": "0.07,0.12,0.13,0.11,0.12,0.03,0.12,0.08,0.11,0.11", "model_type": "linear", "parameters": "0.9872901174178289,0.0017663121733429987", "x_min": 0.0, "x_max": 0.9916666666666666, "y_min": 0.0, "y_max": 0.99, "min_err": -0.03404048862482874, "max_err": 0.052816046762891256}