{"features": "0.12,0.12,0.1,0.09,0.12,0.07,0.08,0.11,0.13,0.06", "model_type": "linear", "parameters": "0.9845136508399586,0.028176443893386305", "x_min": 0.0, "x_max": 0.9833333333333332, "y_min": 0.0, "y_max": 0.99, "min_err": -0.03451887778669194, "max_err": 0.029566730686634513}