{"features": "0.07,0.1,0.07,0.09,0.12,0.13,0.12,0.08,0.11,0.11", "model_type": "linear", "parameters": "1.031407079961499,-0.04992674057965868", "x_min": 0.0, "x_max": 0.9916666666666666, "y_min": 0.0, "y_max": 0.99, "min_err": -0.043875619407507616, "max_err": 0.02835638658158373}