{"features": "0.11,0.06,0.1,0.11,0.12,0.12,0.08,0.11,0.09,0.1", "model_type": "linear", "parameters": "1.0137867015058792,-0.015272639757959394", "x_min": 0.0, "x_max": 0.9916666666666666, "y_min": 0.0, "y_max": 0.99, "min_err": -0.038174035618510405, "max_err": 0.030790414632469468}