{"features": "0.12,0.1,0.1,0.11,0.07,0.13,0.12,0.05,0.09,0.11", "model_type": "linear", "parameters": "0.9768068340320751,0.023283699732010277", "x_min": 0.0, "x_max": 0.9916666666666666, "y_min": 0.0, "y_max": 0.99, "min_err": -0.03728939475873949, "max_err": 0.04225123169420075}