{"features": "0.06,0.08,0.13,0.11,0.12,0.03,0.12,0.11,0.13,0.11", "model_type": "linear", "parameters": "1.01039199450553,-0.04345473373857206", "x_min": 0.0, "x_max": 0.9916666666666666, "y_min": 0.0, "y_max": 0.99, "min_err": -0.045940596389653754, "max_err": 0.03667866977335321}