{"features": "0.07,0.12,0.13,0.11,0.07,0.1,0.05,0.11,0.13,0.11", "model_type": "linear", "parameters": "0.9709230924397667,0.0018519792983017758", "x_min": 0.0, "x_max": 0.9916666666666666, "y_min": 0.0, "y_max": 0.99, "min_err": -0.049134040924812994, "max_err": 0.043596732185128884}