{"features": "0.11,0.06,0.1,0.11,0.12,0.13,0.12,0.05,0.09,0.11", "model_type": "linear", "parameters": "1.0146428733478963,-0.011898668810053137", "x_min": 0.0, "x_max": 0.9916666666666666, "y_min": 0.0, "y_max": 0.99, "min_err": -0.04176204952692092, "max_err": 0.049371871077030116}