{"features": "0.12,0.08,0.07,0.11,0.12,0.13,0.1,0.05,0.11,0.11", "model_type": "linear", "parameters": "0.9888057637100198,0.0010091205465358466", "x_min": 0.0, "x_max": 0.9916666666666666, "y_min": 0.0, "y_max": 0.99, "min_err": -0.04821056147404079, "max_err": 0.03978703698011765}