{"features": "0.12,0.12,0.13,0.11,0.12,0.12,0.08,0.05,0.09,0.06", "model_type": "linear", "parameters": "1.0374915628643309,0.04152972939804861", "x_min": 0.0, "x_max": 0.9833333333333332, "y_min": 0.0, "y_max": 0.99, "min_err": -0.05610603178499096, "max_err": 0.05326685893109184}