{"features": "0.02,0.12,0.13,0.11,0.07,0.13,0.12,0.11,0.13,0.06", "model_type": "linear", "parameters": "1.110223523027424,-0.08277882510885531", "x_min": 0.08333333333333333, "x_max": 0.9833333333333332, "y_min": 0.0, "y_max": 0.99, "min_err": -0.022332936404856674, "max_err": 0.020185690514095467}