{"features": "0.12,0.12,0.1,0.01,0.1,0.13,0.1,0.08,0.13,0.11", "model_type": "linear", "parameters": "0.9383801546463282,0.018381079785885712", "x_min": 0.0, "x_max": 0.9916666666666666, "y_min": 0.0, "y_max": 0.99, "min_err": -0.059372810888522365, "max_err": 0.04702388155253223}