{"features": "0.1,0.04,0.13,0.11,0.12,0.13,0.1,0.08,0.13,0.06", "model_type": "linear", "parameters": "1.0664817370042825,-0.03779650111172289", "x_min": 0.0, "x_max": 0.9833333333333332, "y_min": 0.0, "y_max": 0.99, "min_err": -0.0399504550556575, "max_err": 0.0478103708364017}