{"features": "0.12,0.12,0.13,0.11,0.12,0.07,0.08,0.08,0.07,0.1", "model_type": "linear", "parameters": "0.9810426540284359,0.05026066350710895", "x_min": 0.0, "x_max": 0.9916666666666666, "y_min": 0.0, "y_max": 0.99, "min_err": -0.05026066350710895, "max_err": 0.05921800947867306}