{"features": "0.07,0.1,0.1,0.11,0.12,0.12,0.06,0.08,0.13,0.11", "model_type": "linear", "parameters": "1.0066864973431977,-0.024282451546199624", "x_min": 0.0, "x_max": 0.9916666666666666, "y_min": 0.0, "y_max": 0.99, "min_err": -0.03073242146119859, "max_err": 0.03704866142933427}