{"features": "0.11,0.08,0.1,0.05,0.11,0.13,0.12,0.11,0.13,0.06", "model_type": "linear", "parameters": "1.0205549576037594,-0.02293164098390793", "x_min": 0.0, "x_max": 0.9833333333333332, "y_min": 0.0, "y_max": 0.99, "min_err": -0.052299591350991714, "max_err": 0.03788539451692799}