{"features": "0.11,0.08,0.13,0.11,0.12,0.13,0.1,0.05,0.11,0.06", "model_type": "linear", "parameters": "1.0524614827403669,0.004728359290112338", "x_min": 0.0, "x_max": 0.9833333333333332, "y_min": 0.0, "y_max": 0.99, "min_err": -0.031779594907084596, "max_err": 0.043630652216309684}