{"features": "0.07,0.12,0.13,0.07,0.11,0.12,0.08,0.08,0.11,0.11", "model_type": "linear", "parameters": "0.9975403842318687,-0.0070953267300407075", "x_min": 0.0, "x_max": 0.9916666666666666, "y_min": 0.0, "y_max": 0.99, "min_err": -0.02603303862261501, "max_err": 0.025196769261450647}