{"features": "0.07,0.12,0.13,0.11,0.07,0.13,0.12,0.11,0.04,0.1", "model_type": "linear", "parameters": "1.049400399964017,-0.01177294314928995", "x_min": 0.0, "x_max": 0.9916666666666666, "y_min": 0.0, "y_max": 0.99, "min_err": -0.05017742348439225, "max_err": 0.036017613178976116}