{"features": "0.02,0.12,0.13,0.11,0.07,0.08,0.12,0.11,0.13,0.11", "model_type": "linear", "parameters": "1.0404536279589236,-0.06814552613276742", "x_min": 0.08333333333333333, "x_max": 0.9916666666666666, "y_min": 0.0, "y_max": 0.99, "min_err": -0.038785756843271235, "max_err": 0.03462318114988272}