{"features": "0.12,0.12,0.13,0.07,0.11,0.12,0.08,0.11,0.04,0.1", "model_type": "linear", "parameters": "1.0000356379934547,0.03706701410216379", "x_min": 0.0, "x_max": 0.9916666666666666, "y_min": 0.0, "y_max": 0.99, "min_err": -0.053766348929497165, "max_err": 0.029587773233351322}