{"features": "0.12,0.12,0.06,0.08,0.12,0.13,0.12,0.08,0.11,0.06", "model_type": "linear", "parameters": "1.0168399307953988,0.008187883131702767", "x_min": 0.0, "x_max": 0.9833333333333332, "y_min": 0.0, "y_max": 0.99, "min_err": -0.047134526730169046, "max_err": 0.03607580025940921}