{"features": "0.07,0.12,0.13,0.07,0.11,0.12,0.08,0.11,0.09,0.1", "model_type": "linear", "parameters": "1.014687303947267,-0.011498079220344237", "x_min": 0.0, "x_max": 0.9916666666666666, "y_min": 0.0, "y_max": 0.99, "min_err": -0.02305919610859468, "max_err": 0.02326897790458854}