{"features": "0.02,0.12,0.13,0.11,0.12,0.13,0.12,0.08,0.07,0.1", "model_type": "linear", "parameters": "1.1102649802641278,-0.06892208789248827", "x_min": 0.08333333333333333, "x_max": 0.9916666666666666, "y_min": 0.0, "y_max": 0.99, "min_err": -0.04882081068296207, "max_err": 0.036223352694392474}