{"features": "0.12,0.08,0.04,0.05,0.11,0.13,0.12,0.11,0.13,0.11", "model_type": "linear", "parameters": "0.9709705972674669,-0.030537835771016597", "x_min": 0.0, "x_max": 0.9916666666666666, "y_min": 0.0, "y_max": 0.99, "min_err": -0.07403324642376119, "max_err": 0.06680082453700101}