{"features": "0.12,0.12,0.1,0.09,0.07,0.13,0.1,0.08,0.09,0.1", "model_type": "linear", "parameters": "0.9722459031921951,0.02994237630640001", "x_min": 0.0, "x_max": 0.9916666666666666, "y_min": 0.0, "y_max": 0.99, "min_err": -0.02994237630640001, "max_err": 0.026996147895551215}