{"features": "0.11,0.08,0.1,0.09,0.12,0.13,0.12,0.05,0.09,0.11", "model_type": "linear", "parameters": "1.0029007855504228,-0.0018537641747721212", "x_min": 0.0, "x_max": 0.9916666666666666, "y_min": 0.0, "y_max": 0.99, "min_err": -0.033896890450580086, "max_err": 0.04803568155820859}