{"features": "0.12,0.12,0.06,0.08,0.07,0.13,0.12,0.11,0.09,0.1", "model_type": "linear", "parameters": "0.968484655372832,0.011161207586655841", "x_min": 0.0, "x_max": 0.9916666666666666, "y_min": 0.0, "y_max": 0.99, "min_err": -0.04540353527307184, "max_err": 0.04478833403157642}