{"features": "0.12,0.12,0.1,0.05,0.11,0.13,0.12,0.08,0.11,0.06", "model_type": "linear", "parameters": "1.0092760585694935,0.01643493556163178", "x_min": 0.0, "x_max": 0.9833333333333332, "y_min": 0.0, "y_max": 0.99, "min_err": -0.036966626632253974, "max_err": 0.031246049795994824}