{"features": "0.07,0.1,0.1,0.11,0.12,0.13,0.12,0.11,0.13,0.01", "model_type": "linear", "parameters": "1.1361278155933086,-0.05838892351190744", "x_min": 0.0, "x_max": 0.9083333333333332, "y_min": 0.0, "y_max": 0.99, "min_err": -0.025643030386419685, "max_err": 0.03}