{"features": "0.02,0.12,0.1,0.09,0.07,0.13,0.12,0.11,0.13,0.11", "model_type": "linear", "parameters": "1.063554980252213,-0.093943570314663", "x_min": 0.08333333333333333, "x_max": 0.9916666666666666, "y_min": 0.0, "y_max": 0.99, "min_err": -0.03783391981144352, "max_err": 0.02925154823121834}