{"features": "0.12,0.12,0.13,0.11,0.02,0.08,0.12,0.11,0.13,0.06", "model_type": "linear", "parameters": "0.9659606790199784,0.0365711610817685", "x_min": 0.0, "x_max": 0.9833333333333332, "y_min": 0.0, "y_max": 0.99, "min_err": -0.050048223843422446, "max_err": 0.058994894985073654}