{"features": "0.11,0.08,0.13,0.07,0.06,0.13,0.12,0.11,0.09,0.1", "model_type": "linear", "parameters": "0.9885895507748649,-0.0025900738900154763", "x_min": 0.0, "x_max": 0.9916666666666666, "y_min": 0.0, "y_max": 0.99, "min_err": -0.04170470149741695, "max_err": 0.028765448244294833}