{"features": "0.12,0.1,0.07,0.09,0.12,0.13,0.1,0.08,0.09,0.1", "model_type": "linear", "parameters": "0.9931457699255193,0.007530951261557561", "x_min": 0.0, "x_max": 0.9916666666666666, "y_min": 0.0, "y_max": 0.99, "min_err": -0.03857954123673063, "max_err": 0.03037186878809628}