{"features": "0.07,0.12,0.13,0.11,0.12,0.08,0.1,0.08,0.09,0.1", "model_type": "linear", "parameters": "1.0184528773978319,-0.0006470670002782786", "x_min": 0.0, "x_max": 0.9916666666666666, "y_min": 0.0, "y_max": 0.99, "min_err": -0.0342240061162077, "max_err": 0.041420628301362394}