{"features": "0.11,0.08,0.1,0.09,0.12,0.13,0.1,0.08,0.09,0.1", "model_type": "linear", "parameters": "1.0099212437352976,-0.004911015648972339", "x_min": 0.0, "x_max": 0.9916666666666666, "y_min": 0.0, "y_max": 0.99, "min_err": -0.031729398929460195, "max_err": 0.03163018649210725}