{"features": "0.11,0.08,0.1,0.09,0.07,0.13,0.12,0.11,0.13,0.06", "model_type": "linear", "parameters": "1.0173741156887222,-0.017078304896656904", "x_min": 0.0, "x_max": 0.9833333333333332, "y_min": 0.0, "y_max": 0.99, "min_err": -0.041608752947704164, "max_err": 0.034485365515328326}