{"features": "0.07,0.12,0.1,0.09,0.12,0.12,0.08,0.11,0.09,0.1", "model_type": "linear", "parameters": "1.0236479395508291,-0.02023612957391746", "x_min": 0.0, "x_max": 0.9916666666666666, "y_min": 0.0, "y_max": 0.99, "min_err": -0.020979850276358902, "max_err": 0.02310816483593381}