{"features": "0.12,0.1,0.1,0.07,0.11,0.08,0.1,0.08,0.13,0.11", "model_type": "linear", "parameters": "0.9475341972642193,0.018074454043676247", "x_min": 0.0, "x_max": 0.9916666666666666, "y_min": 0.0, "y_max": 0.99, "min_err": -0.02872510199184075, "max_err": 0.032287467002639736}