{"features": "0.11,0.06,0.1,0.11,0.12,0.13,0.1,0.05,0.11,0.11", "model_type": "linear", "parameters": "1.004258771040357,-0.010476914756979816", "x_min": 0.0, "x_max": 0.9916666666666666, "y_min": 0.0, "y_max": 0.99, "min_err": -0.04058777800310942, "max_err": 0.040971067396741834}