{"features": "0.07,0.12,0.13,0.11,0.12,0.07,0.08,0.11,0.13,0.06", "model_type": "linear", "parameters": "1.032327124812674,-0.007399200742167988", "x_min": 0.0, "x_max": 0.9833333333333332, "y_min": 0.0, "y_max": 0.99, "min_err": -0.030818882466281283, "max_err": 0.04123563833583099}