{"features": "0.12,0.12,0.13,0.11,0.12,0.07,0.08,0.11,0.13,0.01", "model_type": "linear", "parameters": "1.0515519793208397,0.031002689124679517", "x_min": 0.0, "x_max": 0.9083333333333332, "y_min": 0.0, "y_max": 0.99, "min_err": -0.03203734200523933, "max_err": 0.04322132121490063}