{"features": "0.12,0.1,0.07,0.05,0.06,0.13,0.12,0.11,0.13,0.11", "model_type": "linear", "parameters": "0.9457202505219204,-0.004655532359081338", "x_min": 0.0, "x_max": 0.9916666666666666, "y_min": 0.0, "y_max": 0.99, "min_err": -0.06820459290187886, "max_err": 0.056816283924843614}