{"features": "0.07,0.1,0.1,0.11,0.12,0.08,0.12,0.08,0.11,0.11", "model_type": "linear", "parameters": "1.016284623143303,-0.02923348477142057", "x_min": 0.0, "x_max": 0.9916666666666666, "y_min": 0.0, "y_max": 0.99, "min_err": -0.02483767101440515, "max_err": 0.02109117319976911}