{"features": "0.07,0.12,0.13,0.11,0.12,0.07,0.06,0.08,0.13,0.11", "model_type": "linear", "parameters": "0.9783610353894774,0.0066347831680858005", "x_min": 0.0, "x_max": 0.9916666666666666, "y_min": 0.0, "y_max": 0.99, "min_err": -0.04040555971019377, "max_err": 0.05418469913717555}