{"features": "0.12,0.1,0.1,0.07,0.11,0.13,0.12,0.08,0.07,0.1", "model_type": "linear", "parameters": "0.9985740374752959,0.01318802691816967", "x_min": 0.0, "x_max": 0.9916666666666666, "y_min": 0.0, "y_max": 0.99, "min_err": -0.029260542532876188, "max_err": 0.03788144497535839}