{"features": "0.12,0.08,0.07,0.07,0.11,0.13,0.12,0.11,0.13,0.06", "model_type": "linear", "parameters": "1.0163969377299262,-0.021244944621991724", "x_min": 0.0, "x_max": 0.9833333333333332, "y_min": 0.0, "y_max": 0.99, "min_err": -0.052253779432144154, "max_err": 0.05031542948142009}