{"features": "0.12,0.1,0.1,0.03,0.1,0.13,0.1,0.08,0.13,0.11", "model_type": "linear", "parameters": "0.9505605336575885,0.008233793389509803", "x_min": 0.0, "x_max": 0.9916666666666666, "y_min": 0.0, "y_max": 0.99, "min_err": -0.05430068241350494, "max_err": 0.03912701073338165}