{"features": "0.07,0.12,0.1,0.09,0.02,0.13,0.12,0.11,0.13,0.11", "model_type": "linear", "parameters": "0.9802355251434905,-0.02738384860771864", "x_min": 0.0, "x_max": 0.9916666666666666, "y_min": 0.0, "y_max": 0.99, "min_err": -0.06273391396402661, "max_err": 0.04531695284042381}