{"features": "0.07,0.1,0.1,0.07,0.11,0.13,0.12,0.08,0.11,0.11", "model_type": "linear", "parameters": "1.0220836717051323,-0.04074219125210693", "x_min": 0.0, "x_max": 0.9916666666666666, "y_min": 0.0, "y_max": 0.99, "min_err": -0.035126005291698126, "max_err": 0.024179437473257792}