{"features": "0.11,0.08,0.06,0.04,0.11,0.13,0.12,0.11,0.13,0.11", "model_type": "linear", "parameters": "0.975854142279209,-0.03318105450862191", "x_min": 0.0, "x_max": 0.9916666666666666, "y_min": 0.0, "y_max": 0.99, "min_err": -0.0734248381077151, "max_err": 0.05545903008173969}