{"features": "0.11,0.08,0.13,0.07,0.11,0.08,0.12,0.11,0.13,0.06", "model_type": "linear", "parameters": "1.0099212437352973,-0.004911015648972228", "x_min": 0.0, "x_max": 0.9833333333333332, "y_min": 0.0, "y_max": 0.99, "min_err": -0.03420970986328442, "max_err": 0.029149875558282967}