{"features": "0.12,0.12,0.1,0.09,0.12,0.1,0.05,0.11,0.13,0.06", "model_type": "linear", "parameters": "0.9885823317565787,0.029954394769509396", "x_min": 0.0, "x_max": 0.9833333333333332, "y_min": 0.0, "y_max": 0.99, "min_err": -0.03900928260722847, "max_err": 0.04161076447045786}