{"features": "0.12,0.12,0.13,0.11,0.12,0.12,0.08,0.08,0.02,0.1", "model_type": "linear", "parameters": "1.030189978376262,0.0447211302847087", "x_min": 0.0, "x_max": 0.9916666666666666, "y_min": 0.0, "y_max": 0.99, "min_err": -0.08906194379628218, "max_err": 0.05433471566247183}