{"features": "0.07,0.1,0.1,0.07,0.11,0.13,0.12,0.11,0.13,0.06", "model_type": "linear", "parameters": "1.0612175586562138,-0.05241139067349693", "x_min": 0.0, "x_max": 0.9833333333333332, "y_min": 0.0, "y_max": 0.99, "min_err": -0.03976259209992544, "max_err": 0.029628628571967575}