{"features": "0.12,0.1,0.1,0.07,0.11,0.03,0.12,0.11,0.13,0.11", "model_type": "linear", "parameters": "0.9351241512613373,0.01613850754159013", "x_min": 0.0, "x_max": 0.9916666666666666, "y_min": 0.0, "y_max": 0.99, "min_err": -0.0616275957773702, "max_err": 0.04653004245758385}