{"features": "0.11,0.08,0.13,0.11,0.07,0.13,0.1,0.08,0.09,0.1", "model_type": "linear", "parameters": "0.998534603343769,0.009046493039365722", "x_min": 0.0, "x_max": 0.9916666666666666, "y_min": 0.0, "y_max": 0.99, "min_err": -0.02546892692999389, "max_err": 0.025263771398121637}