{"features": "0.12,0.12,0.13,0.03,0.05,0.12,0.08,0.11,0.13,0.11", "model_type": "linear", "parameters": "0.920492421607914,0.031301942615013234", "x_min": 0.0, "x_max": 0.9916666666666666, "y_min": 0.0, "y_max": 0.99, "min_err": -0.0449635570202892, "max_err": 0.059538020362414734}