{"features": "0.07,0.1,0.1,0.03,0.1,0.13,0.12,0.11,0.13,0.11", "model_type": "linear", "parameters": "1.005495384261066,-0.05341394083238987", "x_min": 0.0, "x_max": 0.9916666666666666, "y_min": 0.0, "y_max": 0.99, "min_err": -0.06554246927638757, "max_err": 0.04629768477349949}