{"features": "0.06,0.08,0.13,0.11,0.12,0.08,0.12,0.11,0.09,0.1", "model_type": "linear", "parameters": "1.0526764136704974,-0.048005583385031636", "x_min": 0.0, "x_max": 0.9916666666666666, "y_min": 0.0, "y_max": 0.99, "min_err": -0.027440485560051242, "max_err": 0.02537176270150676}