{"features": "0.02,0.12,0.13,0.11,0.12,0.13,0.12,0.11,0.09,0.05", "model_type": "linear", "parameters": "1.1675792027196703,-0.08830311002536856", "x_min": 0.08333333333333333, "x_max": 0.9833333333333332, "y_min": 0.0, "y_max": 0.99, "min_err": -0.040000000000000036, "max_err": 0.015320441092310122}