{"features": "0.11,0.06,0.1,0.07,0.11,0.12,0.08,0.11,0.13,0.11", "model_type": "linear", "parameters": "0.9800650542655632,-0.02280103700363939", "x_min": 0.0, "x_max": 0.9916666666666666, "y_min": 0.0, "y_max": 0.99, "min_err": -0.03555940227367854, "max_err": 0.0411289491481758}