{"features": "0.07,0.12,0.13,0.11,0.12,0.13,0.12,0.08,0.02,0.1", "model_type": "linear", "parameters": "1.0815921553703247,-0.009292342441413914", "x_min": 0.0, "x_max": 0.9916666666666666, "y_min": 0.0, "y_max": 0.99, "min_err": -0.08216713331471703, "max_err": 0.0480982259136703}