{"features": "0.12,0.1,0.07,0.05,0.11,0.13,0.1,0.08,0.13,0.11", "model_type": "linear", "parameters": "0.9576073662105095,0.0010342002630787661", "x_min": 0.0, "x_max": 0.9916666666666666, "y_min": 0.0, "y_max": 0.99, "min_err": -0.05003726951745763, "max_err": 0.03936457203516969}