{"features": "0.12,0.12,0.06,0.08,0.12,0.07,0.08,0.11,0.13,0.11", "model_type": "linear", "parameters": "0.9363616813617642,0.019406296008337154", "x_min": 0.0, "x_max": 0.9916666666666666, "y_min": 0.0, "y_max": 0.99, "min_err": -0.043647416916179904, "max_err": 0.04430629766256983}