{"features": "0.12,0.12,0.13,0.07,0.11,0.13,0.1,0.05,0.11,0.06", "model_type": "linear", "parameters": "1.0179129348052491,0.03354613622162028", "x_min": 0.0, "x_max": 0.9833333333333332, "y_min": 0.0, "y_max": 0.99, "min_err": -0.03354613622162028, "max_err": 0.03784524057488037}