{"features": "0.02,0.12,0.13,0.07,0.11,0.13,0.12,0.08,0.11,0.11", "model_type": "linear", "parameters": "1.072082766758038,-0.07633077445147113", "x_min": 0.08333333333333333, "x_max": 0.9916666666666666, "y_min": 0.0, "y_max": 0.99, "min_err": -0.02037037836437794, "max_err": 0.022268699382942625}