{"features": "0.06,0.08,0.13,0.11,0.12,0.13,0.12,0.08,0.11,0.06", "model_type": "linear", "parameters": "1.1079407142637046,-0.058047073203299215", "x_min": 0.0, "x_max": 0.9833333333333332, "y_min": 0.0, "y_max": 0.99, "min_err": -0.026609712507318195, "max_err": 0.03}