{"features": "0.12,0.1,0.1,0.03,0.1,0.08,0.12,0.11,0.13,0.11", "model_type": "linear", "parameters": "0.9392610587664997,0.00619289066693407", "x_min": 0.0, "x_max": 0.9916666666666666, "y_min": 0.0, "y_max": 0.99, "min_err": -0.05409517494739213, "max_err": 0.05237322605628714}