{"features": "0.1,0.04,0.13,0.11,0.12,0.1,0.05,0.11,0.13,0.11", "model_type": "linear", "parameters": "0.9947270085115218,-0.023086983599751087", "x_min": 0.0, "x_max": 0.9916666666666666, "y_min": 0.0, "y_max": 0.99, "min_err": -0.042700851152169206, "max_err": 0.04111895370562613}