{"features": "0.07,0.1,0.07,0.09,0.12,0.12,0.08,0.11,0.13,0.11", "model_type": "linear", "parameters": "1.0125747268604415,-0.048415103415103744", "x_min": 0.0, "x_max": 0.9916666666666666, "y_min": 0.0, "y_max": 0.99, "min_err": -0.03910980553837673, "max_err": 0.03427849927849924}