{"features": "0.12,0.1,0.07,0.09,0.07,0.08,0.12,0.11,0.13,0.11", "model_type": "linear", "parameters": "0.943072415236501,0.004602344077019427", "x_min": 0.0, "x_max": 0.9916666666666666, "y_min": 0.0, "y_max": 0.99, "min_err": -0.05472791963164492, "max_err": 0.050184177480117165}