{"features": "0.12,0.1,0.03,0.08,0.12,0.13,0.12,0.11,0.09,0.1", "model_type": "linear", "parameters": "0.9901918817814672,-0.012060759462259762", "x_min": 0.0, "x_max": 0.9916666666666666, "y_min": 0.0, "y_max": 0.99, "min_err": -0.06800320113156261, "max_err": 0.04702877916534859}