{"features": "0.06,0.08,0.13,0.11,0.12,0.13,0.12,0.11,0.09,0.05", "model_type": "linear", "parameters": "1.1314131413141317,-0.06504950495049527", "x_min": 0.0, "x_max": 0.9833333333333332, "y_min": 0.0, "y_max": 0.99, "min_err": -0.030936093609360782, "max_err": 0.03}