{"features": "0.12,0.12,0.13,0.11,0.07,0.13,0.1,0.08,0.04,0.1", "model_type": "linear", "parameters": "1.0072922602165273,0.04213818801098623", "x_min": 0.0, "x_max": 0.9916666666666666, "y_min": 0.0, "y_max": 0.99, "min_err": -0.06548942654280288, "max_err": 0.0381567035654608}