{"features": "0.12,0.12,0.13,0.11,0.07,0.13,0.1,0.05,0.07,0.1", "model_type": "linear", "parameters": "0.9898039992080782,0.04628885369233782", "x_min": 0.0, "x_max": 0.9916666666666666, "y_min": 0.0, "y_max": 0.99, "min_err": -0.05360918629974276, "max_err": 0.04384181350227678}