{"features": "0.12,0.12,0.13,0.11,0.12,0.13,0.12,0.05,0.05,0.05", "model_type": "linear", "parameters": "1.0954603244691783,0.029885803902461372", "x_min": 0.0, "x_max": 0.9833333333333332, "y_min": 0.0, "y_max": 0.99, "min_err": -0.06754242385023546, "max_err": 0.047647788782898215}