{"features": "0.11,0.08,0.13,0.11,0.12,0.07,0.08,0.11,0.13,0.06", "model_type": "linear", "parameters": "1.0113668437123138,0.007015497908808566", "x_min": 0.0, "x_max": 0.9833333333333332, "y_min": 0.0, "y_max": 0.99, "min_err": -0.03126006038368445, "max_err": 0.037301080235034645}