{"features": "0.11,0.08,0.1,0.05,0.11,0.12,0.08,0.11,0.13,0.11", "model_type": "linear", "parameters": "0.9672911487699873,-0.012021777146935142", "x_min": 0.0, "x_max": 0.9916666666666666, "y_min": 0.0, "y_max": 0.99, "min_err": -0.04101620150722618, "max_err": 0.04279138795003101}