{"features": "0.06,0.06,0.1,0.11,0.12,0.13,0.1,0.08,0.13,0.11", "model_type": "linear", "parameters": "1.0561804055759685,-0.07621756934900309", "x_min": 0.0, "x_max": 0.9916666666666666, "y_min": 0.0, "y_max": 0.99, "min_err": -0.03782753204498904, "max_err": 0.04}