{"features": "0.02,0.12,0.13,0.11,0.12,0.12,0.06,0.08,0.13,0.11", "model_type": "linear", "parameters": "1.0515519793208397,-0.056626642485390566", "x_min": 0.08333333333333333, "x_max": 0.9916666666666666, "y_min": 0.0, "y_max": 0.99, "min_err": -0.03203734200523933, "max_err": 0.04322132121490074}