{"features": "0.11,0.04,0.07,0.11,0.12,0.12,0.08,0.11,0.13,0.11", "model_type": "linear", "parameters": "1.002577849137575,-0.04346785314097251", "x_min": 0.0, "x_max": 0.9916666666666666, "y_min": 0.0, "y_max": 0.99, "min_err": -0.057176609143421236, "max_err": 0.05991969904617461}