{"features": "0.1,0.04,0.1,0.09,0.12,0.13,0.1,0.08,0.13,0.11", "model_type": "linear", "parameters": "1.016249114068911,-0.04657609037255722", "x_min": 0.0, "x_max": 0.9916666666666666, "y_min": 0.0, "y_max": 0.99, "min_err": -0.04217361431707972, "max_err": 0.060357406817388895}