{"features": "0.1,0.04,0.13,0.11,0.12,0.13,0.12,0.11,0.04,0.1", "model_type": "linear", "parameters": "1.0722477619162833,-0.03665618195015724", "x_min": 0.0, "x_max": 0.9916666666666666, "y_min": 0.0, "y_max": 0.99, "min_err": -0.046237599806435825, "max_err": 0.04623759980643599}