{"features": "0.07,0.12,0.13,0.11,0.12,0.1,0.05,0.11,0.09,0.1", "model_type": "linear", "parameters": "1.0120780374103076,0.0020336559447292624", "x_min": 0.0, "x_max": 0.9916666666666666, "y_min": 0.0, "y_max": 0.99, "min_err": -0.03637349239558822, "max_err": 0.056021472544343975}