{"features": "0.12,0.1,0.1,0.07,0.06,0.12,0.08,0.11,0.13,0.11", "model_type": "linear", "parameters": "0.9396584889467606,0.014208073155574041", "x_min": 0.0, "x_max": 0.9916666666666666, "y_min": 0.0, "y_max": 0.99, "min_err": -0.040647065786747816, "max_err": 0.04396392530555504}