{"features": "0.12,0.12,0.13,0.03,0.05,0.13,0.12,0.08,0.11,0.11", "model_type": "linear", "parameters": "0.9386294407794352,0.029987331213854662", "x_min": 0.0, "x_max": 0.9916666666666666, "y_min": 0.0, "y_max": 0.99, "min_err": -0.04930205160357226, "max_err": 0.0549581005328289}