{"features": "0.12,0.12,0.13,0.11,0.02,0.12,0.08,0.08,0.11,0.11", "model_type": "linear", "parameters": "0.9370773968475119,0.0463741962592536", "x_min": 0.0, "x_max": 0.9916666666666666, "y_min": 0.0, "y_max": 0.99, "min_err": -0.0463741962592536, "max_err": 0.060985866694679036}