{"features": "0.02,0.12,0.1,0.09,0.12,0.08,0.12,0.11,0.13,0.11", "model_type": "linear", "parameters": "1.0613020780644569,-0.08827393373625786", "x_min": 0.08333333333333333, "x_max": 0.9916666666666666, "y_min": 0.0, "y_max": 0.99, "min_err": -0.030818945134675202, "max_err": 0.025816039655671696}