{"features": "0.02,0.12,0.13,0.07,0.06,0.13,0.12,0.11,0.13,0.11", "model_type": "linear", "parameters": "1.0500093520744287,-0.08206763974423809", "x_min": 0.08333333333333333, "x_max": 0.9916666666666666, "y_min": 0.0, "y_max": 0.99, "min_err": -0.04293703629297624, "max_err": 0.032064522386095196}