{"features": "0.1,0.04,0.13,0.11,0.12,0.03,0.12,0.11,0.13,0.11", "model_type": "linear", "parameters": "0.9890326555760937,-0.02836311357568294", "x_min": 0.0, "x_max": 0.9916666666666666, "y_min": 0.0, "y_max": 0.99, "min_err": -0.04857260217703829, "max_err": 0.044185664407475914}