{"features": "0.11,0.08,0.13,0.11,0.12,0.03,0.12,0.11,0.13,0.06", "model_type": "linear", "parameters": "1.0054521335677522,0.005261023274707288", "x_min": 0.0, "x_max": 0.9833333333333332, "y_min": 0.0, "y_max": 0.99, "min_err": -0.041774767855895956, "max_err": 0.04039167772114799}