{"features": "0.11,0.08,0.13,0.11,0.12,0.13,0.12,0.08,0.07,0.05", "model_type": "linear", "parameters": "1.093314888882206,-0.00519156166360929", "x_min": 0.0, "x_max": 0.9833333333333332, "y_min": 0.0, "y_max": 0.99, "min_err": -0.047013753145079384, "max_err": 0.03520539500195474}