{"features": "0.07,0.12,0.1,0.09,0.12,0.13,0.1,0.08,0.13,0.06", "model_type": "linear", "parameters": "1.0565018076105992,-0.027968394767246607", "x_min": 0.0, "x_max": 0.9833333333333332, "y_min": 0.0, "y_max": 0.99, "min_err": -0.024198874436286433, "max_err": 0.02363385636018056}