{"features": "0.07,0.1,0.1,0.11,0.12,0.13,0.12,0.08,0.07,0.1", "model_type": "linear", "parameters": "1.059317970270499,-0.033776220160024184", "x_min": 0.0, "x_max": 0.9916666666666666, "y_min": 0.0, "y_max": 0.99, "min_err": -0.03726525258793301, "max_err": 0.039287742457150054}