{"features": "0.07,0.1,0.07,0.09,0.07,0.13,0.12,0.11,0.13,0.11", "model_type": "linear", "parameters": "1.0103397341211224,-0.05563515509601186", "x_min": 0.0, "x_max": 0.9916666666666666, "y_min": 0.0, "y_max": 0.99, "min_err": -0.04953471196454934, "max_err": 0.04371491875923228}