{"features": "0.12,0.12,0.1,0.05,0.11,0.13,0.12,0.08,0.07,0.1", "model_type": "linear", "parameters": "0.9868279482247074,0.022967298099181577", "x_min": 0.0, "x_max": 0.9916666666666666, "y_min": 0.0, "y_max": 0.99, "min_err": -0.034145609859476234, "max_err": 0.03691174073228787}