{"features": "0.12,0.1,0.1,0.11,0.12,0.12,0.06,0.08,0.09,0.1", "model_type": "linear", "parameters": "0.9876551279013718,0.026686860186766193", "x_min": 0.0, "x_max": 0.9916666666666666, "y_min": 0.0, "y_max": 0.99, "min_err": -0.032037394096356864, "max_err": 0.047180981870767025}