{"features": "0.02,0.1,0.1,0.11,0.12,0.12,0.08,0.11,0.13,0.11", "model_type": "linear", "parameters": "1.082279084435253,-0.09980254682087447", "x_min": 0.08333333333333333, "x_max": 0.9916666666666666, "y_min": 0.0, "y_max": 0.99, "min_err": -0.021716842802627423, "max_err": 0.019422699414998995}