{"features": "0.12,0.12,0.13,0.07,0.11,0.1,0.05,0.11,0.13,0.06", "model_type": "linear", "parameters": "0.9814656712260754,0.03739163079084229", "x_min": 0.0, "x_max": 0.9833333333333332, "y_min": 0.0, "y_max": 0.99, "min_err": -0.04170207827489247, "max_err": 0.03826560825416436}