{"features": "0.12,0.08,0.07,0.07,0.06,0.13,0.12,0.11,0.13,0.11", "model_type": "linear", "parameters": "0.959782318856941,-0.016483994090844944", "x_min": 0.0, "x_max": 0.9916666666666666, "y_min": 0.0, "y_max": 0.99, "min_err": -0.06340716533762553, "max_err": 0.05469986122437853}