{"features": "0.12,0.12,0.13,0.11,0.02,0.13,0.12,0.08,0.11,0.06", "model_type": "linear", "parameters": "0.996375839763463,0.034591330709299706", "x_min": 0.0, "x_max": 0.9833333333333332, "y_min": 0.0, "y_max": 0.99, "min_err": -0.034591330709299706, "max_err": 0.04855520138728625}