{"features": "0.07,0.1,0.03,0.08,0.12,0.13,0.12,0.11,0.13,0.11", "model_type": "linear", "parameters": "1.0262115909857317,-0.07326466850834895", "x_min": 0.0, "x_max": 0.9916666666666666, "y_min": 0.0, "y_max": 0.99, "min_err": -0.06880586182022824, "max_err": 0.05222940334406034}