{"features": "0.12,0.1,0.07,0.09,0.12,0.13,0.1,0.05,0.11,0.11", "model_type": "linear", "parameters": "0.976572723500686,0.01159650186716038", "x_min": 0.0, "x_max": 0.9916666666666666, "y_min": 0.0, "y_max": 0.99, "min_err": -0.037120743034055714, "max_err": 0.037355015799048985}