{"features": "0.12,0.1,0.1,0.11,0.12,0.08,0.12,0.11,0.13,0.01", "model_type": "linear", "parameters": "1.0639133176957472,0.003383387781423497", "x_min": 0.0, "x_max": 0.9083333333333332, "y_min": 0.0, "y_max": 0.99, "min_err": -0.023999489770609173, "max_err": 0.020228681978272878}