{"features": "0.11,0.08,0.13,0.07,0.06,0.13,0.12,0.11,0.13,0.06", "model_type": "linear", "parameters": "1.0085975511038774,-0.008458277592685526", "x_min": 0.0, "x_max": 0.9833333333333332, "y_min": 0.0, "y_max": 0.99, "min_err": -0.04584049795925316, "max_err": 0.03391052241413117}