{"features": "0.12,0.1,0.1,0.11,0.12,0.13,0.12,0.05,0.09,0.06", "model_type": "linear", "parameters": "1.0496903742091772,0.014329282810047583", "x_min": 0.0, "x_max": 0.9833333333333332, "y_min": 0.0, "y_max": 0.99, "min_err": -0.03907126131769523, "max_err": 0.047150356318146014}