{"features": "0.06,0.08,0.13,0.11,0.07,0.13,0.12,0.11,0.13,0.06", "model_type": "linear", "parameters": "1.0775638598432993,-0.06084335770250188", "x_min": 0.0, "x_max": 0.9833333333333332, "y_min": 0.0, "y_max": 0.99, "min_err": -0.02793857221914775, "max_err": 0.03}