{"features": "0.12,0.12,0.06,0.08,0.07,0.13,0.12,0.08,0.11,0.11", "model_type": "linear", "parameters": "0.954184220513828,0.01432969891615904", "x_min": 0.0, "x_max": 0.9916666666666666, "y_min": 0.0, "y_max": 0.99, "min_err": -0.04142180917307303, "max_err": 0.04507578112633254}