{"features": "0.12,0.12,0.06,0.04,0.06,0.13,0.12,0.11,0.13,0.11", "model_type": "linear", "parameters": "0.9337762668249102,0.005156533361432403", "x_min": 0.0, "x_max": 0.9916666666666666, "y_min": 0.0, "y_max": 0.99, "min_err": -0.07204466677388749, "max_err": 0.05918086882254764}