{"features": "0.12,0.12,0.13,0.11,0.07,0.13,0.12,0.05,0.05,0.1", "model_type": "linear", "parameters": "1.0018997032904895,0.044562591728984025", "x_min": 0.0, "x_max": 0.9916666666666666, "y_min": 0.0, "y_max": 0.99, "min_err": -0.06297065307859928, "max_err": 0.052361794997236366}