{"features": "0.07,0.12,0.13,0.11,0.02,0.13,0.12,0.11,0.09,0.1", "model_type": "linear", "parameters": "1.0049393518606582,-0.011238198499806618", "x_min": 0.0, "x_max": 0.9916666666666666, "y_min": 0.0, "y_max": 0.99, "min_err": -0.04123147743052247, "max_err": 0.04088796315670451}