{"features": "0.1,0.04,0.13,0.11,0.12,0.08,0.12,0.08,0.11,0.11", "model_type": "linear", "parameters": "1.0126518186050601,-0.027781501354862403", "x_min": 0.0, "x_max": 0.9916666666666666, "y_min": 0.0, "y_max": 0.99, "min_err": -0.04099380174598094, "max_err": 0.041832614959482886}