{"features": "0.12,0.12,0.13,0.03,0.1,0.13,0.12,0.05,0.09,0.11", "model_type": "linear", "parameters": "0.9617219313554397,0.034174907892185136", "x_min": 0.0, "x_max": 0.9916666666666666, "y_min": 0.0, "y_max": 0.99, "min_err": -0.03560985068838474, "max_err": 0.04326546441729695}