{"features": "0.12,0.12,0.06,0.08,0.12,0.13,0.1,0.05,0.11,0.11", "model_type": "linear", "parameters": "0.9659693073348712,0.02046757777174446", "x_min": 0.0, "x_max": 0.9916666666666666, "y_min": 0.0, "y_max": 0.99, "min_err": -0.04245734688336816, "max_err": 0.03608983962232831}