{"features": "0.02,0.12,0.13,0.11,0.12,0.13,0.12,0.11,0.13,0.01", "model_type": "linear", "parameters": "1.2000000000000002,-0.10000000000000003", "x_min": 0.08333333333333333, "x_max": 0.9083333333333332, "y_min": 0.0, "y_max": 0.99, "min_err": -2.220446049250313e-16, "max_err": 1.6653345369377348e-16}