{"features": "0.11,0.08,0.1,0.01,0.1,0.13,0.12,0.11,0.13,0.11", "model_type": "linear", "parameters": "0.9666804648058327,-0.02418796630613279", "x_min": 0.0, "x_max": 0.9916666666666666, "y_min": 0.0, "y_max": 0.99, "min_err": -0.07859556069629742, "max_err": 0.05556317204034866}