{"features": "0.11,0.08,0.1,0.09,0.07,0.13,0.1,0.08,0.13,0.11", "model_type": "linear", "parameters": "0.9707792974747836,-0.005760320947409359", "x_min": 0.0, "x_max": 0.9916666666666666, "y_min": 0.0, "y_max": 0.99, "min_err": -0.02962932778998245, "max_err": 0.03307085095158224}