{"features": "0.12,0.1,0.1,0.11,0.07,0.1,0.05,0.11,0.13,0.11", "model_type": "linear", "parameters": "0.9385575044417265,0.026112313405987353", "x_min": 0.0, "x_max": 0.9916666666666666, "y_min": 0.0, "y_max": 0.99, "min_err": -0.05181731636713838, "max_err": 0.033151494689300565}