{"features": "0.11,0.06,0.1,0.11,0.12,0.13,0.12,0.11,0.13,0.01", "model_type": "linear", "parameters": "1.105803728275448,-0.039011050446351725", "x_min": 0.0, "x_max": 0.9083333333333332, "y_min": 0.0, "y_max": 0.99, "min_err": -0.037439881622510274, "max_err": 0.046860739756731065}