{"features": "0.12,0.12,0.06,0.08,0.12,0.12,0.08,0.11,0.09,0.1", "model_type": "linear", "parameters": "0.9741596376039483,0.016444078027060327", "x_min": 0.0, "x_max": 0.9916666666666666, "y_min": 0.0, "y_max": 0.99, "min_err": -0.0411639572283764, "max_err": 0.03813400955198548}