{"features": "0.07,0.12,0.13,0.11,0.07,0.13,0.1,0.05,0.11,0.11", "model_type": "linear", "parameters": "1.0005363547986994,-0.00026549562535632676", "x_min": 0.0, "x_max": 0.9916666666666666, "y_min": 0.0, "y_max": 0.99, "min_err": -0.033514800040226334, "max_err": 0.03337534779256501}