{"features": "0.12,0.12,0.1,0.05,0.11,0.13,0.12,0.11,0.04,0.1", "model_type": "linear", "parameters": "1.0017181949909466,0.01960123996054658", "x_min": 0.0, "x_max": 0.9916666666666666, "y_min": 0.0, "y_max": 0.99, "min_err": -0.03784291870224765, "max_err": 0.04398124917192259}