{"features": "0.07,0.12,0.13,0.07,0.06,0.13,0.12,0.11,0.09,0.1", "model_type": "linear", "parameters": "1.0097971503849796,-0.017472053820377142", "x_min": 0.0, "x_max": 0.9916666666666666, "y_min": 0.0, "y_max": 0.99, "min_err": -0.037426521372112664, "max_err": 0.030873003692050593}