{"features": "0.11,0.08,0.13,0.11,0.07,0.12,0.06,0.08,0.13,0.11", "model_type": "linear", "parameters": "0.961417450660565,0.015092455878601196", "x_min": 0.0, "x_max": 0.9916666666666666, "y_min": 0.0, "y_max": 0.99, "min_err": -0.03615554387402509, "max_err": 0.03431693967949678}