{"features": "0.07,0.1,0.1,0.11,0.12,0.12,0.08,0.11,0.13,0.06", "model_type": "linear", "parameters": "1.061160009027308,-0.039117204543745066", "x_min": 0.0, "x_max": 0.9833333333333332, "y_min": 0.0, "y_max": 0.99, "min_err": -0.026172797713081897, "max_err": 0.02010719927781557}