{"features": "0.12,0.1,0.1,0.07,0.06,0.13,0.12,0.11,0.13,0.06", "model_type": "linear", "parameters": "0.991460881606278,0.004226863604892328", "x_min": 0.0, "x_max": 0.9833333333333332, "y_min": 0.0, "y_max": 0.99, "min_err": -0.04995730440803131, "max_err": 0.03693399492268612}