{"features": "0.12,0.1,0.07,0.05,0.11,0.08,0.12,0.11,0.13,0.11", "model_type": "linear", "parameters": "0.9466416136554004,-0.0011979791577058085", "x_min": 0.0, "x_max": 0.9916666666666666, "y_min": 0.0, "y_max": 0.99, "min_err": -0.05100962880794435, "max_err": 0.052445045616100416}