{"features": "0.07,0.12,0.13,0.11,0.12,0.08,0.12,0.05,0.09,0.11", "model_type": "linear", "parameters": "1.0111128045181061,0.0025038047993056756", "x_min": 0.0, "x_max": 0.9916666666666666, "y_min": 0.0, "y_max": 0.99, "min_err": -0.04509780856439405, "max_err": 0.041939792941641296}