{"features": "0.11,0.06,0.07,0.09,0.12,0.13,0.12,0.11,0.09,0.1", "model_type": "linear", "parameters": "1.0218308373760814,-0.03635203543556237", "x_min": 0.0, "x_max": 0.9916666666666666, "y_min": 0.0, "y_max": 0.99, "min_err": -0.05425824368979809, "max_err": 0.05119946565422226}