{"features": "0.11,0.08,0.1,0.09,0.07,0.13,0.12,0.11,0.09,0.1", "model_type": "linear", "parameters": "0.9970817848502236,-0.011019005811488458", "x_min": 0.0, "x_max": 0.9916666666666666, "y_min": 0.0, "y_max": 0.99, "min_err": -0.03752188661362332, "max_err": 0.03011751843630217}