{"features": "0.1,0.02,0.1,0.11,0.12,0.13,0.12,0.08,0.11,0.11", "model_type": "linear", "parameters": "1.0418332841768807,-0.060210321025929436", "x_min": 0.0, "x_max": 0.9916666666666666, "y_min": 0.0, "y_max": 0.99, "min_err": -0.050248000018290745, "max_err": 0.07207282471266338}