{"features": "0.12,0.1,0.07,0.09,0.12,0.13,0.12,0.11,0.04,0.1", "model_type": "linear", "parameters": "1.0205818520388426,0.002144013952908863", "x_min": 0.0, "x_max": 0.9916666666666666, "y_min": 0.0, "y_max": 0.99, "min_err": -0.04233796463252304, "max_err": 0.04587595811504608}