{"features": "0.06,0.08,0.1,0.09,0.12,0.13,0.12,0.11,0.09,0.1", "model_type": "linear", "parameters": "1.070285209780815,-0.07046735250086406", "x_min": 0.0, "x_max": 0.9916666666666666, "y_min": 0.0, "y_max": 0.99, "min_err": -0.03629438409274094, "max_err": 0.03911500518214304}