{"features": "0.06,0.08,0.13,0.07,0.11,0.13,0.12,0.11,0.13,0.06", "model_type": "linear", "parameters": "1.0833529827870783,-0.06834355104928075", "x_min": 0.0, "x_max": 0.9833333333333332, "y_min": 0.0, "y_max": 0.99, "min_err": -0.03305352511200177, "max_err": 0.036120018863475524}