{"features": "0.1,0.04,0.1,0.09,0.12,0.13,0.12,0.11,0.13,0.06", "model_type": "linear", "parameters": "1.066864164863058,-0.06021389246414971", "x_min": 0.0, "x_max": 0.9833333333333332, "y_min": 0.0, "y_max": 0.99, "min_err": -0.04540749582353626, "max_err": 0.07019908009942037}