{"features": "0.07,0.12,0.13,0.11,0.12,0.12,0.08,0.11,0.04,0.1", "model_type": "linear", "parameters": "1.0552445736715175,-0.005801487254941062", "x_min": 0.0, "x_max": 0.9916666666666666, "y_min": 0.0, "y_max": 0.99, "min_err": -0.06150603861061665, "max_err": 0.040242152613222726}