{"features": "0.11,0.08,0.13,0.11,0.07,0.13,0.07,0.06,0.13,0.11", "model_type": "linear", "parameters": "0.9677385219253808,0.015566207262800835", "x_min": 0.0, "x_max": 0.9916666666666666, "y_min": 0.0, "y_max": 0.99, "min_err": -0.04137009870683639, "max_err": 0.037339265802990296}