{"features": "0.05,0.04,0.13,0.11,0.12,0.08,0.12,0.11,0.13,0.11", "model_type": "linear", "parameters": "1.0717554382269945,-0.09848457391819837", "x_min": 0.0, "x_max": 0.9916666666666666, "y_min": 0.0, "y_max": 0.99, "min_err": -0.030141332452967365, "max_err": 0.04}