{"features": "0.12,0.12,0.13,0.03,0.1,0.12,0.08,0.11,0.13,0.06", "model_type": "linear", "parameters": "0.9791597670903759,0.026227261505482546", "x_min": 0.0, "x_max": 0.9833333333333332, "y_min": 0.0, "y_max": 0.99, "min_err": -0.03421049779313906, "max_err": 0.045545814190145306}