{"features": "0.07,0.1,0.1,0.11,0.12,0.13,0.12,0.11,0.09,0.05", "model_type": "linear", "parameters": "1.1086909573319343,-0.04918247822375782", "x_min": 0.0, "x_max": 0.9833333333333332, "y_min": 0.0, "y_max": 0.99, "min_err": -0.030000000000000027, "max_err": 0.025273347113812572}