{"features": "0.11,0.08,0.13,0.11,0.12,0.08,0.07,0.06,0.13,0.11", "model_type": "linear", "parameters": "0.9669339325736943,0.019993705623172597", "x_min": 0.0, "x_max": 0.9916666666666666, "y_min": 0.0, "y_max": 0.99, "min_err": -0.045194155053443374, "max_err": 0.04653932808998029}