{"features": "0.1,0.04,0.13,0.07,0.11,0.13,0.1,0.08,0.13,0.11", "model_type": "linear", "parameters": "1.007002096168917,-0.037452358349314985", "x_min": 0.0, "x_max": 0.9916666666666666, "y_min": 0.0, "y_max": 0.99, "min_err": -0.0321318483877337, "max_err": 0.051927201136646214}