{"features": "0.12,0.12,0.13,0.03,0.1,0.13,0.12,0.11,0.13,0.01", "model_type": "linear", "parameters": "1.0425153793574846,0.012836637047163424", "x_min": 0.0, "x_max": 0.9083333333333332, "y_min": 0.0, "y_max": 0.99, "min_err": -0.04721804511278188, "max_err": 0.03834586466165407}