{"features": "0.1,0.04,0.13,0.03,0.1,0.13,0.12,0.11,0.13,0.11", "model_type": "linear", "parameters": "1.0022510087067318,-0.05206200891909124", "x_min": 0.0, "x_max": 0.9916666666666666, "y_min": 0.0, "y_max": 0.99, "min_err": -0.06554257804204694, "max_err": 0.06689318326608636}