{"features": "0.12,0.12,0.13,0.07,0.11,0.13,0.12,0.05,0.09,0.06", "model_type": "linear", "parameters": "1.0314539503189577,0.031275494835768525", "x_min": 0.0, "x_max": 0.9833333333333332, "y_min": 0.0, "y_max": 0.99, "min_err": -0.04082045343489993, "max_err": 0.04372949201100451}