{"features": "0.12,0.12,0.13,0.07,0.11,0.13,0.1,0.08,0.04,0.1", "model_type": "linear", "parameters": "1.0098886482943847,0.03676302583642288", "x_min": 0.0, "x_max": 0.9916666666666666, "y_min": 0.0, "y_max": 0.99, "min_err": -0.06249428677294211, "max_err": 0.039977875300654}