{"features": "0.12,0.1,0.1,0.03,0.1,0.13,0.12,0.11,0.09,0.1", "model_type": "linear", "parameters": "0.9754303139959136,0.0036269793245584103", "x_min": 0.0, "x_max": 0.9916666666666666, "y_min": 0.0, "y_max": 0.99, "min_err": -0.06005627682285569, "max_err": 0.033801301676122664}