{"features": "0.11,0.08,0.13,0.11,0.12,0.13,0.1,0.05,0.07,0.1", "model_type": "linear", "parameters": "1.0251538951390364,0.01317766928465286", "x_min": 0.0, "x_max": 0.9916666666666666, "y_min": 0.0, "y_max": 0.99, "min_err": -0.052902073162102936, "max_err": 0.053386400622656316}