{"features": "0.12,0.1,0.03,0.04,0.11,0.13,0.12,0.11,0.13,0.11", "model_type": "linear", "parameters": "0.9567940620371943,-0.018878144152476517", "x_min": 0.0, "x_max": 0.9916666666666666, "y_min": 0.0, "y_max": 0.99, "min_err": -0.07978604836302106, "max_err": 0.0600573659655923}