{"features": "0.12,0.12,0.13,0.07,0.11,0.07,0.08,0.08,0.11,0.11", "model_type": "linear", "parameters": "0.9412253868313977,0.04478052329898141", "x_min": 0.0, "x_max": 0.9916666666666666, "y_min": 0.0, "y_max": 0.99, "min_err": -0.04478052329898141, "max_err": 0.04147768109055272}