{"features": "0.07,0.12,0.13,0.03,0.1,0.12,0.08,0.11,0.13,0.11", "model_type": "linear", "parameters": "0.9796858882975196,-0.01892688890274047", "x_min": 0.0, "x_max": 0.9916666666666666, "y_min": 0.0, "y_max": 0.99, "min_err": -0.03927556455455927, "max_err": 0.04052897520604665}