{"features": "0.12,0.1,0.1,0.11,0.12,0.1,0.05,0.08,0.11,0.11", "model_type": "linear", "parameters": "0.9612986816800595,0.0307728449720045", "x_min": 0.0, "x_max": 0.9916666666666666, "y_min": 0.0, "y_max": 0.99, "min_err": -0.03185507970538726, "max_err": 0.05648041306196139}