{"features": "0.07,0.1,0.07,0.09,0.12,0.13,0.12,0.11,0.13,0.06", "model_type": "linear", "parameters": "1.0711477684421487,-0.06199683958991736", "x_min": 0.0, "x_max": 0.9833333333333332, "y_min": 0.0, "y_max": 0.99, "min_err": -0.0450524165574655, "max_err": 0.033472211516225925}