{"features": "0.11,0.08,0.13,0.07,0.06,0.13,0.12,0.08,0.11,0.11", "model_type": "linear", "parameters": "0.9734635212505645,0.0009672629653385001", "x_min": 0.0, "x_max": 0.9916666666666666, "y_min": 0.0, "y_max": 0.99, "min_err": -0.03769902359062072, "max_err": 0.024544896617806677}