{"features": "0.12,0.12,0.13,0.07,0.06,0.12,0.06,0.08,0.13,0.11", "model_type": "linear", "parameters": "0.929212767189944,0.04278311996756057", "x_min": 0.0, "x_max": 0.9916666666666666, "y_min": 0.0, "y_max": 0.99, "min_err": -0.04278311996756057, "max_err": 0.04747929096912484}