{"features": "0.12,0.12,0.13,0.07,0.11,0.13,0.07,0.06,0.13,0.06", "model_type": "linear", "parameters": "1.0009596425174132,0.03664389703056786", "x_min": 0.0, "x_max": 0.9833333333333332, "y_min": 0.0, "y_max": 0.99, "min_err": -0.037363628918627656, "max_err": 0.044391004978801885}