{"features": "0.02,0.12,0.13,0.11,0.12,0.12,0.08,0.11,0.09,0.1", "model_type": "linear", "parameters": "1.085918377910717,-0.06560536259640776", "x_min": 0.08333333333333333, "x_max": 0.9916666666666666, "y_min": 0.0, "y_max": 0.99, "min_err": -0.02981981715508286, "max_err": 0.03215297548182294}