{"features": "0.07,0.1,0.1,0.11,0.02,0.13,0.12,0.11,0.13,0.11", "model_type": "linear", "parameters": "0.9946332737030413,-0.03920095408467522", "x_min": 0.0, "x_max": 0.9916666666666666, "y_min": 0.0, "y_max": 0.99, "min_err": -0.05811568276684542, "max_err": 0.042856290995825885}