{"features": "0.07,0.1,0.1,0.11,0.12,0.1,0.05,0.11,0.13,0.11", "model_type": "linear", "parameters": "0.9981172555716098,-0.024436855087058784", "x_min": 0.0, "x_max": 0.9916666666666666, "y_min": 0.0, "y_max": 0.99, "min_err": -0.04097464862734779, "max_err": 0.04051943313338324}