{"features": "0.12,0.12,0.13,0.11,0.12,0.1,0.05,0.05,0.09,0.11", "model_type": "linear", "parameters": "0.9634535777646362,0.057431500098560906", "x_min": 0.0, "x_max": 0.9916666666666666, "y_min": 0.0, "y_max": 0.99, "min_err": -0.060309481569090995, "max_err": 0.0785826926867732}