{"features": "0.1,0.04,0.13,0.07,0.11,0.13,0.12,0.11,0.09,0.1", "model_type": "linear", "parameters": "1.034807589074141,-0.04353111614733435", "x_min": 0.0, "x_max": 0.9916666666666666, "y_min": 0.0, "y_max": 0.99, "min_err": -0.03763871263355767, "max_err": 0.055920546966773774}