{"features": "0.12,0.12,0.06,0.04,0.11,0.08,0.12,0.11,0.13,0.11", "model_type": "linear", "parameters": "0.9350151931943343,0.008402509875115038", "x_min": 0.0, "x_max": 0.9916666666666666, "y_min": 0.0, "y_max": 0.99, "min_err": -0.05382803923847668, "max_err": 0.05563548510292082}