{"features": "0.06,0.08,0.1,0.05,0.11,0.13,0.12,0.11,0.13,0.11", "model_type": "linear", "parameters": "1.037582529202641,-0.0791289994921281", "x_min": 0.0, "x_max": 0.9916666666666666, "y_min": 0.0, "y_max": 0.99, "min_err": -0.053197054342305594, "max_err": 0.04266378872524135}