{"features": "0.1,0.04,0.13,0.07,0.11,0.12,0.08,0.11,0.13,0.11", "model_type": "linear", "parameters": "0.9997842385190805,-0.03780168377746013", "x_min": 0.0, "x_max": 0.9916666666666666, "y_min": 0.0, "y_max": 0.99, "min_err": -0.028829022642386598, "max_err": 0.05281786588852909}