{"features": "0.07,0.1,0.07,0.09,0.12,0.13,0.12,0.11,0.13,0.06", "model_type": "linear", "parameters": "1.0711477684421493,-0.061996839589917696", "x_min": 0.0, "x_max": 0.9833333333333332, "y_min": 0.0, "y_max": 0.99, "min_err": -0.04505241655746539, "max_err": 0.03347221151622615}