{"features": "0.12,0.12,0.1,0.01,0.05,0.13,0.12,0.11,0.13,0.11", "model_type": "linear", "parameters": "0.9253241621382987,0.01344588395386026", "x_min": 0.0, "x_max": 0.9916666666666666, "y_min": 0.0, "y_max": 0.99, "min_err": -0.0761079650230096, "max_err": 0.05894098859232688}