{"features": "0.07,0.08,0.07,0.11,0.12,0.12,0.08,0.11,0.13,0.11", "model_type": "linear", "parameters": "1.02891259587001,-0.06189894251464306", "x_min": 0.0, "x_max": 0.9916666666666666, "y_min": 0.0, "y_max": 0.99, "min_err": -0.045329206452859455, "max_err": 0.0389877815018915}