{"features": "0.11,0.08,0.13,0.07,0.11,0.12,0.08,0.11,0.09,0.1", "model_type": "linear", "parameters": "0.9939335992878572,0.0030028683525106237", "x_min": 0.0, "x_max": 0.9916666666666666, "y_min": 0.0, "y_max": 0.99, "min_err": -0.01865846823382014, "max_err": 0.018719132240941794}