{"features": "0.12,0.12,0.13,0.11,0.07,0.13,0.07,0.03,0.11,0.11", "model_type": "linear", "parameters": "0.9561063730002954,0.05319918014278008", "x_min": 0.0, "x_max": 0.9916666666666666, "y_min": 0.0, "y_max": 0.99, "min_err": -0.05319918014278008, "max_err": 0.0573641242986922}