{"features": "0.11,0.04,0.07,0.11,0.12,0.13,0.1,0.08,0.13,0.11", "model_type": "linear", "parameters": "1.0094830380931734,-0.04297033571715375", "x_min": 0.0, "x_max": 0.9916666666666666, "y_min": 0.0, "y_max": 0.99, "min_err": -0.05940042380613961, "max_err": 0.058846749209389315}