{"features": "0.07,0.08,0.04,0.09,0.12,0.13,0.12,0.11,0.13,0.11", "model_type": "linear", "parameters": "1.0439497202443269,-0.08743694808631414", "x_min": 0.0, "x_max": 0.9916666666666666, "y_min": 0.0, "y_max": 0.99, "min_err": -0.06054629199512812, "max_err": 0.062144909047629066}