{"features": "0.11,0.08,0.13,0.11,0.12,0.08,0.1,0.08,0.13,0.06", "model_type": "linear", "parameters": "1.0216595165847022,0.00630619790031739", "x_min": 0.0, "x_max": 0.9833333333333332, "y_min": 0.0, "y_max": 0.99, "min_err": -0.026582783997767756, "max_err": 0.032864043807331544}