{"features": "0.11,0.08,0.06,0.08,0.12,0.13,0.12,0.11,0.09,0.1", "model_type": "linear", "parameters": "1.0091176035930687,-0.025956962854921717", "x_min": 0.0, "x_max": 0.9916666666666666, "y_min": 0.0, "y_max": 0.99, "min_err": -0.060415571676101176, "max_err": 0.041863829222166}