{"features": "0.11,0.08,0.13,0.07,0.11,0.08,0.12,0.11,0.09,0.1", "model_type": "linear", "parameters": "0.9894490801657416,0.0011000008172671882", "x_min": 0.0, "x_max": 0.9916666666666666, "y_min": 0.0, "y_max": 0.99, "min_err": -0.028278630913949776, "max_err": 0.024359099044614863}