{"features": "0.05,0.04,0.13,0.11,0.12,0.13,0.12,0.08,0.11,0.11", "model_type": "linear", "parameters": "1.094457529680583,-0.09737513793961555", "x_min": 0.0, "x_max": 0.9916666666666666, "y_min": 0.0, "y_max": 0.99, "min_err": -0.035034450340481596, "max_err": 0.04}