{"features": "0.12,0.12,0.13,0.07,0.11,0.08,0.12,0.08,0.07,0.1", "model_type": "linear", "parameters": "0.9787373976371322,0.039071495600702444", "x_min": 0.0, "x_max": 0.9916666666666666, "y_min": 0.0, "y_max": 0.99, "min_err": -0.039071495600702444, "max_err": 0.03468270518692018}