{"features": "0.12,0.12,0.06,0.08,0.12,0.12,0.08,0.08,0.11,0.11", "model_type": "linear", "parameters": "0.9588255983578678,0.019981818146872832", "x_min": 0.0, "x_max": 0.9916666666666666, "y_min": 0.0, "y_max": 0.99, "min_err": -0.039590350932828755, "max_err": 0.0383019955833091}