{"features": "0.12,0.12,0.13,0.07,0.11,0.13,0.12,0.08,0.02,0.1", "model_type": "linear", "parameters": "1.024342711438224,0.03447258931589847", "x_min": 0.0, "x_max": 0.9916666666666666, "y_min": 0.0, "y_max": 0.99, "min_err": -0.07345340813427037, "max_err": 0.04727037710543347}