{"features": "0.12,0.1,0.1,0.11,0.07,0.03,0.12,0.11,0.13,0.11", "model_type": "linear", "parameters": "0.9305555302689631,0.022355336917555757", "x_min": 0.0, "x_max": 0.9916666666666666, "y_min": 0.0, "y_max": 0.99, "min_err": -0.06517939624111746, "max_err": 0.044843762232389284}