{"features": "0.1,0.04,0.1,0.09,0.07,0.13,0.12,0.11,0.13,0.11", "model_type": "linear", "parameters": "1.0070488028580045,-0.05426120122547001", "x_min": 0.0, "x_max": 0.9916666666666666, "y_min": 0.0, "y_max": 0.99, "min_err": -0.0492632002035322, "max_err": 0.06873254101111968}