{"features": "0.06,0.08,0.1,0.09,0.12,0.08,0.12,0.11,0.13,0.11", "model_type": "linear", "parameters": "1.0302728469282492,-0.06649870157589594", "x_min": 0.0, "x_max": 0.9916666666666666, "y_min": 0.0, "y_max": 0.99, "min_err": -0.034493792465582596, "max_err": 0.03781384511401265}