{"features": "0.12,0.12,0.1,0.09,0.07,0.08,0.12,0.08,0.11,0.11", "model_type": "linear", "parameters": "0.9438985689702697,0.03170311906375922", "x_min": 0.0, "x_max": 0.9916666666666666, "y_min": 0.0, "y_max": 0.99, "min_err": -0.03231061762974974, "max_err": 0.032322238693673344}