{"features": "0.1,0.04,0.13,0.11,0.12,0.13,0.12,0.08,0.07,0.1", "model_type": "linear", "parameters": "1.054948447098936,-0.0320346616965102", "x_min": 0.0, "x_max": 0.9916666666666666, "y_min": 0.0, "y_max": 0.99, "min_err": -0.04379007948664579, "max_err": 0.04291352816409}