{"features": "0.07,0.12,0.13,0.11,0.12,0.07,0.08,0.08,0.11,0.11", "model_type": "linear", "parameters": "0.9914608816062772,0.004226863604892717", "x_min": 0.0, "x_max": 0.9916666666666666, "y_min": 0.0, "y_max": 0.99, "min_err": -0.03684860373874914, "max_err": 0.05004269559196872}