{"features": "0.07,0.12,0.13,0.11,0.12,0.08,0.12,0.08,0.07,0.1", "model_type": "linear", "parameters": "1.0324252361082566,-0.0031451764222338863", "x_min": 0.0, "x_max": 0.9916666666666666, "y_min": 0.0, "y_max": 0.99, "min_err": -0.043244623343667965, "max_err": 0.036932558368105606}