{"features": "0.12,0.1,0.07,0.05,0.11,0.12,0.08,0.11,0.13,0.11", "model_type": "linear", "parameters": "0.9505554543798943,0.0007111637224548883", "x_min": 0.0, "x_max": 0.9916666666666666, "y_min": 0.0, "y_max": 0.99, "min_err": -0.04677593638074412, "max_err": 0.04665467735081674}