{"features": "0.07,0.12,0.13,0.11,0.12,0.13,0.07,0.06,0.13,0.06", "model_type": "linear", "parameters": "1.0563793212545611,-0.006340019545393927", "x_min": 0.0, "x_max": 0.9833333333333332, "y_min": 0.0, "y_max": 0.99, "min_err": -0.03594447139552681, "max_err": 0.050890299719474674}