{"features": "0.11,0.08,0.13,0.11,0.07,0.12,0.08,0.08,0.11,0.11", "model_type": "linear", "parameters": "0.9735917165384252,0.01307210031347944", "x_min": 0.0, "x_max": 0.9916666666666666, "y_min": 0.0, "y_max": 0.99, "min_err": -0.025337386403216977, "max_err": 0.031264684462176784}