{"features": "0.07,0.12,0.13,0.11,0.12,0.13,0.1,0.08,0.04,0.1", "model_type": "linear", "parameters": "1.0655628331408322,-0.006258516089999888", "x_min": 0.0, "x_max": 0.9916666666666666, "y_min": 0.0, "y_max": 0.99, "min_err": -0.07050741428909635, "max_err": 0.045883293996111796}