{"features": "0.12,0.12,0.13,0.11,0.07,0.13,0.12,0.08,0.11,0.01", "model_type": "linear", "parameters": "1.082327386936517,0.02193273795983075", "x_min": 0.0, "x_max": 0.9083333333333332, "y_min": 0.0, "y_max": 0.99, "min_err": -0.02387222707359493, "max_err": 0.027097517483287203}