{"features": "0.12,0.1,0.1,0.11,0.12,0.08,0.12,0.11,0.04,0.1", "model_type": "linear", "parameters": "1.0124780395513309,0.018713455561061354", "x_min": 0.0, "x_max": 0.9916666666666666, "y_min": 0.0, "y_max": 0.99, "min_err": -0.04681832514978124, "max_err": 0.035992161809090706}