{"features": "0.12,0.1,0.03,0.08,0.12,0.12,0.08,0.11,0.13,0.11", "model_type": "linear", "parameters": "0.9583258372844764,-0.007721762142148425", "x_min": 0.0, "x_max": 0.9916666666666666, "y_min": 0.0, "y_max": 0.99, "min_err": -0.06172018361934367, "max_err": 0.04800078926140239}