{"features": "0.1,0.02,0.1,0.11,0.07,0.13,0.12,0.11,0.13,0.11", "model_type": "linear", "parameters": "1.0218255674713703,-0.0665783014561408", "x_min": 0.0, "x_max": 0.9916666666666666, "y_min": 0.0, "y_max": 0.99, "min_err": -0.04433448227954434, "max_err": 0.07994138389578802}