{"features": "0.12,0.12,0.1,0.09,0.12,0.1,0.05,0.11,0.09,0.1", "model_type": "linear", "parameters": "0.9675033656738498,0.035839027707285365", "x_min": 0.0, "x_max": 0.9916666666666666, "y_min": 0.0, "y_max": 0.99, "min_err": -0.035839027707285365, "max_err": 0.0478465370302511}