{"features": "0.12,0.1,0.1,0.11,0.07,0.13,0.12,0.11,0.13,0.01", "model_type": "linear", "parameters": "1.0613020780644569,0.00016790610244693527", "x_min": 0.0, "x_max": 0.9083333333333332, "y_min": 0.0, "y_max": 0.99, "min_err": -0.030818945134675424, "max_err": 0.025816039655671474}