{"features": "0.1,0.02,0.1,0.07,0.11,0.13,0.12,0.11,0.13,0.11", "model_type": "linear", "parameters": "1.0275113595940752,-0.07398441537521921", "x_min": 0.0, "x_max": 0.9916666666666666, "y_min": 0.0, "y_max": 0.99, "min_err": -0.05414531778897874, "max_err": 0.08692106340566357}