{"features": "0.12,0.12,0.13,0.07,0.11,0.12,0.08,0.11,0.13,0.01", "model_type": "linear", "parameters": "1.0518662567930546,0.022098462050122558", "x_min": 0.0, "x_max": 0.9083333333333332, "y_min": 0.0, "y_max": 0.99, "min_err": -0.02334263324549224, "max_err": 0.027279452352192646}