{"features": "0.12,0.08,0.04,0.09,0.12,0.13,0.12,0.11,0.09,0.1", "model_type": "linear", "parameters": "1.0036918250623277,-0.02315590468842671", "x_min": 0.0, "x_max": 0.9916666666666666, "y_min": 0.0, "y_max": 0.99, "min_err": -0.061408036999015814, "max_err": 0.05423803238689151}