{"features": "0.11,0.06,0.1,0.07,0.06,0.13,0.12,0.11,0.13,0.11", "model_type": "linear", "parameters": "0.9764032662508838,-0.029003086221307817", "x_min": 0.0, "x_max": 0.9916666666666666, "y_min": 0.0, "y_max": 0.99, "min_err": -0.059198546904134064, "max_err": 0.05073651385584821}