{"features": "0.12,0.1,0.07,0.09,0.12,0.08,0.12,0.08,0.11,0.11", "model_type": "linear", "parameters": "0.9657483014398802,0.008906688275260255", "x_min": 0.0, "x_max": 0.9916666666666666, "y_min": 0.0, "y_max": 0.99, "min_err": -0.03082278875522032, "max_err": 0.03013526148475973}