{"features": "0.12,0.12,0.13,0.11,0.12,0.13,0.12,0.05,0.09,0.01", "model_type": "linear", "parameters": "1.130490748189863,0.019251810136766023", "x_min": 0.0, "x_max": 0.9083333333333332, "y_min": 0.0, "y_max": 0.99, "min_err": -0.061327433628318384, "max_err": 0.03230088495575234}