{"features": "0.07,0.12,0.13,0.11,0.07,0.13,0.07,0.06,0.13,0.11", "model_type": "linear", "parameters": "0.9864136585246495,0.002204176428727056", "x_min": 0.0, "x_max": 0.9916666666666666, "y_min": 0.0, "y_max": 0.99, "min_err": -0.04201442032221414, "max_err": 0.03840683170921211}