{"features": "0.12,0.1,0.1,0.11,0.12,0.08,0.12,0.11,0.09,0.05", "model_type": "linear", "parameters": "1.040197327406283,0.010441411649906418", "x_min": 0.0, "x_max": 0.9833333333333332, "y_min": 0.0, "y_max": 0.99, "min_err": -0.028628872685875217, "max_err": 0.022727482178191205}