{"features": "0.07,0.1,0.1,0.11,0.12,0.13,0.1,0.08,0.09,0.1", "model_type": "linear", "parameters": "1.0457638279192272,-0.0313677933860112", "x_min": 0.0, "x_max": 0.9916666666666666, "y_min": 0.0, "y_max": 0.99, "min_err": -0.030073163593795582, "max_err": 0.0341919081065265}