{"features": "0.12,0.12,0.13,0.11,0.12,0.13,0.07,0.06,0.13,0.01", "model_type": "linear", "parameters": "1.0858558335397572,0.02898687143918749", "x_min": 0.0, "x_max": 0.9083333333333332, "y_min": 0.0, "y_max": 0.99, "min_err": -0.043378746594005424, "max_err": 0.04615803814713915}