{"features": "0.12,0.12,0.06,0.08,0.12,0.12,0.06,0.08,0.13,0.11", "model_type": "linear", "parameters": "0.947366641686341,0.021711415257532063", "x_min": 0.0, "x_max": 0.9916666666666666, "y_min": 0.0, "y_max": 0.99, "min_err": -0.0375002958196457, "max_err": 0.03934164633493553}