{"features": "0.07,0.12,0.13,0.07,0.11,0.08,0.1,0.08,0.13,0.11", "model_type": "linear", "parameters": "0.9818304822653913,-0.007369930092458621", "x_min": 0.0, "x_max": 0.9916666666666666, "y_min": 0.0, "y_max": 0.99, "min_err": -0.02900293160658496, "max_err": 0.03009310267066151}