{"features": "0.0,0.0,0.11,0.19,0.2,0.21,0.2,0.09,0.0,0.0", "model_type": "linear", "parameters": "2.0000000000000004,-0.5000000000000002", "x_min": 0.25, "x_max": 0.745, "y_min": 0.0, "y_max": 0.99, "min_err": -1.1102230246251565e-16, "max_err": 1.6653345369377348e-16}