{"features": "0.2,0.2,0.21,0.19,0.2,0.0,0.0,0.0,0.0,0.0", "model_type": "linear", "parameters": "1.9999999999999998,5.551115123125783e-17", "x_min": 0.0, "x_max": 0.495, "y_min": 0.0, "y_max": 0.99, "min_err": -1.1102230246251565e-16, "max_err": 1.1102230246251565e-16}