{"features": "0.2,0.2,0.1,0.0,0.0,0.11,0.1,0.09,0.1,0.1", "model_type": "linear", "parameters": "0.8502083007493141,0.12622214954998495", "x_min": 0.0, "x_max": 0.99, "y_min": 0.0, "y_max": 0.99, "min_err": -0.12622214954998495, "max_err": 0.1554768167664331}