{"features": "0.0,0.0,0.06,0.09,0.1,0.21,0.2,0.14,0.1,0.1", "model_type": "linear", "parameters": "1.4999785692855006,-0.43686168616861726", "x_min": 0.25, "x_max": 0.99, "y_min": 0.0, "y_max": 0.99, "min_err": -0.06312759847413302, "max_err": 0.0618777592044919}