{"features": "0.0,0.0,0.11,0.19,0.2,0.0,0.0,0.1,0.2,0.2", "model_type": "linear", "parameters": "1.0768946736822669,-0.17536693436721112", "x_min": 0.25, "x_max": 0.995, "y_min": 0.0, "y_max": 0.99, "min_err": -0.13230407089448915, "max_err": 0.13230407089448898}