{"features": "0.2,0.2,0.16,0.09,0.1,0.11,0.1,0.04,0.0,0.0", "model_type": "linear", "parameters": "1.3034620549605318,0.09255609053093572", "x_min": 0.0, "x_max": 0.74, "y_min": 0.0, "y_max": 0.99, "min_err": -0.09255609053093572, "max_err": 0.08157839572893133}