{"features": "0.1,0.1,0.16,0.19,0.2,0.11,0.1,0.04,0.0,0.0", "model_type": "linear", "parameters": "1.4999785692855,-0.06186704384724201", "x_min": 0.0, "x_max": 0.74, "y_min": 0.0, "y_max": 0.99, "min_err": -0.06312759847413302, "max_err": 0.0618777592044919}