{"features": "0.0,0.0,0.0,0.0,0.0,0.21,0.2,0.19,0.2,0.2", "model_type": "linear", "parameters": "2.0,-1.0000000000000004", "x_min": 0.5, "x_max": 0.995, "y_min": 0.0, "y_max": 0.99, "min_err": 0, "max_err": 5.551115123125783e-16}