{"features": "0.1,0.1,0.05,0.0,0.0,0.21,0.2,0.14,0.1,0.1", "model_type": "linear", "parameters": "0.9816418291413878,-0.053492372032750424", "x_min": 0.0, "x_max": 0.99, "y_min": 0.0, "y_max": 0.99, "min_err": -0.18732854253794345, "max_err": 0.07166696118277649}