{"features": "0.2,0.2,0.1,0.0,0.0,0.0,0.0,0.1,0.2,0.2", "model_type": "linear", "parameters": "0.7142673466763811,0.13965199502850034", "x_min": 0.0, "x_max": 0.995, "y_min": 0.0, "y_max": 0.99, "min_err": -0.17535250503578614, "max_err": 0.17535250503578625}