{"features": "0.1,0.1,0.05,0.0,0.0,0.11,0.1,0.14,0.2,0.2", "model_type": "linear", "parameters": "0.866077732971396,-0.043050791608479855", "x_min": 0.0, "x_max": 0.995, "y_min": 0.0, "y_max": 0.99, "min_err": -0.13998807487721815, "max_err": 0.1713034473019408}