{"features": "0.1,0.1,0.11,0.09,0.1,0.11,0.1,0.09,0.1,0.1", "model_type": "linear", "parameters": "0.9999999999999999,5.551115123125783e-17", "x_min": 0.0, "x_max": 0.99, "y_min": 0.0, "y_max": 0.99, "min_err": -1.1102230246251565e-16, "max_err": 1.1102230246251565e-16}