{"features": "0.0,0.0,0.06,0.09,0.1,0.11,0.1,0.14,0.2,0.2", "model_type": "linear", "parameters": "1.2911888471298711,-0.38785037422504937", "x_min": 0.25, "x_max": 0.995, "y_min": 0.0, "y_max": 0.99, "min_err": -0.08054126112235394, "max_err": 0.0931174713308276}