{"features": "0.1,0.1,0.11,0.09,0.1,0.0,0.0,0.1,0.2,0.2", "model_type": "linear", "parameters": "0.8438967629782284,0.023472683685914875", "x_min": 0.0, "x_max": 0.995, "y_min": 0.0, "y_max": 0.99, "min_err": -0.15639525591958625, "max_err": 0.12685003715074794}