{"features": "0.1,0.1,0.16,0.19,0.2,0.0,0.0,0.05,0.1,0.1", "model_type": "linear", "parameters": "0.9855118172320672,0.06753424927559076", "x_min": 0.0, "x_max": 0.99, "y_min": 0.0, "y_max": 0.99, "min_err": -0.06753424927559076, "max_err": 0.18463740119453598}