{"features": "0.2,0.2,0.16,0.09,0.1,0.0,0.0,0.05,0.1,0.1", "model_type": "linear", "parameters": "0.8707314360172254,0.17174095437860498", "x_min": 0.0, "x_max": 0.99, "y_min": 0.0, "y_max": 0.99, "min_err": -0.17174095437860498, "max_err": 0.14160064197295452}