{"features": "0.0,0.0,0.11,0.19,0.2,0.11,0.1,0.09,0.1,0.1", "model_type": "linear", "parameters": "1.3034620549605318,-0.23330942320919718", "x_min": 0.25, "x_max": 0.99, "y_min": 0.0, "y_max": 0.99, "min_err": -0.09255609053093578, "max_err": 0.08157839572893127}