{"features": "0.1,0.1,0.11,0.09,0.1,0.21,0.2,0.09,0.0,0.0", "model_type": "linear", "parameters": "1.2911888471298711,-0.06505316244258158", "x_min": 0.0, "x_max": 0.745, "y_min": 0.0, "y_max": 0.99, "min_err": -0.08054126112235394, "max_err": 0.0931174713308276}