{"features": "0.16666666666666666,0.16666666666666666,0.0,0.0,0.0,0.0,0.16666666666666666,0.16666666666666666,0.16666666666666666,0.16666666666666666", "model_type": "linear", "parameters": "0.7943653488686042,0.04695196458179729", "x_min": 0.0, "x_max": 0.9933333333333334, "y_min": 0.0, "y_max": 0.9888888888888888, "min_err": -0.1902378405696265, "max_err": 0.15286734443094463}