{"features": "0.08888888888888889,0.07777777777777778,0.16666666666666666,0.16666666666666666,0.0,0.0,0.16666666666666666,0.16666666666666666,0.08888888888888889,0.07777777777777778", "model_type": "linear", "parameters": "0.9888487218995696,0.004414966703102041", "x_min": 0.0, "x_max": 0.9866666666666668, "y_min": 0.0, "y_max": 0.9888888888888888, "min_err": -0.09772419984284386, "max_err": 0.09552675823862272}