{"features": "0.16666666666666666,0.16666666666666666,0.08888888888888889,0.07777777777777778,0.16666666666666666,0.16666666666666666,0.0,0.0,0.08888888888888889,0.07777777777777778", "model_type": "linear", "parameters": "0.9985618805222756,0.09945774503785537", "x_min": 0.0, "x_max": 0.9866666666666668, "y_min": 0.0, "y_max": 0.9888888888888888, "min_err": -0.09945774503785537, "max_err": 0.13028442807448326}