{"features": "0.16666666666666666,0.16666666666666666,0.0,0.0,0.16666666666666666,0.16666666666666666,0.08888888888888889,0.07777777777777778,0.08888888888888889,0.07777777777777778", "model_type": "linear", "parameters": "0.9621454049713339,0.04971945725769433", "x_min": 0.0, "x_max": 0.9866666666666668, "y_min": 0.0, "y_max": 0.9888888888888888, "min_err": -0.10124428591289464, "max_err": 0.08648798667006999}