{"features": "0.08888888888888889,0.07777777777777778,0.08888888888888889,0.07777777777777778,0.16666666666666666,0.16666666666666666,0.16666666666666666,0.16666666666666666,0.0,0.0", "model_type": "linear", "parameters": "1.2799015204444881,-0.09715448056100817", "x_min": 0.0, "x_max": 0.7933333333333334, "y_min": 0.0, "y_max": 0.9888888888888888, "min_err": -0.08147279428345383, "max_err": 0.07065482989726957}