{"features": "0.16666666666666666,0.16666666666666666,0.16666666666666666,0.16666666666666666,0.16666666666666666,0.16666666666666666,0.0,0.0,0.0,0.0", "model_type": "linear", "parameters": "1.6666666666666665,-1.1102230246251565e-16", "x_min": 0.0, "x_max": 0.5933333333333334, "y_min": 0.0, "y_max": 0.9888888888888888, "min_err": -1.1102230246251565e-16, "max_err": 3.3306690738754696e-16}