{"features": "0.0,0.0,0.08888888888888889,0.07777777777777778,0.08888888888888889,0.07777777777777778,0.16666666666666666,0.16666666666666666,0.16666666666666666,0.16666666666666666", "model_type": "linear", "parameters": "1.2799015204444892,-0.35313478464990633", "x_min": 0.2, "x_max": 0.9933333333333334, "y_min": 0.0, "y_max": 0.9888888888888888, "min_err": -0.08147279428345405, "max_err": 0.07065482989726912}