{"features": "0.16666666666666666,0.16666666666666666,0.08888888888888889,0.07777777777777778,0.0,0.0,0.16666666666666666,0.16666666666666666,0.08888888888888889,0.07777777777777778", "model_type": "linear", "parameters": "0.8884070610656206,0.08380295844077967", "x_min": 0.0, "x_max": 0.9866666666666668, "y_min": 0.0, "y_max": 0.9888888888888888, "min_err": -0.11684719508015218, "max_err": 0.07184896267942947}