{"features": "0.0,0.0,0.16666666666666666,0.16666666666666666,0.16666666666666666,0.16666666666666666,0.0,0.0,0.16666666666666666,0.16666666666666666", "model_type": "linear", "parameters": "1.1016629941427953,-0.12615904225599694", "x_min": 0.2, "x_max": 0.9933333333333334, "y_min": 0.0, "y_max": 0.9888888888888888, "min_err": -0.09417355657256213, "max_err": 0.12806122128682718}