{"features": "0.0,0.0,0.08888888888888889,0.07777777777777778,0.16666666666666666,0.16666666666666666,0.08888888888888889,0.07777777777777778,0.16666666666666666,0.16666666666666666", "model_type": "linear", "parameters": "1.2552504545169583,-0.2949686191739983", "x_min": 0.2, "x_max": 0.9933333333333334, "y_min": 0.0, "y_max": 0.9888888888888888, "min_err": -0.04256507777290164, "max_err": 0.04181834646382321}