{"features": "0.08888888888888889,0.07777777777777778,0.0,0.0,0.16666666666666666,0.16666666666666666,0.16666666666666666,0.16666666666666666,0.08888888888888889,0.07777777777777778", "model_type": "linear", "parameters": "1.085074664261375,-0.11560864457361775", "x_min": 0.0, "x_max": 0.9866666666666668, "y_min": 0.0, "y_max": 0.9888888888888888, "min_err": -0.15175455446426564, "max_err": 0.08875623594129328}