{"features": "0.08888888888888889,0.07777777777777778,0.08888888888888889,0.07777777777777778,0.16666666666666666,0.16666666666666666,0.0,0.0,0.16666666666666666,0.16666666666666666", "model_type": "linear", "parameters": "0.954506217055118,-0.01038328813137357", "x_min": 0.0, "x_max": 0.9933333333333334, "y_min": 0.0, "y_max": 0.9888888888888888, "min_err": -0.08655501884605421, "max_err": 0.09959848823422579}