{"features": "0.08888888888888889,0.07777777777777778,0.0,0.0,0.08888888888888889,0.07777777777777778,0.16666666666666666,0.16666666666666666,0.16666666666666666,0.16666666666666666", "model_type": "linear", "parameters": "0.9697242206235016,-0.11540434319211335", "x_min": 0.0, "x_max": 0.9933333333333334, "y_min": 0.0, "y_max": 0.9888888888888888, "min_err": -0.13309685584865444, "max_err": 0.1410338395949905}