{"features": "0.0,0.0,0.08888888888888889,0.07777777777777778,0.16666666666666666,0.16666666666666666,0.16666666666666666,0.16666666666666666,0.08888888888888889,0.07777777777777778", "model_type": "linear", "parameters": "1.43515660369593,-0.36027104397890963", "x_min": 0.2, "x_max": 0.9866666666666668, "y_min": 0.0, "y_max": 0.9888888888888888, "min_err": -0.04712493083279576, "max_err": 0.045479094355498906}