{"features": "0.0,0.0,0.16666666666666666,0.16666666666666666,0.16666666666666666,0.16666666666666666,0.16666666666666666,0.16666666666666666,0.0,0.0", "model_type": "linear", "parameters": "1.6666666666666663,-0.33333333333333337", "x_min": 0.2, "x_max": 0.7933333333333334, "y_min": 0.0, "y_max": 0.9888888888888888, "min_err": 0, "max_err": 4.440892098500626e-16}