{"features": "0.16666666666666666,0.16666666666666666,0.0,0.0,0.16666666666666666,0.16666666666666666,0.0,0.0,0.16666666666666666,0.16666666666666666", "model_type": "linear", "parameters": "0.8585586495617135,0.06802698182879335", "x_min": 0.0, "x_max": 0.9933333333333334, "y_min": 0.0, "y_max": 0.9888888888888888, "min_err": -0.08820723481149761, "max_err": 0.08820723481149759}