{"features": "0.08888888888888889,0.07777777777777778,0.16666666666666666,0.16666666666666666,0.16666666666666666,0.16666666666666666,0.08888888888888889,0.07777777777777778,0.0,0.0", "model_type": "linear", "parameters": "1.4351566036959298,-0.07323972323972339", "x_min": 0.0, "x_max": 0.7866666666666667, "y_min": 0.0, "y_max": 0.9888888888888888, "min_err": -0.047124930832795925, "max_err": 0.045479094355498795}