{"features": "0.16666666666666666,0.16666666666666666,0.08888888888888889,0.07777777777777778,0.08888888888888889,0.07777777777777778,0.16666666666666666,0.16666666666666666,0.0,0.0", "model_type": "linear", "parameters": "1.1110699557991945,0.05495455081720729", "x_min": 0.0, "x_max": 0.7933333333333334, "y_min": 0.0, "y_max": 0.9888888888888888, "min_err": -0.05495455081720729, "max_err": 0.0561647913562871}