{"features": "0.0,0.0,0.16666666666666666,0.16666666666666666,0.16666666666666666,0.16666666666666666,0.08888888888888889,0.07777777777777778,0.08888888888888889,0.07777777777777778", "model_type": "linear", "parameters": "1.2959743668405082,-0.19098199846231323", "x_min": 0.2, "x_max": 0.9866666666666668, "y_min": 0.0, "y_max": 0.9888888888888888, "min_err": -0.06821287490578842, "max_err": 0.0800640450246749}