{"features": "0.0,0.0,0.11,0.19,0.2,0.0,0.0,0.1,0.2,0.2", "model_type": "nn", "parameters": "", "x_min": 0.25, "x_max": 0.995, "y_min": 0.0, "y_max": 0.99, "min_err": -0.13546213567640175, "max_err": 0.13527619174166294}