{"features": "0.0,0.0,0.11,0.19,0.2,0.11,0.1,0.09,0.1,0.1", "model_type": "nn", "parameters": "", "x_min": 0.25, "x_max": 0.99, "y_min": 0.0, "y_max": 0.99, "min_err": -0.10546660218282487, "max_err": 0.07752364432937175}