{"features": "0.1,0.1,0.05,0.0,0.0,0.21,0.2,0.14,0.1,0.1", "model_type": "nn", "parameters": "", "x_min": 0.0, "x_max": 0.99, "y_min": 0.0, "y_max": 0.99, "min_err": -0.11997161520299038, "max_err": 0.12002836336463474}