{"features": "0.2,0.2,0.16,0.09,0.1,0.0,0.0,0.05,0.1,0.1", "model_type": "nn", "parameters": "", "x_min": 0.0, "x_max": 0.99, "y_min": 0.0, "y_max": 0.99, "min_err": -0.17917433880004485, "max_err": 0.16418097422714562}