{"features": "0.2,0.2,0.1,0.0,0.0,0.11,0.1,0.09,0.1,0.1", "model_type": "nn", "parameters": "", "x_min": 0.0, "x_max": 0.99, "y_min": 0.0, "y_max": 0.99, "min_err": -0.10093566213607773, "max_err": 0.17435321764699957}