{"features": "0.1,0.1,0.16,0.19,0.2,0.0,0.0,0.05,0.1,0.1", "model_type": "nn", "parameters": "", "x_min": 0.0, "x_max": 0.99, "y_min": 0.0, "y_max": 0.99, "min_err": -0.027970964770332934, "max_err": 0.23158486867116412}