{"features": "0.0,0.0,0.11,0.19,0.2,0.21,0.2,0.09,0.0,0.0", "model_type": "nn", "parameters": "", "x_min": 0.25, "x_max": 0.745, "y_min": 0.0, "y_max": 0.99, "min_err": -0.042103956688485926, "max_err": 3.617533378558191e-05}