{"features": "0.2,0.2,0.1,0.0,0.0,0.21,0.2,0.09,0.0,0.0", "model_type": "nn", "parameters": "", "x_min": 0.0, "x_max": 0.745, "y_min": 0.0, "y_max": 0.99, "min_err": -0.13593604572066187, "max_err": 0.1349465203343821}