{"features": "0.0,0.0,0.06,0.09,0.1,0.11,0.1,0.14,0.2,0.2", "model_type": "nn", "parameters": "", "x_min": 0.25, "x_max": 0.995, "y_min": 0.0, "y_max": 0.99, "min_err": -0.0005882520415043668, "max_err": 3.106390917548274e-05}