{"features": "0.2,0.2,0.1,0.0,0.0,0.0,0.0,0.1,0.2,0.2", "model_type": "nn", "parameters": "", "x_min": 0.0, "x_max": 0.995, "y_min": 0.0, "y_max": 0.99, "min_err": -0.18261064048047626, "max_err": 0.1812538145017089}