{"features": "0.1,0.1,0.16,0.19,0.2,0.11,0.1,0.04,0.0,0.0", "model_type": "nn", "parameters": "", "x_min": 0.0, "x_max": 0.74, "y_min": 0.0, "y_max": 0.99, "min_err": -0.06000000000000005, "max_err": 0.05618515044425054}