{"features": "0.1,0.1,0.11,0.09,0.1,0.0,0.0,0.1,0.2,0.2", "model_type": "nn", "parameters": "", "x_min": 0.0, "x_max": 0.995, "y_min": 0.0, "y_max": 0.99, "min_err": -0.17526875343703163, "max_err": 0.10156365042422422}