{"features": "0.2,0.2,0.21,0.19,0.2,0.0,0.0,0.0,0.0,0.0", "model_type": "nn", "parameters": "", "x_min": 0.0, "x_max": 0.495, "y_min": 0.0, "y_max": 0.99, "min_err": -0.029658462121720068, "max_err": 0.0006542370638259465}