{"features": "0.1,0.1,0.05,0.0,0.0,0.11,0.1,0.14,0.2,0.2", "model_type": "nn", "parameters": "", "x_min": 0.0, "x_max": 0.995, "y_min": 0.0, "y_max": 0.99, "min_err": -0.16255867024896653, "max_err": 0.17891072818246823}