{"features": "0.0,0.0,0.06,0.09,0.1,0.21,0.2,0.14,0.1,0.1", "model_type": "nn", "parameters": "", "x_min": 0.25, "x_max": 0.99, "y_min": 0.0, "y_max": 0.99, "min_err": -0.06000000000000005, "max_err": 0.0548534786458198}