{"features": "0.11,0.08,0.13,0.07,0.11,0.08,0.12,0.11,0.09,0.1", "model_type": "nn", "parameters": "", "x_min": 0.0, "x_max": 0.9916666666666666, "y_min": 0.0, "y_max": 0.99, "min_err": -0.029285066907397517, "max_err": 0.020945659353222623}