{"features": "0.12,0.12,0.13,0.11,0.02,0.13,0.1,0.08,0.09,0.1", "model_type": "nn", "parameters": "", "x_min": 0.0, "x_max": 0.9916666666666666, "y_min": 0.0, "y_max": 0.99, "min_err": -0.042622197081929596, "max_err": 0.05750537889957125}