{"features": "0.1,0.02,0.1,0.11,0.12,0.13,0.12,0.11,0.13,0.06", "model_type": "nn", "parameters": "", "x_min": 0.0, "x_max": 0.9833333333333332, "y_min": 0.0, "y_max": 0.99, "min_err": -0.03857030231775109, "max_err": 0.03170242474179463}