{"features": "0.12,0.08,0.07,0.11,0.02,0.13,0.12,0.11,0.13,0.11", "model_type": "nn", "parameters": "", "x_min": 0.0, "x_max": 0.9916666666666666, "y_min": 0.0, "y_max": 0.99, "min_err": -0.028278820993303158, "max_err": 0.039793512771176764}