{"features": "0.12,0.1,0.03,0.08,0.12,0.13,0.1,0.08,0.13,0.11", "model_type": "nn", "parameters": "", "x_min": 0.0, "x_max": 0.9916666666666666, "y_min": 0.0, "y_max": 0.99, "min_err": -0.039351265746393575, "max_err": 0.04087188252599244}