{"features": "0.12,0.1,0.1,0.11,0.12,0.12,0.06,0.05,0.11,0.11", "model_type": "nn", "parameters": "", "x_min": 0.0, "x_max": 0.9916666666666666, "y_min": 0.0, "y_max": 0.99, "min_err": -0.03325197828729842, "max_err": 0.05843989792948212}