{"features": "0.12,0.1,0.07,0.09,0.07,0.12,0.08,0.11,0.13,0.11", "model_type": "nn", "parameters": "", "x_min": 0.0, "x_max": 0.9916666666666666, "y_min": 0.0, "y_max": 0.99, "min_err": -0.045062545133113675, "max_err": 0.027532858852018588}