{"features": "0.07,0.12,0.13,0.11,0.07,0.13,0.12,0.11,0.13,0.01", "model_type": "nn", "parameters": "", "x_min": 0.0, "x_max": 0.9083333333333332, "y_min": 0.0, "y_max": 0.99, "min_err": -0.023102598647653294, "max_err": 0.019832711693793248}