{"features": "0.02,0.12,0.13,0.11,0.12,0.03,0.12,0.11,0.13,0.11", "model_type": "nn", "parameters": "", "x_min": 0.08333333333333333, "x_max": 0.9916666666666666, "y_min": 0.0, "y_max": 0.99, "min_err": -0.0434525447423858, "max_err": 0.0423475509038842}