{"features": "0.12,0.12,0.1,0.09,0.07,0.07,0.08,0.11,0.13,0.11", "model_type": "nn", "parameters": "", "x_min": 0.0, "x_max": 0.9916666666666666, "y_min": 0.0, "y_max": 0.99, "min_err": -0.05420398051916964, "max_err": 0.034342276307720354}