{"features": "0.06,0.08,0.13,0.11,0.12,0.13,0.12,0.11,0.09,0.05", "model_type": "nn", "parameters": "", "x_min": 0.0, "x_max": 0.9833333333333332, "y_min": 0.0, "y_max": 0.99, "min_err": -0.06051238168460289, "max_err": 0.013731596469118201}