{"features": "0.12,0.12,0.13,0.11,0.12,0.0,0.05,0.11,0.13,0.11", "model_type": "nn", "parameters": "", "x_min": 0.0, "x_max": 0.9916666666666666, "y_min": 0.0, "y_max": 0.99, "min_err": -0.06460756252415223, "max_err": 0.08702422735064919}