{"features": "0.1,0.02,0.1,0.07,0.11,0.13,0.12,0.11,0.13,0.11", "model_type": "nn", "parameters": "", "x_min": 0.0, "x_max": 0.9916666666666666, "y_min": 0.0, "y_max": 0.99, "min_err": -0.031736669215643915, "max_err": 0.03869139268357118}