{"features": "0.07,0.1,0.1,0.11,0.12,0.12,0.08,0.08,0.11,0.11", "model_type": "nn", "parameters": "", "x_min": 0.0, "x_max": 0.9916666666666666, "y_min": 0.0, "y_max": 0.99, "min_err": -0.026692400841761804, "max_err": 0.03227139026484871}