{"features": "0.12,0.1,0.1,0.03,0.1,0.13,0.12,0.11,0.09,0.1", "model_type": "nn", "parameters": "", "x_min": 0.0, "x_max": 0.9916666666666666, "y_min": 0.0, "y_max": 0.99, "min_err": -0.04019740643756598, "max_err": 0.03192534238780759}