{"features": "0.11,0.04,0.07,0.07,0.11,0.13,0.12,0.11,0.13,0.11", "model_type": "nn", "parameters": "", "x_min": 0.0, "x_max": 0.9916666666666666, "y_min": 0.0, "y_max": 0.99, "min_err": -0.06847317980799303, "max_err": 0.040542417860336466}