{"features": "0.12,0.12,0.13,0.03,0.1,0.13,0.12,0.11,0.13,0.01", "model_type": "nn", "parameters": "", "x_min": 0.0, "x_max": 0.9083333333333332, "y_min": 0.0, "y_max": 0.99, "min_err": -0.05273361193036795, "max_err": 0.0552840298464391}