{"features": "0.12,0.1,0.1,0.07,0.11,0.1,0.05,0.11,0.13,0.11", "model_type": "nn", "parameters": "", "x_min": 0.0, "x_max": 0.9916666666666666, "y_min": 0.0, "y_max": 0.99, "min_err": -0.052117459379999787, "max_err": 0.029834689595378938}