{"features": "0.12,0.12,0.1,0.09,0.12,0.1,0.05,0.11,0.13,0.06", "model_type": "nn", "parameters": "", "x_min": 0.0, "x_max": 0.9833333333333332, "y_min": 0.0, "y_max": 0.99, "min_err": -0.03935306039122122, "max_err": 0.04135426090389671}