{"features": "0.12,0.12,0.06,0.08,0.12,0.13,0.12,0.11,0.09,0.05", "model_type": "nn", "parameters": "", "x_min": 0.0, "x_max": 0.9833333333333332, "y_min": 0.0, "y_max": 0.99, "min_err": -0.10571660193334571, "max_err": 0.07761740935879058}