{"features": "0.02,0.12,0.1,0.09,0.07,0.13,0.12,0.11,0.13,0.11", "model_type": "nn", "parameters": "", "x_min": 0.08333333333333333, "x_max": 0.9916666666666666, "y_min": 0.0, "y_max": 0.99, "min_err": -0.10549251465989566, "max_err": 0.049224968461525076}