{"features": "0.11,0.06,0.1,0.11,0.12,0.03,0.12,0.11,0.13,0.11", "model_type": "nn", "parameters": "", "x_min": 0.0, "x_max": 0.9916666666666666, "y_min": 0.0, "y_max": 0.99, "min_err": -0.049158294806572855, "max_err": 0.03391622478075257}