{"features": "0.02,0.12,0.1,0.09,0.12,0.13,0.12,0.11,0.13,0.06", "model_type": "nn", "parameters": "", "x_min": 0.08333333333333333, "x_max": 0.9833333333333332, "y_min": 0.0, "y_max": 0.99, "min_err": -0.04780780319550735, "max_err": 0.04691991356049538}