{"features": "0.12,0.12,0.13,0.03,0.1,0.13,0.1,0.08,0.09,0.1", "model_type": "nn", "parameters": "", "x_min": 0.0, "x_max": 0.9916666666666666, "y_min": 0.0, "y_max": 0.99, "min_err": -0.03365346126006191, "max_err": 0.0449726459631789}