{"features": "0.02,0.12,0.13,0.11,0.12,0.13,0.12,0.11,0.04,0.1", "model_type": "nn", "parameters": "", "x_min": 0.08333333333333333, "x_max": 0.9916666666666666, "y_min": 0.0, "y_max": 0.99, "min_err": -0.09893902315044079, "max_err": 0.0009900096290829108}