{"features": "0.1,0.04,0.13,0.11,0.12,0.13,0.12,0.11,0.09,0.05", "model_type": "nn", "parameters": "", "x_min": 0.0, "x_max": 0.9833333333333332, "y_min": 0.0, "y_max": 0.99, "min_err": -0.04909681830053736, "max_err": 0.04948348461152717}