{"features": "0.12,0.12,0.06,0.08,0.07,0.13,0.12,0.11,0.13,0.06", "model_type": "nn", "parameters": "", "x_min": 0.0, "x_max": 0.9833333333333332, "y_min": 0.0, "y_max": 0.99, "min_err": -0.06442853628055534, "max_err": 0.05951877932458541}