{"features": "0.12,0.12,0.13,0.11,0.12,0.13,0.1,0.08,0.09,0.0", "model_type": "nn", "parameters": "", "x_min": 0.0, "x_max": 0.8999999999999999, "y_min": 0.0, "y_max": 0.99, "min_err": -0.04923958699797304, "max_err": 0.0006558333466205601}