{"features": "0.11,0.06,0.1,0.11,0.12,0.12,0.08,0.11,0.13,0.06", "model_type": "nn", "parameters": "", "x_min": 0.0, "x_max": 0.9833333333333332, "y_min": 0.0, "y_max": 0.99, "min_err": -0.021549757358054044, "max_err": 0.023277687131215474}