{"features": "0.06,0.08,0.13,0.11,0.07,0.12,0.08,0.11,0.13,0.11", "model_type": "nn", "parameters": "", "x_min": 0.0, "x_max": 0.9916666666666666, "y_min": 0.0, "y_max": 0.99, "min_err": -0.030914036673637346, "max_err": 0.028314672238853866}