{"features": "0.07,0.12,0.13,0.11,0.12,0.08,0.12,0.08,0.07,0.1", "model_type": "nn", "parameters": "", "x_min": 0.0, "x_max": 0.9916666666666666, "y_min": 0.0, "y_max": 0.99, "min_err": -0.06281514603188809, "max_err": 0.031767550167243086}