{"features": "0.01,0.08,0.13,0.11,0.12,0.13,0.12,0.11,0.13,0.06", "model_type": "nn", "parameters": "", "x_min": 0.08333333333333333, "x_max": 0.9833333333333332, "y_min": 0.0, "y_max": 0.99, "min_err": -0.021039469813782907, "max_err": 0.0025935819264572488}