{"features": "0.12,0.1,0.1,0.11,0.12,0.13,0.12,0.11,0.09,0.0", "model_type": "nn", "parameters": "", "x_min": 0.0, "x_max": 0.8999999999999999, "y_min": 0.0, "y_max": 0.99, "min_err": -0.08925189405624777, "max_err": 0.03874554287082954}