{"features": "0.12,0.12,0.13,0.11,0.07,0.03,0.12,0.11,0.13,0.06", "model_type": "nn", "parameters": "", "x_min": 0.0, "x_max": 0.9833333333333332, "y_min": 0.0, "y_max": 0.99, "min_err": -0.05442561813876756, "max_err": 0.058223770750881254}