{"features": "0.11,0.08,0.13,0.11,0.12,0.12,0.06,0.08,0.09,0.1", "model_type": "nn", "parameters": "", "x_min": 0.0, "x_max": 0.9916666666666666, "y_min": 0.0, "y_max": 0.99, "min_err": -0.028206430705771224, "max_err": 0.055448206196901495}