{"features": "0.12,0.12,0.13,0.11,0.07,0.08,0.12,0.11,0.13,0.01", "model_type": "nn", "parameters": "", "x_min": 0.0, "x_max": 0.9083333333333332, "y_min": 0.0, "y_max": 0.99, "min_err": -0.034124824699963585, "max_err": 0.04056203206185255}