{"features": "0.12,0.12,0.1,0.05,0.11,0.1,0.05,0.11,0.13,0.11", "model_type": "nn", "parameters": "", "x_min": 0.0, "x_max": 0.9916666666666666, "y_min": 0.0, "y_max": 0.99, "min_err": -0.053355145142410354, "max_err": 0.037240801662171474}