{"features": "0.11,0.08,0.13,0.03,0.1,0.13,0.12,0.11,0.13,0.06", "model_type": "nn", "parameters": "", "x_min": 0.0, "x_max": 0.9833333333333332, "y_min": 0.0, "y_max": 0.99, "min_err": -0.03371392500586409, "max_err": 0.050325414314751515}