{"features": "0.12,0.12,0.13,0.11,0.07,0.13,0.12,0.08,0.07,0.05", "model_type": "nn", "parameters": "", "x_min": 0.0, "x_max": 0.9833333333333332, "y_min": 0.0, "y_max": 0.99, "min_err": -0.05839312977562283, "max_err": 0.027234358538095804}