{"features": "0.12,0.12,0.13,0.11,0.02,0.13,0.12,0.11,0.09,0.05", "model_type": "nn", "parameters": "", "x_min": 0.0, "x_max": 0.9833333333333332, "y_min": 0.0, "y_max": 0.99, "min_err": -0.037241264523266704, "max_err": 0.046687317123790706}