{"features": "0.0,0.04,0.13,0.11,0.12,0.13,0.12,0.11,0.13,0.11", "model_type": "nn", "parameters": "", "x_min": 0.16666666666666666, "x_max": 0.9916666666666666, "y_min": 0.0, "y_max": 0.99, "min_err": -0.011869699665165314, "max_err": 1.0087426693363571e-05}