{"features": "0.07,0.12,0.13,0.07,0.11,0.08,0.12,0.11,0.13,0.06", "model_type": "nn", "parameters": "", "x_min": 0.0, "x_max": 0.9833333333333332, "y_min": 0.0, "y_max": 0.99, "min_err": -0.0317893669195104, "max_err": 0.028155323212353534}