{"features": "0.12,0.12,0.13,0.07,0.11,0.13,0.1,0.08,0.13,0.01", "model_type": "nn", "parameters": "", "x_min": 0.0, "x_max": 0.9083333333333332, "y_min": 0.0, "y_max": 0.99, "min_err": -0.02030307713833138, "max_err": 0.025130607549393058}