{"features": "0.12,0.12,0.13,0.11,0.12,0.13,0.12,0.11,0.04,0.0", "model_type": "nn", "parameters": "", "x_min": 0.0, "x_max": 0.825, "y_min": 0.0, "y_max": 0.99, "min_err": -0.04215325678184559, "max_err": 0.002581085398532079}