{"features": "0.11,0.08,0.13,0.07,0.11,0.13,0.12,0.11,0.13,0.01", "model_type": "nn", "parameters": "", "x_min": 0.0, "x_max": 0.9083333333333332, "y_min": 0.0, "y_max": 0.99, "min_err": -0.018274547410114556, "max_err": 0.021390847230150944}