{"features": "0.12,0.12,0.13,0.11,0.07,0.13,0.1,0.05,0.07,0.1", "model_type": "nn", "parameters": "", "x_min": 0.0, "x_max": 0.9916666666666666, "y_min": 0.0, "y_max": 0.99, "min_err": -0.0835052130614834, "max_err": 0.033350400602502106}