{"features": "0.11,0.08,0.13,0.11,0.12,0.13,0.1,0.08,0.04,0.1", "model_type": "nn", "parameters": "", "x_min": 0.0, "x_max": 0.9916666666666666, "y_min": 0.0, "y_max": 0.99, "min_err": -0.09063836645697332, "max_err": 0.033289961802372536}