{"features": "0.02,0.12,0.13,0.07,0.06,0.13,0.12,0.11,0.13,0.11", "model_type": "nn", "parameters": "", "x_min": 0.08333333333333333, "x_max": 0.9916666666666666, "y_min": 0.0, "y_max": 0.99, "min_err": -0.11402815814062763, "max_err": 0.09894565511868067}