{"features": "0.12,0.12,0.13,0.07,0.11,0.12,0.08,0.11,0.09,0.05", "model_type": "nn", "parameters": "", "x_min": 0.0, "x_max": 0.9833333333333332, "y_min": 0.0, "y_max": 0.99, "min_err": -0.03377219531048559, "max_err": 0.02827060035799578}