{"features": "0.12,0.12,0.13,0.03,0.1,0.13,0.07,0.06,0.13,0.11", "model_type": "nn", "parameters": "", "x_min": 0.0, "x_max": 0.9916666666666666, "y_min": 0.0, "y_max": 0.99, "min_err": -0.04240550445857261, "max_err": 0.0491656779185386}