{"features": "0.12,0.12,0.13,0.11,0.12,0.02,0.06,0.08,0.13,0.11", "model_type": "nn", "parameters": "", "x_min": 0.0, "x_max": 0.9916666666666666, "y_min": 0.0, "y_max": 0.99, "min_err": -0.05036947385477805, "max_err": 0.0851840369217789}