{"features": "0.02,0.12,0.13,0.11,0.12,0.13,0.12,0.11,0.09,0.05", "model_type": "nn", "parameters": "", "x_min": 0.08333333333333333, "x_max": 0.9833333333333332, "y_min": 0.0, "y_max": 0.99, "min_err": -0.048985516820366115, "max_err": 0.0009473546275190481}