{"features": "0.14,0.14,0.12,0.0,0.1,0.1,0.0,0.13,0.14,0.13", "model_type": "nn", "parameters": "", "x_min": 0.0, "x_max": 0.9928571428571428, "y_min": 0.0, "y_max": 0.99, "min_err": -0.08666523560874229, "max_err": 0.08941469734855606}