{"features": "0.14,0.06,0.03,0.13,0.14,0.15,0.14,0.01,0.07,0.13", "model_type": "nn", "parameters": "", "x_min": 0.0, "x_max": 0.9928571428571428, "y_min": 0.0, "y_max": 0.99, "min_err": -0.09192601230335873, "max_err": 0.09109601350970742}