{"features": "0.0,0.04,0.09,0.13,0.14,0.13,0.07,0.13,0.14,0.13", "model_type": "nn", "parameters": "", "x_min": 0.14285714285714285, "x_max": 0.9928571428571428, "y_min": 0.0, "y_max": 0.99, "min_err": -0.03589160386460266, "max_err": 0.036722438912488053}