{"features": "0.14,0.14,0.15,0.13,0.14,0.15,0.14,0.01,0.0,0.0", "model_type": "nn", "parameters": "", "x_min": 0.0, "x_max": 0.7071428571428571, "y_min": 0.0, "y_max": 0.99, "min_err": -0.11233408207871216, "max_err": 0}