{"features": "0.07,0.11,0.15,0.13,0.04,0.03,0.07,0.13,0.14,0.13", "model_type": "nn", "parameters": "", "x_min": 0.0, "x_max": 0.9928571428571428, "y_min": 0.0, "y_max": 0.99, "min_err": -0.07049202889335882, "max_err": 0.09719865053847959}