{"features": "0.14,0.1,0.08,0.06,0.12,0.15,0.14,0.01,0.07,0.13", "model_type": "nn", "parameters": "", "x_min": 0.0, "x_max": 0.9928571428571428, "y_min": 0.0, "y_max": 0.99, "min_err": -0.05444358487771149, "max_err": 0.08684059744962169}