{"features": "0.07,0.11,0.14,0.06,0.12,0.15,0.14,0.14,0.07,0.0", "model_type": "nn", "parameters": "", "x_min": 0.0, "x_max": 0.8499999999999999, "y_min": 0.0, "y_max": 0.99, "min_err": -0.10299412699746599, "max_err": 0.07714172577130088}