{"features": "0.14,0.06,0.03,0.13,0.14,0.15,0.14,0.14,0.07,0.0", "model_type": "nn", "parameters": "", "x_min": 0.0, "x_max": 0.8499999999999999, "y_min": 0.0, "y_max": 0.99, "min_err": -0.09998658950396588, "max_err": 0.09001341049603412}