{"features": "0.07,0.11,0.15,0.13,0.14,0.1,0.0,0.07,0.1,0.13", "model_type": "nn", "parameters": "", "x_min": 0.0, "x_max": 0.9928571428571428, "y_min": 0.0, "y_max": 0.99, "min_err": -0.0491978274217274, "max_err": 0.13256456777699488}