{"features": "0.07,0.11,0.15,0.13,0.04,0.05,0.14,0.14,0.11,0.06", "model_type": "nn", "parameters": "", "x_min": 0.0, "x_max": 0.9857142857142857, "y_min": 0.0, "y_max": 0.99, "min_err": -0.07241860221512664, "max_err": 0.07365045788483171}