{"features": "0.14,0.14,0.14,0.06,0.12,0.15,0.14,0.08,0.03,0.0", "model_type": "nn", "parameters": "", "x_min": 0.0, "x_max": 0.8428571428571427, "y_min": 0.0, "y_max": 0.99, "min_err": -0.03445801494880241, "max_err": 0.03653495916023841}