{"features": "0.14,0.14,0.15,0.13,0.09,0.08,0.07,0.13,0.07,0.0", "model_type": "nn", "parameters": "", "x_min": 0.0, "x_max": 0.8499999999999999, "y_min": 0.0, "y_max": 0.99, "min_err": -0.05719805695154056, "max_err": 0.07499245246558706}