{"features": "0.14,0.1,0.09,0.13,0.14,0.13,0.07,0.0,0.07,0.13", "model_type": "nn", "parameters": "", "x_min": 0.0, "x_max": 0.9928571428571428, "y_min": 0.0, "y_max": 0.99, "min_err": -0.061896020411093544, "max_err": 0.10764086101852666}