{"features": "0.07,0.11,0.15,0.13,0.09,0.08,0.07,0.13,0.11,0.06", "model_type": "nn", "parameters": "", "x_min": 0.0, "x_max": 0.9857142857142857, "y_min": 0.0, "y_max": 0.99, "min_err": -0.03838295326432409, "max_err": 0.06369329054641137}