{"features": "0.14,0.1,0.08,0.06,0.12,0.13,0.07,0.07,0.1,0.13", "model_type": "nn", "parameters": "", "x_min": 0.0, "x_max": 0.9928571428571428, "y_min": 0.0, "y_max": 0.99, "min_err": -0.0342515804953648, "max_err": 0.033785530496382}