{"features": "0.07,0.11,0.15,0.13,0.09,0.1,0.14,0.01,0.07,0.13", "model_type": "nn", "parameters": "", "x_min": 0.0, "x_max": 0.9928571428571428, "y_min": 0.0, "y_max": 0.99, "min_err": -0.10419691259291008, "max_err": 0.048982471657757765}