{"features": "0.0,0.0,0.03,0.13,0.14,0.15,0.14,0.14,0.14,0.13", "model_type": "nn", "parameters": "", "x_min": 0.2857142857142857, "x_max": 0.9928571428571428, "y_min": 0.0, "y_max": 0.99, "min_err": -7.081568557684092e-05, "max_err": 0.0005557153474320398}