{"features": "0.0,0.08,0.15,0.13,0.09,0.1,0.14,0.08,0.1,0.13", "model_type": "nn", "parameters": "", "x_min": 0.14285714285714285, "x_max": 0.9928571428571428, "y_min": 0.0, "y_max": 0.99, "min_err": -0.042567297233821993, "max_err": 0.041849099378956034}