{"features": "0.14,0.1,0.09,0.13,0.04,0.05,0.14,0.14,0.11,0.06", "model_type": "nn", "parameters": "", "x_min": 0.0, "x_max": 0.9857142857142857, "y_min": 0.0, "y_max": 0.99, "min_err": -0.09009514626999238, "max_err": 0.046023375593112315}