{"features": "0.0,0.04,0.09,0.13,0.14,0.15,0.14,0.14,0.11,0.06", "model_type": "nn", "parameters": "", "x_min": 0.14285714285714285, "x_max": 0.9857142857142857, "y_min": 0.0, "y_max": 0.99, "min_err": -0.049094154811110235, "max_err": 0.0016461799843375535}