{"features": "0.14,0.14,0.15,0.13,0.09,0.1,0.14,0.08,0.03,0.0", "model_type": "nn", "parameters": "", "x_min": 0.0, "x_max": 0.8428571428571427, "y_min": 0.0, "y_max": 0.99, "min_err": -0.03498250035207584, "max_err": 0.05104118629768639}