{"features": "0.14,0.14,0.14,0.06,0.07,0.08,0.07,0.07,0.1,0.13", "model_type": "nn", "parameters": "", "x_min": 0.0, "x_max": 0.9928571428571428, "y_min": 0.0, "y_max": 0.99, "min_err": -0.08519515236574192, "max_err": 0.062955493224845}