{"features": "0.14,0.14,0.15,0.13,0.14,0.1,0.0,0.07,0.07,0.06", "model_type": "nn", "parameters": "", "x_min": 0.0, "x_max": 0.9857142857142857, "y_min": 0.0, "y_max": 0.99, "min_err": -0.08584646483744604, "max_err": 0.14003963131349229}