{"features": "0.14,0.14,0.14,0.06,0.02,0.05,0.14,0.14,0.11,0.06", "model_type": "nn", "parameters": "", "x_min": 0.0, "x_max": 0.9857142857142857, "y_min": 0.0, "y_max": 0.99, "min_err": -0.09862162256475471, "max_err": 0.07356219578941126}