{"features": "0.14,0.1,0.08,0.06,0.12,0.15,0.14,0.14,0.07,0.0", "model_type": "nn", "parameters": "", "x_min": 0.0, "x_max": 0.8499999999999999, "y_min": 0.0, "y_max": 0.99, "min_err": -0.07382083366560305, "max_err": 0.05733644658997461}