{"features": "0.07,0.11,0.15,0.13,0.14,0.13,0.07,0.13,0.07,0.0", "model_type": "nn", "parameters": "", "x_min": 0.0, "x_max": 0.8499999999999999, "y_min": 0.0, "y_max": 0.99, "min_err": -0.027616250122721314, "max_err": 0.050035942220472696}