{"features": "0.07,0.07,0.09,0.13,0.14,0.15,0.14,0.14,0.07,0.0", "model_type": "nn", "parameters": "", "x_min": 0.0, "x_max": 0.8499999999999999, "y_min": 0.0, "y_max": 0.99, "min_err": -0.023743624934110395, "max_err": 0.003744007715143778}