{"features": "0.07,0.07,0.06,0.0,0.1,0.15,0.14,0.14,0.14,0.13", "model_type": "nn", "parameters": "", "x_min": 0.0, "x_max": 0.9928571428571428, "y_min": 0.0, "y_max": 0.99, "min_err": -0.04326510271862766, "max_err": 0.030426897086399507}