{"features": "0.14,0.14,0.14,0.06,0.07,0.1,0.14,0.08,0.07,0.06", "model_type": "nn", "parameters": "", "x_min": 0.0, "x_max": 0.9857142857142857, "y_min": 0.0, "y_max": 0.99, "min_err": -0.06083847220343899, "max_err": 0.05525055979242821}