{"features": "0.0,0.08,0.14,0.06,0.12,0.13,0.07,0.13,0.14,0.13", "model_type": "nn", "parameters": "", "x_min": 0.14285714285714285, "x_max": 0.9928571428571428, "y_min": 0.0, "y_max": 0.99, "min_err": -0.04058118917314657, "max_err": 0.028620640743546755}