{"features": "0.07,0.11,0.14,0.06,0.07,0.08,0.07,0.13,0.14,0.13", "model_type": "nn", "parameters": "", "x_min": 0.0, "x_max": 0.9928571428571428, "y_min": 0.0, "y_max": 0.99, "min_err": -0.06128797840216271, "max_err": 0.06453052102444423}