{"features": "0.0,0.04,0.08,0.06,0.12,0.15,0.14,0.14,0.14,0.13", "model_type": "nn", "parameters": "", "x_min": 0.14285714285714285, "x_max": 0.9928571428571428, "y_min": 0.0, "y_max": 0.99, "min_err": -0.10100560180592677, "max_err": 0.02898394297304646}