{"features": "0.07,0.11,0.15,0.13,0.14,0.15,0.14,0.08,0.03,0.0", "model_type": "nn", "parameters": "", "x_min": 0.0, "x_max": 0.8428571428571427, "y_min": 0.0, "y_max": 0.99, "min_err": -0.050361914871210674, "max_err": 0.017679530823758914}