{"features": "0.14,0.1,0.09,0.13,0.14,0.13,0.07,0.13,0.07,0.0", "model_type": "nn", "parameters": "", "x_min": 0.0, "x_max": 0.8499999999999999, "y_min": 0.0, "y_max": 0.99, "min_err": -0.02866473438110173, "max_err": 0.03996020444905424}