{"features": "0.07,0.11,0.12,0.0,0.05,0.1,0.14,0.14,0.14,0.13", "model_type": "nn", "parameters": "", "x_min": 0.0, "x_max": 0.9928571428571428, "y_min": 0.0, "y_max": 0.99, "min_err": -0.10797417709104618, "max_err": 0.08444247588860365}