{"features": "0.07,0.11,0.12,0.0,0.1,0.13,0.07,0.13,0.14,0.13", "model_type": "nn", "parameters": "", "x_min": 0.0, "x_max": 0.9928571428571428, "y_min": 0.0, "y_max": 0.99, "min_err": -0.07315169754188983, "max_err": 0.07892245237598183}