{"features": "0.07,0.11,0.14,0.06,0.12,0.13,0.07,0.07,0.1,0.13", "model_type": "nn", "parameters": "", "x_min": 0.0, "x_max": 0.9928571428571428, "y_min": 0.0, "y_max": 0.99, "min_err": -0.03793489250113302, "max_err": 0.045456378388636365}