{"features": "0.14,0.06,0.03,0.13,0.14,0.13,0.07,0.07,0.1,0.13", "model_type": "nn", "parameters": "", "x_min": 0.0, "x_max": 0.9928571428571428, "y_min": 0.0, "y_max": 0.99, "min_err": -0.05450804171525453, "max_err": 0.05587865661768754}