{"features": "0.0,0.08,0.15,0.13,0.14,0.15,0.14,0.08,0.07,0.06", "model_type": "nn", "parameters": "", "x_min": 0.14285714285714285, "x_max": 0.9857142857142857, "y_min": 0.0, "y_max": 0.99, "min_err": -0.09642879505040458, "max_err": 0.002895729188111429}