{"features": "0.07,0.07,0.08,0.06,0.12,0.15,0.14,0.08,0.1,0.13", "model_type": "nn", "parameters": "", "x_min": 0.0, "x_max": 0.9928571428571428, "y_min": 0.0, "y_max": 0.99, "min_err": -0.02381757230353776, "max_err": 0.043355392381515756}