{"features": "0.14,0.14,0.15,0.13,0.04,0.05,0.14,0.14,0.07,0.0", "model_type": "nn", "parameters": "", "x_min": 0.0, "x_max": 0.8499999999999999, "y_min": 0.0, "y_max": 0.99, "min_err": -0.06432530750377674, "max_err": 0.08731252857648775}