{"features": "0.0,0.0,0.1125,0.1875,0.2,0.1125,0.1,0.0875,0.1,0.1", "model_type": "linear", "parameters": "1.3050125699040585,-0.23420232414960762", "x_min": 0.25, "x_max": 0.9875, "y_min": 0.0, "y_max": 0.9875, "min_err": -0.09205081832640699, "max_err": 0.0816960391975784}