{"features": "0.1,0.1,0.05,0.0,0.0,0.1125,0.1,0.1375,0.2,0.2", "model_type": "linear", "parameters": "0.8654867689897427,-0.04312226138894981", "x_min": 0.0, "x_max": 0.99375, "y_min": 0.0, "y_max": 0.9875, "min_err": -0.13962112310592156, "max_err": 0.17054478470539303}