{"features": "0.0,0.0,0.1125,0.1875,0.2,0.2125,0.2,0.0875,0.0,0.0", "model_type": "linear", "parameters": "1.9999999999999998,-0.4999999999999999", "x_min": 0.25, "x_max": 0.74375, "y_min": 0.0, "y_max": 0.9875, "min_err": -5.551115123125783e-17, "max_err": 2.220446049250313e-16}