{"features": "0.0,0.0,0.0625,0.0875,0.1,0.2125,0.2,0.1375,0.1,0.1", "model_type": "linear", "parameters": "1.4999665126247397,-0.4366979773625339", "x_min": 0.25, "x_max": 0.9875, "y_min": 0.0, "y_max": 0.9875, "min_err": -0.06328527894983593, "max_err": 0.06172309289397915}