{"features": "0.1,0.1,0.1125,0.0875,0.1,0.0,0.0,0.1,0.2,0.2", "model_type": "linear", "parameters": "0.8431042400122454,0.023455916118169384", "x_min": 0.0, "x_max": 0.99375, "y_min": 0.0, "y_max": 0.9875, "min_err": -0.15578409612735333, "max_err": 0.12620924536966172}