{"features": "0.2,0.2,0.1,0.0,0.0,0.1125,0.1,0.0875,0.1,0.1", "model_type": "linear", "parameters": "0.8509937459660367,0.12542926932407478", "x_min": 0.0, "x_max": 0.9875, "y_min": 0.0, "y_max": 0.9875, "min_err": -0.12542926932407478, "max_err": 0.15464100509670375}