{"features": "0.0,0.0,0.1125,0.1875,0.2,0.0,0.0,0.1,0.2,0.2", "model_type": "linear", "parameters": "1.0768786960911585,-0.1759339391316891", "x_min": 0.25, "x_max": 0.99375, "y_min": 0.0, "y_max": 0.9875, "min_err": -0.13172508293667973, "max_err": 0.13172508293667956}