{"features": "0.1,0.1,0.1625,0.1875,0.2,0.1125,0.1,0.0375,0.0,0.0", "model_type": "linear", "parameters": "1.4999665126247406,-0.06170634920634921", "x_min": 0.0, "x_max": 0.7375, "y_min": 0.0, "y_max": 0.9875, "min_err": -0.06328527894983593, "max_err": 0.061723092893978926}