{"features": "0.1,0.1,0.1125,0.0875,0.1,0.1125,0.1,0.0875,0.1,0.1", "model_type": "linear", "parameters": "0.9999999999999999,5.551115123125783e-17", "x_min": 0.0, "x_max": 0.9875, "y_min": 0.0, "y_max": 0.9875, "min_err": -5.551115123125783e-17, "max_err": 1.1102230246251565e-16}