{"features": "0.2,0.2,0.2125,0.1875,0.2,0.0,0.0,0.0,0.0,0.0", "model_type": "linear", "parameters": "1.9999999999999998,5.551115123125783e-17", "x_min": 0.0, "x_max": 0.49375, "y_min": 0.0, "y_max": 0.9875, "min_err": -5.551115123125783e-17, "max_err": 1.1102230246251565e-16}