{"features": "0.0,0.0,0.0625,0.0875,0.1,0.1125,0.1,0.1375,0.2,0.2", "model_type": "linear", "parameters": "1.28967002153122,-0.3868528115767862", "x_min": 0.25, "x_max": 0.99375, "y_min": 0.0, "y_max": 0.9875, "min_err": -0.08039970457162882, "max_err": 0.09274322768013632}