{"features": "0.1,0.1,0.05,0.0,0.0,0.2125,0.2,0.1375,0.1,0.1", "model_type": "linear", "parameters": "0.9811413326791575,-0.05354289963509251", "x_min": 0.0, "x_max": 0.9875, "y_min": 0.0, "y_max": 0.9875, "min_err": -0.18702776670448623, "max_err": 0.07216583361442452}