{"features": "0.0,0.0,0.0,0.0,0.0,0.2125,0.2,0.1875,0.2,0.2", "model_type": "linear", "parameters": "1.9999999999999998,-0.9999999999999997", "x_min": 0.5, "x_max": 0.99375, "y_min": 0.0, "y_max": 0.9875, "min_err": -2.220446049250313e-16, "max_err": 0}