{"features": "0.2,0.2,0.1,0.0,0.0,0.2125,0.2,0.0875,0.0,0.0", "model_type": "linear", "parameters": "1.0768786960911583,0.09328573489110054", "x_min": 0.0, "x_max": 0.74375, "y_min": 0.0, "y_max": 0.9875, "min_err": -0.13172508293667962, "max_err": 0.13172508293667962}