{"features": "0.1,0.1,0.1625,0.1875,0.2,0.0,0.0,0.05,0.1,0.1", "model_type": "linear", "parameters": "0.9859788604357338,0.06700602446765902", "x_min": 0.0, "x_max": 0.9875, "y_min": 0.0, "y_max": 0.9875, "min_err": -0.06700602446765902, "max_err": 0.18366691319219752}