{"features": "0.2,0.2,0.1,0.0,0.0,0.0,0.0,0.1,0.2,0.2", "model_type": "linear", "parameters": "0.7142570146655058,0.1388535458380768", "x_min": 0.0, "x_max": 0.99375, "y_min": 0.0, "y_max": 0.9875, "min_err": -0.17454630683720618, "max_err": 0.17454630683720612}