{"features": "0.1,0.1,0.1125,0.0875,0.1,0.2125,0.2,0.0875,0.0,0.0", "model_type": "linear", "parameters": "1.28967002153122,-0.06443530619398108", "x_min": 0.0, "x_max": 0.74375, "y_min": 0.0, "y_max": 0.9875, "min_err": -0.08039970457162893, "max_err": 0.09274322768013621}