{"features": "0.08888888888888889,0.07777777777777778,0.16666666666666666,0.16666666666666666,0.0,0.0,0.08888888888888889,0.07777777777777778,0.16666666666666666,0.16666666666666666", "model_type": "nn", "parameters": "", "x_min": 0.0, "x_max": 0.9933333333333334, "y_min": 0.0, "y_max": 0.9888888888888888, "min_err": -0.06475721366468423, "max_err": 0.1304722079812098}