{"features": "0.16666666666666666,0.16666666666666666,0.0,0.0,0.16666666666666666,0.16666666666666666,0.16666666666666666,0.16666666666666666,0.0,0.0", "model_type": "nn", "parameters": "", "x_min": 0.0, "x_max": 0.7933333333333334, "y_min": 0.0, "y_max": 0.9888888888888888, "min_err": -0.1363226815294853, "max_err": 0.08611489621595791}