{"features": "0.08888888888888889,0.07777777777777778,0.16666666666666666,0.16666666666666666,0.08888888888888889,0.07777777777777778,0.08888888888888889,0.07777777777777778,0.08888888888888889,0.07777777777777778", "model_type": "nn", "parameters": "", "x_min": 0.0, "x_max": 0.9866666666666668, "y_min": 0.0, "y_max": 0.9888888888888888, "min_err": -0.04576215965068742, "max_err": 0.07678715620716497}